:020000040800F2
:10000000A8130024AD020008C1E1000871CA00086D
:10001000B9E10008090600086907010800000000AE
:1000200000000000000000000000000061E6000881
:10003000B11000080000000039E20008C1E7000824
:10004000CB020008CB020008CB020008CB0200085C
:10005000CB020008CB020008CB020008CB0200084C
:10006000CB020008CB020008CB020008CB0200083C
:10007000CB020008CB020008CB020008CB0200082C
:10008000CB020008CB020008CB020008CB0200081C
:10009000CB020008CB020008CB020008CB0200080C
:1000A000CB020008CB020008CB020008CB020008FC
:1000B000CB020008CB020008CB020008CB020008EC
:1000C000CB020008CB020008CB020008CB020008DC
:1000D000CB02000849050108CB020008CB0200084A
:1000E000CB020008CB02000800000000CB02000891
:1000F000CB020008CB020008CB020008CB020008AC
:10010000CB020008CB020008CB020008CB0200089B
:10011000CB020008CB020008CB020008CB0200088B
:10012000CB020008CB02000811060008CB02000831
:10013000CB020008CB020008CB020008CB0200086B
:1001400000000000000000000000000000000000AF
:10015000CB020008CB02000821060008590701085D
:10016000CB020008CB020008CB020008CB0200083B
:10017000CB020008CB020008CB0200080000000000
:10018000CB020008CB020008CB020008CB0200081B
:10019000CB020008CB020008CB020008CB0200080B
:1001A000CB020008CB020008CB020008CB020008FB
:1001B000CB020008CB020008CB020008CB020008EB
:1001C000CB020008CB020008CB020008CB020008DB
:1001D000CB020008CB020008CB020008CB020008CB
:1001E000CB020008CB020008CB020008CB020008BB
:1001F000CB020008CB020008CB020008CB020008AB
:10020000CB020008CB020008CB020008CB0200089A
:10021000CB020008CB020008CB020008CB0200088A
:10022000CB020008CB020008CB020008000000004F
:10023000CB020008CB02000800000000CB0200083F
:10024000CB020008CB020008CB020008CB0200085A
:10025000CB020008CB020008CB020008CB0200084A
:10026000CB020008CB020008CB020008CB0200083A
:10027000CB020008CB020008CB02000800000000FF
:10028000CB020008CB020008CB02000800000000EF
:1002900000000000CB020008DFF80CD000F090F85E
:1002A0000048004739080108A81300240748804780
:1002B0000748804707480047FEE7FEE7FEE7FEE7FE
:1002C000FEE7FEE7FEE7FEE7FEE7FEE7C9100008EF
:1002D000B1E80008990200082DE9F05F054600200A
:1002E00092469B4688460646814640241BE02846A7
:1002F00041464746224600F053F853465A46C01A34
:10030000914110D311461846224600F03AF82D1AB2
:1003100067EB01084F4622460120002100F031F82A
:1003200017EB00094E41201EA4F10104DFDC484612
:1003300031462A464346BDE8F09F40EA01039B0749
:1003400003D009E008C9121F08C0042AFAD203E04A
:1003500011F8013B00F8013B521EF9D27047D2B2AE
:1003600001E000F8012B491EFBD270470022F6E79E
:1003700010B513460A4604461946FFF7F0FF20461B
:1003800010BD202A04DB203A00FA02F10020704759
:100390009140C2F1200320FA03F3194390407047C3
:1003A000202A04DB203A21FA02F00021704721FACA
:1003B00002F3D040C2F12002914008431946704731
:1003C0001CB509480090094801900546009C06E0CC
:1003D000E06840F0010394E8070098471034AC420D
:1003E000F6D3FFF75DFF0000F4090108140A0108C5
:1003F00080B584B003900398006842F20001C4F213
:100400000201884209D0FFE70398006842F2001118
:10041000C4F20201884209D1FFE742F20830C4F277
:100420000200006810F4403F09D129E046F208308C
:10043000C5F60200006810F4403F21D0FFE709F044
:10044000F3F80290039840680190B0F5803F0AD01D
:10045000FFE70198B0F5003F05D0FFE70198B0F540
:10046000403F07D00AE00398C1880298B0FBF1F042
:10047000029004E002988008029000E0FFE75FE04D
:100480004FF40020002107F00BF802900398406819
:100490000090B0F5802F32D0FFE70098B0F5002F24
:1004A0002DD0FFE70098B0F5402F28D0FFE7009847
:1004B000B0F5801F23D0FFE70098B0F5A01F1ED035
:1004C000FFE70098B0F5C01F19D0FFE70098B0F51E
:1004D000E01F1FD0FFE70098B0F5001F1ED0FFE718
:1004E0000098B0F5101F1DD0FFE70098B0F5201F51
:1004F0001CD0FFE70098B0F5301F1BD01EE003981A
:1005000041686FF0010000EA51410298B0FBF1F040
:10051000029014E002980009029010E0029840094D
:1005200002900CE002988009029008E00298C0094D
:10053000029004E00298000A029000E0FFE7FFE763
:1005400005F076FF41F20301884217D8FFE70298D1
:1005500042F60151C0F23111884207D3FFE70398F8
:100560000168886840F48070886006E0039801683C
:10057000886820F480708860FFE743E002984008B4
:100580000290029845F61061C0F25F01884209D8D6
:10059000FFE703980068806820F4407003990968B9
:1005A00088602EE002984BF62041C0F2BE018842DE
:1005B0000AD8FFE7039800688068012161F30920E9
:1005C0000399096888601BE0029847F64001C0F271
:1005D0007D1188420AD8FFE70398006880680221ED
:1005E00061F3092003990968886008E003980068AE
:1005F000806840F44070039909688860FFE7FFE76E
:10060000FFE7FFE704B080BDFFE7FEE70000000062
:1006100080B540F2F000C2F2004003F029F980BD3D
:1006200080B540F26810C2F2004003F021F980BDAD
:1006300083B002900298016801201022C4F20202E5
:100640009142009000F0A380FFE70298016801202A
:100650002822C4F202029142009000F09880FFE745
:100660000298016801204022C4F2020291420090E7
:1006700000F08D80FFE70298016801205822C4F243
:1006800002029142009000F08280FFE70298016828
:1006900001207022C4F202029142009077D0FFE75D
:1006A0000298016801208822C4F20202914200905F
:1006B0006DD0FFE7029801680120A022C4F2020277
:1006C0009142009063D0FFE7029801680120B822B0
:1006D000C4F202029142009059D0FFE702980168EB
:1006E000012040F21042C4F20202914200904ED02A
:1006F000FFE702980168012040F22842C4F202029A
:100700009142009043D0FFE702980168012040F237
:100710004042C4F202029142009038D0FFE70298B2
:100720000168012040F25842C4F202029142009056
:100730002DD0FFE702980168012040F27042C4F218
:1007400002029142009022D0FFE702980168012046
:1007500040F28842C4F202029142009017D0FFE7B3
:1007600002980168012040F2A042C4F202029142C4
:1007700000900CD0FFE7029800684FF64831CBF6A6
:10078000FD710844B0FA80F040090090FFE700983E
:10079000C00740B3FFE70298007810384AF6AB2153
:1007A000CAF6AA21A0FB011000090190019800F0EF
:1007B000070140F6C410C0F60100405C0299C8650C
:1007C0000198042807D3FFE702990868042262F31E
:1007D0000900886506E00299086840F2FF329043FC
:1007E0008865FFE705E00299086820F0FF0088654A
:1007F000FFE70298806D03B0704700000000000022
:1008000084B0039003980068019003980168012068
:1008100045F20842C5F60202914200904ED0FFE731
:1008200003980168012045F21C42C5F6020291427C
:10083000009043D0FFE703980168012045F2304261
:10084000C5F602029142009038D0FFE70398016894
:10085000012045F24442C5F60202914200902DD09B
:10086000FFE703980168012045F25842C5F60202ED
:100870009142009022D0FFE703980168012045F2E1
:100880006C42C5F602029142009017D0FFE7039830
:100890000168012045F28042C5F6020291420090B3
:1008A0000CD0FFE7039800684AF66C31CAF2FD717C
:1008B0000844B0FA80F040090090FFE70098C007B4
:1008C00010B3FFE70398007808384CF6CD41CCF61A
:1008D000CC41A0FB011000090290029945F60000EE
:1008E000C5F6020000EB810003990866039945F6FE
:1008F0008000C5F602004866029800F01F01012042
:1009000088400399886635E00398007810384AF6E5
:10091000AB21CAF6AA21A0FB0110000902900198A0
:1009200040F2B841C4F2020188420CD8FFE70198B6
:1009300040F21041C4F20201884204D3FFE702985A
:1009400008300290FFE7029940F60000C4F202006E
:1009500000EB810003990866039940F68000C4F219
:1009600002004866029800F01F01012088400399A8
:100970008866FFE704B0704783B002900298007960
:1009800001900198002800F08A80FFE7019808286C
:1009900000F28580FFE702980168012045F20842D5
:1009A000C5F60202914200904ED0FFE7029801681E
:1009B000012045F21C42C5F602029142009043D04C
:1009C000FFE702980168012045F23042C5F60202B5
:1009D0009142009038D0FFE702980168012045F26B
:1009E0004442C5F60202914200902DD0FFE70298E2
:1009F0000168012045F25842C5F60202914200907A
:100A000022D0FFE702980168012045F26C42C5F64A
:100A100002029142009017D0FFE70298016801207E
:100A200045F28042C5F60202914200900CD0FFE7E9
:100A3000029800684AF66C31CAF2FD710844B0FAB7
:100A400080F040090090FFE70098C00780B1FFE701
:100A5000019945F6FC00C5F6020000EB8100029901
:100A6000C866029945F64010C5F6020008670FE017
:100A7000019940F6FC00C4F2020000EB81000299EB
:100A8000C866029940F64010C4F202000867FFE70A
:100A90000198411E0120884002994867FFE703B092
:100AA000704700000000000085B0049000208DF821
:100AB0000F000498806918BBFFE70498806A0290D1
:100AC00003281BD80299DFE801F0020D02180498F0
:100AD00090F82F00C00720B1FFE701208DF80F002C
:100AE000FFE70CE00498C06AB0F1C07F04D1FFE7D3
:100AF00001208DF80F00FFE701E000E0FFE747E08D
:100B000004988069B0F5005F26D1FFE70498806AF9
:100B1000019003281ED80199DFE801F002060211B6
:100B200001208DF80F0016E0049890F82F00C00700
:100B300020B1FFE701208DF80F00FFE70BE00498DC
:100B4000C06AB0F1C07F04D1FFE701208DF80F002B
:100B5000FFE700E0FFE71AE00498806A00900328AE
:100B600004D3FFE70098032804D00EE001208DF89D
:100B70000F000BE0049890F82F00C00720B1FFE7AA
:100B800001208DF80F00FFE700E0FFE7FFE7FFE738
:100B90009DF80F0005B0704789B008900791069244
:100BA00005930898806D04900898806D03900898CC
:100BB000016801201022C4F202029142029000F06A
:100BC0000381FFE70898016801202822C4F202028D
:100BD0009142029000F0F880FFE708980168012038
:100BE0004022C4F202029142029000F0ED80FFE741
:100BF0000898016801205822C4F202029142029032
:100C000000F0E280FFE70898016801207022C4F23A
:100C100002029142029000F0D780FFE70898016835
:100C200001208822C4F202029142029000F0CC809E
:100C3000FFE7089801680120A022C4F20202914255
:100C4000029000F0C180FFE7089801680120B822F7
:100C5000C4F202029142029000F0B680FFE70898C9
:100C60000168012040F21042C4F202029142029057
:100C700000F0AA80FFE708980168012040F22842AE
:100C8000C4F202029142029000F09E80FFE70898B1
:100C90000168012040F24042C4F2020291420290F7
:100CA00000F09280FFE708980168012040F2584266
:100CB000C4F202029142029000F08680FFE7089899
:100CC0000168012040F27042C4F202029142029097
:100CD0007AD0FFE708980168012040F28842C4F208
:100CE0000202914202906FD0FFE70898016801204C
:100CF00040F2A042C4F202029142029064D0FFE7A7
:100D000008980168012040F2B842C4F20202914200
:100D1000029059D0FFE708980168012045F2084287
:100D2000C5F60202914202904ED0FFE70898016892
:100D3000012045F21C42C5F602029142029043D0C6
:100D4000FFE708980168012045F23042C5F602022B
:100D50009142029038D0FFE708980168012045F2DF
:100D60004442C5F60202914202902DD0FFE7089856
:100D70000168012045F25842C5F6020291420290F4
:100D800022D0FFE708980168012045F26C42C5F6C1
:100D900002029142029017D0FFE7089801680120F3
:100DA00045F28042C5F60202914202900CD0FFE764
:100DB000089800684AF66C31CAF2FD710844B0FA2E
:100DC00080F040090290FFE70298C00770B1FFE78A
:100DD0000898416E806E48600898C06E28B1FFE7A1
:100DE0000898016F406F4860FFE7FFE708980168C7
:100DF00001201022C4F202029142019000F0A3806F
:100E0000FFE70898016801202822C4F202029142FB
:100E1000019000F09880FFE70898016801204022C7
:100E2000C4F202029142019000F08D80FFE7089821
:100E3000016801205822C4F202029142019000F0A0
:100E40008280FFE70898016801207022C4F2020244
:100E50009142019077D0FFE708980168012088222D
:100E6000C4F20202914201906DD0FFE70898016838
:100E70000120A022C4F202029142019063D0FFE758
:100E8000089801680120B822C4F202029142019040
:100E900059D0FFE708980168012040F21042C4F2DF
:100EA0000202914201904ED0FFE7089801680120AC
:100EB00040F22842C4F202029142019043D0FFE77F
:100EC00008980168012040F24042C4F202029142B7
:100ED000019038D0FFE708980168012040F258429D
:100EE000C4F20202914201902DD0FFE708980168F8
:100EF000012040F27042C4F202029142019022D0DD
:100F0000FFE708980168012040F28842C4F202021B
:100F10009142019017D0FFE708980168012040F244
:100F2000A042C4F20202914201900CD0FFE708985F
:100F300000684FF64831CBF6FD710844B0FA80F0F6
:100F400040090190FFE70198C00750B3FFE70898F8
:100F5000C06D00F01F013F20884004998860089808
:100F60000168086820F480200860059808990968DD
:100F7000486008988068402809D1FFE706980899DA
:100F800009688860079808990968C86008E00798A8
:100F9000089909688860069808990968C860FFE799
:100FA00082E008980168012045F20842C5F6020275
:100FB000914200904ED0FFE708980168012045F269
:100FC0001C42C5F602029142009043D0FFE7089808
:100FD0000168012045F23042C5F6020291420090BC
:100FE00038D0FFE708980168012045F24442C5F671
:100FF0000202914200902DD0FFE70898016801207D
:1010000045F25842C5F602029142009022D0FFE715
:1010100008980168012045F26C42C5F6020291422F
:10102000009017D0FFE708980168012045F2804240
:10103000C5F60202914200900CD0FFE708980068C4
:101040004AF66C31CAF2FD710844B0FA80F04009EA
:101050000090FFE70098C00720B3FFE70898C06D35
:1010600000F01F0101208840039948600598089905
:101070000968486008988068402809D1FFE7069809
:10108000089909688860079808990968C86008E0A5
:101090000798089909688860069808990968C860DF
:1010A000FFE700E0FFE7FFE709B07047000000003E
:1010B000704700000000000081B0EFF3108072B6AE
:1010C0000090FFE7FEE7000044F60C01C5F60201C0
:1010D000086840F002000860FFE744F60400C5F627
:1010E000020000688004002801D4FFE7F5E770479C
:1010F00084B002900298406B009002980068D0F88B
:1011000084004FF6FC718843009940EA81000299FF
:101110000968C1F8840002980068D0F8840020F4BF
:101120007F00029A1168926B40EA0240C1F8840085
:101130000298816B00980844009002980068D0F8EB
:1011400088006FF38F00009940EA810002990968D6
:10115000C1F8880002980068D0F8880020F4FE00EA
:10116000029A1168D26B40EA0240C1F888000298E6
:10117000C16B009800EB4100009002980068D0F825
:10118000A0006FF38F00009940EA8100029909687E
:10119000C1F8A00002980068D0F8A00020F4FE007A
:1011A000029A1168126C40EA0240C1F8A00002994C
:1011B000086C496C009A00FB0120009002980068BE
:1011C000D0F8B0006FF38F00009940EA81000299D7
:1011D0000968C1F8B00002980068D0F8B00020F4A7
:1011E000FE00029A1168926C40EA0240C1F8B00019
:1011F0000299886CC96C009A00FB0120009002984B
:101200000068D0F8AC006FF38F00009940EA8100CD
:1012100002990968C1F8AC000299086D496D009AFD
:1012200000FB0120009002980068D0F8F0006FF3F6
:101230008F00009940EA810002990968C1F8F00026
:1012400002980068D0F8F00020F47C10029A11682F
:10125000926D40EA0240C1F8F0000298816D00985A
:1012600000EB4100009002980068D0F8C0006FF3D6
:101270008F00009940EA810002990968C1F8C00016
:1012800002980068D0F8C00020F47C10029A11681F
:10129000D26D40EA0240C1F8C00002980068D0F860
:1012A000C00020F07C50029A1168126E40EA026081
:1012B000C1F8C00002994A6B4AF60040C4F200002F
:1012C00000EB8200C86602998A6BC86E00EB820050
:1012D00008670299CA6B086F00EBC2004867029961
:1012E0000A6C4B6C486F5A4300EB82008867029986
:1012F0008A6CCB6C886F5A4300EB8200C8670299F6
:101300000A6D4B6DC86F5A4300EB8200C1F8800034
:1013100002998A6DD1F8800000EBC200C1F8840008
:101320000299CA6D8B6ED1F884005A4300EB82009B
:10133000C1F8880002990A6E8B6ED1F888005A4372
:1013400000EB8200C1F890000298D0F890004DF2B6
:10135000FD31C4F2000188420FD3FFE70299D1F8B2
:101360009C0040F02000C1F89C000299032081F805
:10137000980001208DF80F0017E00298C06E0190D0
:10138000FFE701980299D1F89010884208D2FFE750
:10139000019900200860FFE7019804300190F0E710
:1013A000FFE700208DF80F00FFE79DF80F0004B065
:1013B000704700000000000080B5A6B02490239183
:1013C00000208DF88B002398006808B1FFE7FFE745
:1013D000FFE7249890F85000012804D1FFE702208D
:1013E0008DF897002DE12499012081F85000FFE746
:1013F000FFE700201D901E902498006842F2000133
:10140000C4F20201884206D1FFE742F20010C4F2A2
:101410000200089002E000200890FFE7089878B9E1
:10142000FFE72499486D40F020004865FFE72499C4
:10143000002081F85000FFE701208DF8970000E1BF
:1014400008980BF06DFB0790249800680BF068FB80
:10145000002840F0E280FFE70798002840F0DD8098
:10146000FFE724980168012042F20002C4F2020260
:10147000914206900CD0FFE7249800684DF6007169
:10148000CBF6FD710844B0FA80F040090690FFE702
:101490000698C10746F20030C5F6020000291CBFBD
:1014A00042F20030C4F20200219023980068002824
:1014B0005ED0FFE72198806820F440402399496876
:1014C00008432199886024980168012042F20002B3
:1014D000C4F20202914205900CD0FFE72498006804
:1014E0004DF60071CBF6FD710844B0FA80F040096A
:1014F0000590FFE70598C10746F20030C5F60200E7
:1015000000291CBF42F20030C4F2020042F2003156
:10151000C4F20201884212D1FFE742F20000C4F295
:1015200002000BF0E5FA039042F20010C4F2020050
:101530000BF0DEFA014603980843049007E046F2F8
:101540000000C5F602000BF0D3FA0490FFE7049800
:1015500068B9FFE72198806840F61F718843239A95
:10156000116892681143084321998860FFE753E0AE
:101570002199886820F440408860249801680120FF
:1015800042F20002C4F20202914202900CD0FFE744
:10159000249800684DF60071CBF6FD710844B0FA4E
:1015A00080F040090290FFE70298C10746F2003040
:1015B000C5F6020000291CBF42F20030C4F202004E
:1015C00042F20031C4F20201884212D1FFE742F236
:1015D0000000C4F202000BF08BFA009042F20010FF
:1015E000C4F202000BF084FA01460098084301900F
:1015F00007E046F20000C5F602000BF079FA019010
:10160000FFE7019838B9FFE72199886840F61F7213
:1016100090438860FFE7FFE708E02499486D40F0B9
:101620002000486501208DF88B00FFE7FFE7249933
:10163000002081F85000FFE79DF88B008DF897009F
:10164000FFE79DF8970026B080BD00000000000075
:1016500080B5AAB02690259100208DF893002190A6
:10166000269890F83800012801D1FFE700E0FFE755
:101670002598C0680021C4F2FF71884201D0FFE7BD
:101680001EE02698006842F20001C4F2020188427E
:1016900001D1FFE7FFE72698006842F20011C4F28B
:1016A0000201884201D1FFE7FFE72698006846F271
:1016B0000001C5F60201884201D1FFE7FFE7FFE71D
:1016C000FFE7269890F85000012804D1FFE7022098
:1016D0008DF89F00F1E32699012081F85000FFE783
:1016E000FFE7269800680BF013FA002840F0D1833A
:1016F000FFE72598C078000600282DD4FFE725983D
:101700000068000330B9FFE725980068C0F38460E3
:101710001E9015E02598006890FAA0F0289028986F
:1017200020B9FFE720208DF8A70005E02898B0FA3F
:1017300080F08DF8A700FFE79DF8A7001E90FFE757
:101740001E9800F01F01012000FA01F2269801689E
:10175000C8691043C861FFE72698006825990A68A0
:1017600049680BF0E5F9269800680BF0D1F9209054
:10177000269800680BF0A4F91F902098002840F0EC
:10178000B580FFE71F98002840F0B080FFE726985B
:101790000068259A116892680BF01AFA41F200006D
:1017A000C5F60040006800F07040B0F1805F0BD1DA
:1017B000FFE72598406926990968C96801F01C016E
:1017C000490888401D901FE026980068C068C00640
:1017D00000280BD4FFE72598406926990968C96855
:1017E00001F01C01490888401C900AE025984069D6
:1017F00026990968C96801F01001490888401C90C1
:10180000FFE71C981D90FFE71D982390259800691D
:10181000042821D0FFE72698006825990A680969FD
:10182000239B0BF041FA26980068259A1169527E95
:10183000013AB2FA82F25209D2070BF051FA269815
:101840000068259A1169127E013AB2FA82F25209B1
:10185000D2020BF015FA48E026980068006E00F0FE
:10186000F84025990968B0EB816F07D1FFE726980A
:101870000168086E20F000400866FFE726980068BF
:10188000406E00F0F84025990968B0EB816F07D1F0
:10189000FFE726980168486E20F000404866FFE7A1
:1018A00026980068806E00F0F84025990968B0EB32
:1018B000816F07D1FFE726980168886E20F000400D
:1018C0008866FFE726980068C06E00F0F84025990A
:1018D0000968B0EB816F07D1FFE726980168C86EF1
:1018E00020F00040C866FFE7FFE7FFE726980068A2
:1018F0000BF0F6F8002840F0CB82FFE7269800684E
:10190000259A1168D2680BF07FF92598C0680021EC
:10191000C4F2FF71884240F05781FFE726980068C3
:101920001B9042F20001C4F20201884240F0A48000
:10193000FFE7259800680221C0F23041884203D1B8
:10194000FFE701201A9094E0259800680421C0F672
:101950006001884205D1FFE74020C1F620101990B0
:1019600084E0259800680821C0F69041884205D19E
:10197000FFE78020C1F65050189074E02598006869
:101980001021C1F2C001884206D1FFE740F20010E9
:10199000C2F28010179063E0259800682021C1F200
:1019A000F041884206D1FFE740F20020C2F2B05079
:1019B000169052E02598006840F20041C2F60021DE
:1019C000884206D1FFE740F60000C2F6306015906D
:1019D00040E02598006840F60001C2F63061884278
:1019E00006D1FFE741F20000C3F2602014902EE020
:1019F0002598006841F20001C3F26021884206D1B7
:101A0000FFE742F20000C3F2906013901CE02598BB
:101A100000680021C4F22131884205D1FFE700208F
:101A2000C4F2527012900CE0259801680022C4F6AE
:101A300084320020914204BF0020C4F6B870129096
:101A4000FFE712981390FFE713981490FFE714989C
:101A50001590FFE715981690FFE716981790FFE787
:101A600017981890FFE718981990FFE719981A909F
:101A7000FFE71A981190A2E02698006842F2001140
:101A8000C4F20201884240F09480FFE72598006884
:101A90000221C0F23041884203D1FFE701201090BB
:101AA00084E0259800680421C0F66001884205D1D1
:101AB000FFE74020C1F620100F9074E025980068E1
:101AC0000821C0F69041884205D1FFE78020C1F689
:101AD00050500E9064E0259800681021C1F2C001BA
:101AE000884206D1FFE740F20010C2F280100D904C
:101AF00053E0259800682021C1F2F041884206D1C8
:101B0000FFE740F20020C2F2B0500C9042E025986E
:101B1000006840F20041C2F60021884206D1FFE78A
:101B200040F60000C2F630600B9030E02598006867
:101B300040F60001C2F63061884206D1FFE741F26B
:101B40000000C3F260200A901EE02598006841F270
:101B50000001C3F26021884206D1FFE742F2000093
:101B6000C3F2906009900CE0259801680022C4F649
:101B700084320020914204BF0020C4F6B87009905E
:101B8000FFE709980A90FFE70A980B90FFE70B9888
:101B90000C90FFE70C980D90FFE70D980E90FFE773
:101BA0000E980F90FFE70F981090FFE7109808909D
:101BB00002E000200890FFE708981190FFE71B98CB
:101BC00011990AF0D5FFFFE72598C0780006002894
:101BD00040F15D81FFE726980168012042F2000292
:101BE000C4F20202914207900CD0FFE726980068E9
:101BF0004DF60071CBF6FD710844B0FA80F0400953
:101C00000790FFE70798C10746F20030C5F60200CB
:101C100000291CBF42F20030C4F202000AF048FF63
:101C20002290269801684FF0010042F20002C4F2AF
:101C30000202914206900CD0FFE7269800684DF60C
:101C40000071CBF6FD710844B0FA80F040090690AF
:101C5000FFE70698C10746F20030C5F602000029EA
:101C60001CBF42F20030C4F2020042F20031C4F262
:101C70000201884212D1FFE742F20000C4F20200E2
:101C80000AF02EFF049042F20010C4F202000AF0A3
:101C900027FF014604980843059007E046F200003C
:101CA000C5F602000AF01CFF0590FFE70598002822
:101CB00040F0E380FFE7259800680021CCF68431EE
:101CC000884255D1FFE79DF88A00000600284FD4CE
:101CD000FFE72698006846F20001C5F60201884237
:101CE00045D1FFE726980168012042F20002C4F2C4
:101CF0000202914203900CD0FFE7269800684DF64F
:101D00000071CBF6FD710844B0FA80F040090390F1
:101D1000FFE70398C10746F20030C5F6020000292C
:101D20001CBF42F20030C4F20200229941F40001CB
:101D30000AF096FF40F20000C2F2004000684FEA4D
:101D4000901042F66351C0F23E51A0FB01104FEAE1
:101D500090114FF0020000EB41002190FFE7219825
:101D600020B1FFE7219801382190F8E7FFE783E0F1
:101D7000259800680021CCF25271884238D1FFE7E3
:101D80009DF88B00C00798BBFFE72698006846F2D5
:101D90000001C5F60201884229D1FFE726980168B3
:101DA000012042F20002C4F20202914202900CD0E1
:101DB000FFE7269800684DF60071CBF6FD710844E8
:101DC000B0FA80F040090290FFE70298C10746F29E
:101DD0000030C5F6020000291CBF42F20030C4F2F8
:101DE0000200229941F080710AF03AFFFFE742E0D9
:101DF000259800680021CCF6B871884239D1FFE7F8
:101E00009DF88A004006002833D4FFE72698006832
:101E100046F20001C5F60201884229D1FFE7269863
:101E20000168012042F20002C4F2020291420190D4
:101E30000CD0FFE7269800684DF60071CBF6FD71D7
:101E40000844B0FA80F040090190FFE70198C1070B
:101E500046F20030C5F6020000291CBF42F20030F5
:101E6000C4F20200229941F480010AF0F9FEFFE772
:101E700000E0FFE7FFE7FFE708E02699486D40F044
:101E80002000486501208DF89300FFE7FFE7FFE79A
:101E900008E02699486D40F02000486501208DF843
:101EA0009300FFE7FFE72699002081F85000FFE745
:101EB0009DF893008DF89F00FFE79DF89F002AB0E2
:101EC00080BD00000000000010B58CB00A9000201A
:101ED0008DF8270006900A9820B9FFE701208DF8B9
:101EE0002F00D1E10A98C06838B1FFE70A98007F57
:101EF000012801D1FFE7FFE7FFE70A98406D50B9DD
:101F0000FFE70A9800F0C4F90A99002088650A9949
:101F100081F85000FFE70A9800680AF0D9FD28B15F
:101F2000FFE70A9800680AF0A7FDFFE70A98006833
:101F30000AF0E6FDE8B9FFE70A9800680AF0A8FD94
:101F400040F20000C2F200400068800942F663518E
:101F5000C0F23E51A0FB0101012000EB9110069060
:101F6000FFE7069820B1FFE7069801380690F8E7EA
:101F7000FFE70A9800680AF0C3FD70B9FFE70A9905
:101F8000486D40F0100048650A99886D40F00100E6
:101F9000886501208DF82700FFE70A9800680AF09D
:101FA000B7FD07900A98406DC006002800F15E81D9
:101FB000FFE70798002840F05981FFE70A98406D35
:101FC00040F0020020F480700A9948650A98006881
:101FD0000AF086FD002870D1FFE70A980168012009
:101FE00042F20002C4F20202914203900CD0FFE7D9
:101FF0000A9800684DF60071CBF6FD710844B0FAFE
:1020000080F040090390FFE70398C10746F20030D3
:10201000C5F6020000291CBF42F20030C4F20200E3
:1020200042F20031C4F20201884212D1FFE742F2CB
:102030000000C4F202000AF053FD019042F20010C9
:10204000C4F202000AF04CFD0146019808430290D8
:1020500007E046F20000C5F602000AF041FD0290DA
:10206000FFE7029840BBFFE70A980168012042F2AF
:102070000002C4F20202914200900CD0FFE70A98DD
:1020800000684DF60071CBF6FD710844B0FA80F09F
:1020900040090090FFE70098C10746F20030C5F6FE
:1020A000020000291CBF42F20030C4F202000A996B
:1020B00049680AF0C5FDFFE7FFE704F0B9F941F20E
:1020C0000401884213D3FFE70A98806810280ED1D4
:1020D000FFE70A994A7D086B40EA42308A6810435C
:1020E000097F40EA014040F00C0008900BE00A999B
:1020F0004A7D086B40EA42308A681043097F40EA13
:1021000001400890FFE70A98007F01280BD1FFE704
:102110000A98016A0020CFF6FE7000EB4141089852
:1021200008430890FFE70A98406A50B1FFE70A9910
:10213000486A896A00F47870014308980843089057
:10214000FFE70A980068C0684CF20301CFF6F0710F
:102150000840089908430A990968C8600A98006805
:102160000AF0D6FC05900A9800680AF0A9FC0490D1
:102170000598002859D1FFE70498002855D1FFE7BA
:102180000A98017DC06A40EA813008900A98006888
:10219000C06844F203018843089908430A99096812
:1021A000C8600A9890F83800012829D1FFE70A98FA
:1021B000406A20B1FFE70A98806A08B9FFE7FFE7A5
:1021C0000A98006800694FF61E01CFF6004100EA48
:1021D00001020A9B1968DC6BD3F840E0D3F844C0D5
:1021E0000020CFF6FF7000EB044040EA0E0040EA0A
:1021F0000C009B6C1843104340F00100086106E09E
:102200000A980168086920F001000861FFE70A9850
:102210000068006920F070400A9A1168526B104300
:1022200008610A98FEF7E4F8FFE70A98C0680128F9
:102230000CD1FFE70A980068006B20F00F000A9AA3
:1022400011689269013A1043086306E00A98016830
:10225000086B20F00F000863FFE70A98406D40F01C
:10226000010020F002000A99486508E00A99486DCB
:1022700040F01000486501208DF82700FFE79DF829
:1022800027008DF82F00FFE79DF82F000CB010BD40
:1022900080B596B015900020149013901290119074
:1022A00010901598006842F20001C4F202018842C1
:1022B00040F08480FFE7FFE744F2D840C5F6020013
:1022C000016841F020010160006800F020000F90DB
:1022D0000F98FFE7FFE744F2E040C5F6020001680F
:1022E00041F001010160006800F001000E900E98BD
:1022F000FFE7FFE744F2E040C5F60200016841F065
:1023000004010160006800F004000D900D98FFE7E3
:10231000FFE744F2E040C5F60200016841F0020127
:102320000160006800F002000C900C98FFE7FFE7E6
:1023300044F2E040C5F60200016841F0200101606E
:10234000006800F020000B900B98FFE7C020109071
:102350000320049011900020059012900020C5F6F3
:10236000020010A9069103F067FE049A05980699E9
:10237000102310931192129040F60000C5F602004F
:1023800003F05AFE049A05980699022310931192BD
:10239000129040F20040C5F6020003F04DFE049A90
:1023A000059806994FF4C05310931192129041F280
:1023B0000040C5F6020003F03FFE70E0159800688B
:1023C00046F20001C5F60201884267D1FFE7FFE748
:1023D00044F2E040C5F60200016841F080710160FE
:1023E000006800F080700A900A98FFE7FFE744F267
:1023F000E040C5F60200016841F02001016000687C
:1024000000F0200009900998FFE7FFE744F2E04060
:10241000C5F60200016841F004010160006800F0A7
:10242000040008900898FFE7FFE744F2E040C5F693
:102430000200016841F080010160006800F0800046
:1024400007900798FFE74FF48A60109003200190EF
:10245000119000200290129041F20040C5F6020057
:1024600010A9039103F0E8FD019A029803991092D4
:102470001192129040F60000C5F6020003F0DCFD58
:10248000019A02980399042310931192129041F635
:102490000040C5F6020003F0CFFDFFE7FFE716B0EE
:1024A00080BD00000000000080B58AB00890079150
:1024B000069200208DF81700089818B1FFE70798DA
:1024C00020B9FFE701208DF8270049E1079800694E
:1024D000012801D1FFE7FFE707980068042801D130
:1024E000FFE706E007988068022801D1FFE7FFE7D1
:1024F000FFE7FFE708984079012804D1FFE70220B1
:102500008DF827002CE1089901204871FFE7FFE7CB
:102510000899022008710798006804287ED1FFE717
:1025200003F08EFF0290069878BBFFE7FFE708985C
:102530000068406B48F20001C2F2000108421ED060
:10254000FFE703F07DFF0299401A022816D3FFE748
:1025500008980068406B48F20001C2F2000108428E
:102560000BD0FFE70899086940F008000861089956
:10257000032008718DF82700F2E0FFE7D7E70798FE
:10258000806908990968086426E0FFE708980068F0
:10259000406BC00FD0B1FFE703F052FF0299401A21
:1025A000022812D3FFE708980068406BC00F58B1AB
:1025B000FFE70899086940F00800086108990320BE
:1025C00008718DF82700CBE0FFE7DFE70798806907
:1025D000089909684864FFE708980068806C0699C4
:1025E00001F0100240F2FF31914088430799C96918
:1025F0009140084308990968886408980068C06C8D
:10260000069901F01002FF21914088430799096A59
:102610009140084308990968C864FFE70798006972
:1026200001281ED1FFE708980068806B0490069887
:1026300000F010011F2000FA01F104988843049073
:102640000798406903900398069901F0100100FA79
:1026500001F1049808430490049808990968886374
:10266000FFE708980068C06B0490069800F010011E
:10267000072000FA01F10498884304900798C06885
:10268000012803D1FFE70020019013E00798C068FC
:10269000022803D1FFE7012001900AE00798806833
:1026A00018B9FFE70120019002E000200190FFE748
:1026B000FFE7FFE70799086889680843019908431D
:1026C00003900398069901F0100100FA01F10498B3
:1026D00008430490049808990968C863069800F0B4
:1026E00010014FF4804000FA01F208980168086870
:1026F000904308600898006800680490069800F00D
:10270000100140F6FE7000FA01F10498884304902D
:102710000798406803900398069901F0100100FAA9
:1027200001F1049808430490049808990968086026
:10273000069800F01001C02000FA01F20898016824
:10274000086890430860089901200871FFE708991C
:1027500000204871FFE79DF817008DF82700FFE77C
:102760009DF827000AB080BD80B582B00090009827
:1027700020B9FFE701208DF8070016E000980079E6
:1027800038B9FFE7009900204871009800F014F86C
:10279000FFE7009902200871009900200861009A63
:1027A000012111718DF80700FFE79DF8070002B0C5
:1027B00080BD00000000000080B588B007900020B8
:1027C000069005900490039002900798006847F2E5
:1027D0000041C4F2000188422BD1FFE7FFE744F239
:1027E000E840C5F60200016841F000510160006850
:1027F00000F0005001900198FFE7FFE744F2E0404D
:10280000C5F60200016841F001010160006800F0B6
:10281000010000900098FFE7302002900320039011
:10282000002004900020C5F6020002A903F004FC79
:10283000FFE708B080BD000080B58AB0089003F0C3
:10284000FFFD0490089828B9FFE701208DF82700C4
:1028500000F0AABC089890F8350002280ED0FFE7D7
:10286000089980204865FFE70899002081F8340026
:10287000FFE701208DF8270000F096BC089801685A
:1028800001201022C4F202029142039000F0A380C2
:10289000FFE70898016801202822C4F20202914251
:1028A000039000F09880FFE708980168012040221B
:1028B000C4F202029142039000F08D80FFE7089875
:1028C000016801205822C4F202029142039000F0F4
:1028D0008280FFE70898016801207022C4F202029A
:1028E0009142039077D0FFE7089801680120882281
:1028F000C4F20202914203906DD0FFE7089801688C
:102900000120A022C4F202029142039063D0FFE7AB
:10291000089801680120B822C4F202029142039093
:1029200059D0FFE708980168012040F21042C4F234
:102930000202914203904ED0FFE7089801680120FF
:1029400040F22842C4F202029142039043D0FFE7D2
:1029500008980168012040F24042C4F2020291420C
:10296000039038D0FFE708980168012040F25842F0
:10297000C4F20202914203902DD0FFE7089801684B
:10298000012040F27042C4F202029142039022D030
:10299000FFE708980168012040F28842C4F2020271
:1029A0009142039017D0FFE708980168012040F298
:1029B000A042C4F20202914203900CD0FFE70898B3
:1029C00000684FF64831CBF6FD710844B0FA80F04C
:1029D00040090390FFE70398C00780B1FFE708981C
:1029E0000168086820F01E000860089801684869BE
:1029F00020F08000486108980068059009E0089878
:102A00000168086820F00E000860089800680590CA
:102A1000FFE70898016801201022C4F202029142E7
:102A2000029000F00381FFE7089801680120282246
:102A3000C4F202029142029000F0F880FFE7089889
:102A4000016801204022C4F202029142029000F08B
:102A5000ED80FFE70898016801205822C4F20202C5
:102A60009142029000F0E280FFE70898016801209F
:102A70007022C4F202029142029000F0D780FFE778
:102A80000898016801208822C4F202029142029053
:102A900000F0CC80FFE7089801680120A022C4F272
:102AA00002029142029000F0C180FFE7089801689D
:102AB0000120B822C4F202029142029000F0B680D6
:102AC000FFE708980168012040F21042C4F20202B8
:102AD0009142029000F0AA80FFE708980168012067
:102AE00040F22842C4F202029142029000F09E801D
:102AF000FFE708980168012040F24042C4F2020258
:102B00009142029000F09280FFE70898016801204E
:102B100040F25842C4F202029142029000F08680D4
:102B2000FFE708980168012040F27042C4F20202F7
:102B3000914202907AD0FFE708980168012040F2A4
:102B40008842C4F20202914202906FD0FFE70898D7
:102B50000168012040F2A042C4F2020291420290B8
:102B600064D0FFE708980168012040F2B842C4F23F
:102B700002029142029059D0FFE7089801680120B3
:102B800045F20842C5F60202914202904ED0FFE79C
:102B900008980168012045F21C42C5F602029142E4
:102BA000029043D0FFE708980168012045F23042C7
:102BB000C5F602029142029038D0FFE708980168FA
:102BC000012045F24442C5F60202914202902DD006
:102BD000FFE708980168012045F25842C5F6020255
:102BE0009142029022D0FFE708980168012045F247
:102BF0006C42C5F602029142029017D0FFE7089896
:102C00000168012045F28042C5F60202914202901D
:102C10000CD0FFE7089800684AF66C31CAF2FD71E3
:102C20000844B0FA80F040090290FFE70298C0071C
:102C300038B1FFE70898016E086820F480700860DA
:102C4000FFE7089800681021C4F20201884200F0F2
:102C50008180FFE7089800682821C4F202018842B9
:102C600078D0FFE7089800684021C4F2020188424A
:102C700070D0FFE7089800685821C4F2020188422A
:102C800068D0FFE7089800687021C4F2020188420A
:102C900060D0FFE7089800688821C4F202018842EA
:102CA00058D0FFE708980068A021C4F202018842CA
:102CB00050D0FFE708980068B821C4F202018842AA
:102CC00048D0FFE70898006840F21041C4F20201C2
:102CD00088423FD0FFE70898006840F22841C4F2DC
:102CE0000201884236D0FFE70898006840F2404170
:102CF000C4F2020188422DD0FFE70898006840F234
:102D00005841C4F20201884224D0FFE708980068C5
:102D100040F27041C4F2020188421BD0FFE70898DC
:102D2000006840F28841C4F20201884212D0FFE7F5
:102D30000898006840F2A041C4F20201884209D01C
:102D4000FFE70898006840F2B841C4F202018842E7
:102D500007D1FFE708980168086820F001000860C3
:102D600006E008980168086820F001000860FFE7A5
:102D7000FFE705980068C007C8B1FFE703F060FBF4
:102D80000499401A062811D3FFE7089920204865C6
:102D90000899032081F83500FFE70899002081F8A1
:102DA0003400FFE701208DF82700FDE1E1E70898F6
:102DB000016801201022C4F202029142019000F049
:102DC000A380FFE70898016801202822C4F20202CC
:102DD0009142019000F09880FFE708980168012077
:102DE0004022C4F202029142019000F08D80FFE780
:102DF0000898016801205822C4F202029142019011
:102E000000F08280FFE70898016801207022C4F278
:102E100002029142019077D0FFE7089801680120F3
:102E20008822C4F20202914201906DD0FFE7089817
:102E300001680120A022C4F202029142019063D0F5
:102E4000FFE7089801680120B822C4F2020291420B
:102E5000019059D0FFE708980168012040F2104224
:102E6000C4F20202914201904ED0FFE70898016837
:102E7000012040F22842C4F202029142019043D064
:102E8000FFE708980168012040F24042C4F20202C4
:102E90009142019038D0FFE708980168012040F284
:102EA0005842C4F20202914201902DD0FFE70898E7
:102EB0000168012040F27042C4F202029142019086
:102EC00022D0FFE708980168012040F28842C4F24E
:102ED00002029142019017D0FFE708980168012093
:102EE00040F2A042C4F20202914201900CD0FFE7EE
:102EF000089800684FF64831CBF6FD710844B0FAE7
:102F000080F040090190FFE70198C00760B1FFE73A
:102F10000898806D07900898C06D00F01F013F2051
:102F20008840079988600BE00898806D06900898A3
:102F3000C06D00F01F010120884006994860FFE73E
:102F40000898016801201022C4F202029142009008
:102F500000F00381FFE70898016801202822C4F2ED
:102F600002029142009000F0F880FFE708980168A3
:102F700001204022C4F202029142009000F0ED8054
:102F8000FFE70898016801205822C4F2020291422A
:102F9000009000F0E280FFE70898016801207022AD
:102FA000C4F202029142009000F0D780FFE7089837
:102FB000016801208822C4F202029142009000F0D0
:102FC000CC80FFE7089801680120A022C4F2020229
:102FD0009142009000F0C180FFE70898016801204D
:102FE000B822C4F202029142009000F0B680FFE7DE
:102FF00008980168012040F21042C4F20202914296
:10300000009000F0AA80FFE708980168012040F2D4
:103010002842C4F202029142009000F09E80FFE735
:1030200008980168012040F24042C4F20202914235
:10303000009000F09280FFE708980168012040F2BC
:103040005842C4F202029142009000F08680FFE7ED
:1030500008980168012040F27042C4F202029142D5
:1030600000907AD0FFE708980168012040F288427A
:10307000C4F20202914200906FD0FFE70898016805
:10308000012040F2A042C4F202029142009064D0BA
:10309000FFE708980168012040F2B842C4F202023A
:1030A0009142009059D0FFE708980168012045F24D
:1030B0000842C5F60202914200904ED0FFE7089800
:1030C0000168012045F21C42C5F6020291420090BF
:1030D00043D0FFE708980168012045F23042C5F669
:1030E00002029142009038D0FFE708980168012061
:1030F00045F24442C5F60202914200902DD0FFE70E
:1031000008980168012045F25842C5F60202914232
:10311000009022D0FFE708980168012045F26C4238
:10312000C5F602029142009017D0FFE708980168A7
:10313000012045F28042C5F60202914200900CD077
:10314000FFE7089800684AF66C31CAF2FD7108443E
:10315000B0FA80F040090090FFE70098C007A0B1E6
:10316000FFE70898416E806E48600898C06E58B1BD
:10317000FFE70898C16E086820F48070086008981E
:10318000016F406F4860FFE7FFE70899012081F871
:103190003500FFE70899002081F83400FFE7FFE7DA
:1031A00000208DF82700FFE79DF827000AB080BDBA
:1031B00080B586B00490049820B9FFE701208DF80F
:1031C000170046E3049890F83500022807D0FFE77F
:1031D00004998020486501208DF8170039E3049890
:1031E000016801201022C4F202029142029000F014
:1031F000A380FFE70498016801202822C4F202029C
:103200009142029000F09880FFE704980168012045
:103210004022C4F202029142029000F08D80FFE74A
:103220000498016801205822C4F2020291420290DF
:1032300000F08280FFE70498016801207022C4F248
:1032400002029142029077D0FFE7049801680120C2
:103250008822C4F20202914202906DD0FFE70498E6
:1032600001680120A022C4F202029142029063D0C0
:10327000FFE7049801680120B822C4F202029142DB
:10328000029059D0FFE704980168012040F21042F3
:10329000C4F20202914202904ED0FFE70498016806
:1032A000012040F22842C4F202029142029043D02F
:1032B000FFE704980168012040F24042C4F2020294
:1032C0009142029038D0FFE704980168012040F253
:1032D0005842C4F20202914202902DD0FFE70498B6
:1032E0000168012040F27042C4F202029142029051
:1032F00022D0FFE704980168012040F28842C4F21E
:1033000002029142029017D0FFE704980168012061
:1033100040F2A042C4F20202914202900CD0FFE7B8
:10332000049800684FF64831CBF6FD710844B0FAB6
:1033300080F040090290FFE70298C007002800F0E3
:103340009D80FFE70499042081F835000498006807
:103350001021C4F20201884200F08180FFE7049846
:1033600000682821C4F20201884278D0FFE704985F
:1033700000684021C4F20201884270D0FFE704983F
:1033800000685821C4F20201884268D0FFE704981F
:1033900000687021C4F20201884260D0FFE70498FF
:1033A00000688821C4F20201884258D0FFE70498DF
:1033B0000068A021C4F20201884250D0FFE70498BF
:1033C0000068B821C4F20201884248D0FFE704989F
:1033D000006840F21041C4F2020188423FD0FFE78A
:1033E0000498006840F22841C4F20201884236D0B5
:1033F000FFE70498006840F24041C4F202018842AD
:103400002DD0FFE70498006840F25841C4F2020151
:10341000884224D0FFE70498006840F27041C4F26B
:10342000020188421BD0FFE70498006840F28841FF
:10343000C4F20201884212D0FFE70498006840F20B
:10344000A041C4F20201884209D0FFE70498006855
:1034500040F2B841C4F20201884207D1FFE7049864
:103460000168086820F00100086006E0049801681F
:10347000086820F001000860FFE7E5E104980168B2
:10348000086820F00E000860049800681021C4F25B
:103490000201884200F08180FFE70498006828213B
:1034A000C4F20201884278D0FFE704980068402106
:1034B000C4F20201884270D0FFE7049800685821E6
:1034C000C4F20201884268D0FFE7049800687021C6
:1034D000C4F20201884260D0FFE7049800688821A6
:1034E000C4F20201884258D0FFE704980068A02186
:1034F000C4F20201884250D0FFE704980068B82166
:10350000C4F20201884248D0FFE70498006840F204
:103510001041C4F2020188423FD0FFE704980068DE
:1035200040F22841C4F20201884236D0FFE70498F5
:10353000006840F24041C4F2020188422DD0FFE70A
:103540000498006840F25841C4F20201884224D035
:10355000FFE70498006840F27041C4F2020188421B
:103560001BD0FFE70498006840F28841C4F20201D2
:10357000884212D0FFE70498006840F2A041C4F2EC
:103580000201884209D0FFE70498006840F2B84180
:10359000C4F20201884207D1FFE704980168086875
:1035A00020F00100086006E004980168086820F037
:1035B00001000860FFE70498016801201022C4F2AE
:1035C00002029142019000F00381FFE70498016834
:1035D00001202822C4F202029142019000F0F880FA
:1035E000FFE70498016801204022C4F202029142E0
:1035F000019000F0ED80FFE7049801680120582257
:10360000C4F202029142019000F0E280FFE70498C8
:10361000016801207022C4F202029142019000F080
:10362000D780FFE70498016801208822C4F20202D3
:103630009142019000F0CC80FFE7049801680120DE
:10364000A022C4F202029142019000F0C180FFE783
:10365000049801680120B822C4F20202914201904C
:1036600000F0B680FFE704980168012040F21042A4
:10367000C4F202029142019000F0AA80FFE7049890
:103680000168012040F22842C4F2020291420190F6
:1036900000F09E80FFE704980168012040F240425C
:1036A000C4F202029142019000F09280FFE7049878
:1036B0000168012040F25842C4F202029142019096
:1036C00000F08680FFE704980168012040F2704214
:1036D000C4F20202914201907AD0FFE70498016897
:1036E000012040F28842C4F20202914201906FD060
:1036F000FFE704980168012040F2A042C4F20202F0
:103700009142019064D0FFE704980168012040F2E3
:10371000B842C4F202029142019059D0FFE70498E6
:103720000168012045F20842C5F60202914201906B
:103730004ED0FFE704980168012045F21C42C5F60F
:1037400002029142019043D0FFE7049801680120F2
:1037500045F23042C5F602029142019038D0FFE7AF
:1037600004980168012045F24442C5F602029142E4
:1037700001902DD0FFE704980168012045F25842DE
:10378000C5F602029142019022D0FFE70498016839
:10379000012045F26C42C5F602029142019017D019
:1037A000FFE704980168012045F28042C5F6020255
:1037B000914201900CD0FFE7049800684AF66C3102
:1037C000CAF2FD710844B0FA80F040090190FFE7A9
:1037D0000198C00728B3FFE70498016E086820F439
:1037E000807008600498806D03900498C06D00F0AC
:1037F0001F0101208840039948600498416E806E43
:1038000048600498C06E58B1FFE70498C16E08681C
:1038100020F4807008600498016F406F4860FFE7F3
:10382000FFE70499012081F83500FFE704990020A3
:1038300081F83400FFE70498006D20B1FFE7049899
:10384000016D8847FFE7FFE7FFE700208DF81700CD
:10385000FFE79DF8170006B080BD000000000000E3
:1038600081B000900098406D01B0704700000000EA
:1038700080B590B00F9000200B9040F20000C2F293
:103880000040006848F2B511C1F64E31A0FB0110AE
:10389000800A0A900F98806D09900F98806D0890AB
:1038A000099800680E90089800680D900F980168BC
:1038B00001201022C4F202029142079000F0A3807E
:1038C000FFE70F98016801202822C4F2020291420A
:1038D000079000F09880FFE70F98016801204022D0
:1038E000C4F202029142079000F08D80FFE70F982A
:1038F000016801205822C4F202029142079000F0B0
:103900008280FFE70F98016801207022C4F2020252
:103910009142079077D0FFE70F9801680120882235
:10392000C4F20202914207906DD0FFE70F98016840
:103930000120A022C4F202029142079063D0FFE767
:103940000F9801680120B822C4F202029142079048
:1039500059D0FFE70F980168012040F21042C4F2ED
:103960000202914207904ED0FFE70F9801680120B4
:1039700040F22842C4F202029142079043D0FFE78E
:103980000F980168012040F24042C4F202029142C5
:10399000079038D0FFE70F980168012040F25842A5
:1039A000C4F20202914207902DD0FFE70F98016800
:1039B000012040F27042C4F202029142079022D0EC
:1039C000FFE70F980168012040F28842C4F202022A
:1039D0009142079017D0FFE70F980168012040F24D
:1039E000A042C4F20202914207900CD0FFE70F9868
:1039F00000684FF64831CBF6FD710844B0FA80F00C
:103A000040090790FFE70798C007002800F01385DA
:103A1000FFE70E980F99C96D01F01F01C84000071C
:103A2000002840F1B080FFE70F9800681021C4F231
:103A30000201884200F08180FFE70F98006828218A
:103A4000C4F20201884278D0FFE70F980068402155
:103A5000C4F20201884270D0FFE70F980068582135
:103A6000C4F20201884268D0FFE70F980068702115
:103A7000C4F20201884260D0FFE70F9800688821F5
:103A8000C4F20201884258D0FFE70F980068A021D5
:103A9000C4F20201884250D0FFE70F980068B821B5
:103AA000C4F20201884248D0FFE70F98006840F254
:103AB0001041C4F2020188423FD0FFE70F9800682E
:103AC00040F22841C4F20201884236D0FFE70F9845
:103AD000006840F24041C4F2020188422DD0FFE765
:103AE0000F98006840F25841C4F20201884224D085
:103AF000FFE70F98006840F27041C4F2020188426B
:103B00001BD0FFE70F98006840F28841C4F2020121
:103B1000884212D0FFE70F98006840F2A041C4F23B
:103B20000201884209D0FFE70F98006840F2B841CF
:103B3000C4F20201884207D1FFE70F9800680068CD
:103B400000F00400069006E00F980068006800F09E
:103B500008000690FFE70698A0B1FFE70F980168FC
:103B6000086820F0040008600F98C06D00F01F0185
:103B700008208840099988600F99486D40F001003D
:103B80004865FFE7FFE70E980F99C96D01F01F0127
:103B9000C840C007002800F0A980FFE70F98006820
:103BA0001021C4F20201884200F08180FFE70F98E3
:103BB00000682821C4F20201884278D0FFE70F98FC
:103BC00000684021C4F20201884270D0FFE70F98DC
:103BD00000685821C4F20201884268D0FFE70F98BC
:103BE00000687021C4F20201884260D0FFE70F989C
:103BF00000688821C4F20201884258D0FFE70F987C
:103C00000068A021C4F20201884250D0FFE70F985B
:103C10000068B821C4F20201884248D0FFE70F983B
:103C2000006840F21041C4F2020188423FD0FFE731
:103C30000F98006840F22841C4F20201884236D051
:103C4000FFE70F98006840F24041C4F20201884249
:103C50002DD0FFE70F98006840F25841C4F20201EE
:103C6000884224D0FFE70F98006840F27041C4F208
:103C7000020188421BD0FFE70F98006840F288419C
:103C8000C4F20201884212D0FFE70F98006840F2A8
:103C9000A041C4F20201884209D0FFE70F980068F2
:103CA00040F2B841C4F20201884207D1FFE70F9801
:103CB0000068406900F08000059005E00F980068FA
:103CC000006800200590FFE7059870B1FFE70F98A6
:103CD000C06D00F01F0101208840099988600F998C
:103CE000486D40F002004865FFE7FFE70E980F9926
:103CF000C96D01F01F01C8404007002840F1A980AC
:103D0000FFE70F9800681021C4F20201884200F01A
:103D10008180FFE70F9800682821C4F202018842E1
:103D200078D0FFE70F9800684021C4F20201884272
:103D300070D0FFE70F9800685821C4F20201884252
:103D400068D0FFE70F9800687021C4F20201884232
:103D500060D0FFE70F9800688821C4F20201884212
:103D600058D0FFE70F980068A021C4F202018842F2
:103D700050D0FFE70F980068B821C4F202018842D2
:103D800048D0FFE70F98006840F21041C4F20201EA
:103D900088423FD0FFE70F98006840F22841C4F204
:103DA0000201884236D0FFE70F98006840F2404198
:103DB000C4F2020188422DD0FFE70F98006840F25C
:103DC0005841C4F20201884224D0FFE70F980068EE
:103DD00040F27041C4F2020188421BD0FFE70F9805
:103DE000006840F28841C4F20201884212D0FFE725
:103DF0000F98006840F2A041C4F20201884209D045
:103E0000FFE70F98006840F2B841C4F2020188420F
:103E100007D1FFE70F980068006800F002000490E7
:103E200005E00F980068006800200490FFE7049800
:103E300070B1FFE70F98C06D00F01F0104208840AB
:103E4000099988600F99486D40F004004865FFE7C4
:103E5000FFE70E980F99C96D01F01F01C840C00619
:103E6000002840F1DE80FFE70F9800681021C4F2BF
:103E70000201884200F08180FFE70F980068282146
:103E8000C4F20201884278D0FFE70F980068402111
:103E9000C4F20201884270D0FFE70F9800685821F1
:103EA000C4F20201884268D0FFE70F9800687021D1
:103EB000C4F20201884260D0FFE70F9800688821B1
:103EC000C4F20201884258D0FFE70F980068A02191
:103ED000C4F20201884250D0FFE70F980068B82171
:103EE000C4F20201884248D0FFE70F98006840F210
:103EF0001041C4F2020188423FD0FFE70F980068EA
:103F000040F22841C4F20201884236D0FFE70F9800
:103F1000006840F24041C4F2020188422DD0FFE720
:103F20000F98006840F25841C4F20201884224D040
:103F3000FFE70F98006840F27041C4F20201884226
:103F40001BD0FFE70F98006840F28841C4F20201DD
:103F5000884212D0FFE70F98006840F2A041C4F2F7
:103F60000201884209D0FFE70F98006840F2B8418B
:103F7000C4F20201884207D1FFE70F980068006889
:103F800000F00800039006E00F980068006800F059
:103F900004000390FFE70398002841D0FFE70F9843
:103FA000C06D00F01F0110208840099988600F98AB
:103FB00000680068400300281AD5FFE70F980068E2
:103FC00000680003002809D4FFE70F98006C20B1B7
:103FD000FFE70F98016C8847FFE708E00F98806CB7
:103FE00020B1FFE70F98816C8847FFE7FFE716E0F5
:103FF0000F9800680068C005002807D4FFE70F98F5
:104000000168086820F008000860FFE70F98006C5E
:1040100020B1FFE70F98016C8847FFE7FFE7FFE754
:10402000FFE70E980F99C96D01F01F01C840800687
:10403000002840F12681FFE70F9800681021C4F2A4
:104040000201884200F08180FFE70F980068282174
:10405000C4F20201884278D0FFE70F98006840213F
:10406000C4F20201884270D0FFE70F98006858211F
:10407000C4F20201884268D0FFE70F9800687021FF
:10408000C4F20201884260D0FFE70F9800688821DF
:10409000C4F20201884258D0FFE70F980068A021BF
:1040A000C4F20201884250D0FFE70F980068B8219F
:1040B000C4F20201884248D0FFE70F98006840F23E
:1040C0001041C4F2020188423FD0FFE70F98006818
:1040D00040F22841C4F20201884236D0FFE70F982F
:1040E000006840F24041C4F2020188422DD0FFE74F
:1040F0000F98006840F25841C4F20201884224D06F
:10410000FFE70F98006840F27041C4F20201884254
:104110001BD0FFE70F98006840F28841C4F202010B
:10412000884212D0FFE70F98006840F2A041C4F225
:104130000201884209D0FFE70F98006840F2B841B9
:10414000C4F20201884207D1FFE70F9800680068B7
:1041500000F01000029006E00F980068006800F080
:1041600002000290FFE70298002800F08980FFE734
:104170000F98C06D00F01F012020884009998860C9
:104180000F9890F83500042837D1FFE70F980168A1
:10419000086820F0160008600F980168486920F050
:1041A000800048610F98006C20B9FFE70F98806C81
:1041B00038B1FFE70F980168086820F00800086030
:1041C000FFE70F98C06D00F01F013F20884009995C
:1041D00088600F99012081F83500FFE70F990020D2
:1041E00081F83400FFE70F98006D20B1FFE70F98CA
:1041F000016D8847FFE700F019BC0F980068006860
:10420000400300281AD5FFE70F98006800680003F4
:10421000002809D4FFE70F98406C20B1FFE70F9802
:10422000416C8847FFE708E00F98C06B20B1FFE7BB
:104230000F98C16B8847FFE7FFE720E00F98006801
:104240000068C005002811D4FFE70F9801680868CE
:1042500020F0100008600F99012081F83500FFE779
:104260000F99002081F83400FFE7FFE70F98C06B3B
:1042700020B1FFE70F98C16B8847FFE7FFE7FFE733
:10428000FFE70F98406D002800F0D480FFE70F98FB
:10429000406DC007002800F0C480FFE70F9904209C
:1042A00081F835000F9800681021C4F2020188429D
:1042B00000F08180FFE70F9800682821C4F2020116
:1042C000884278D0FFE70F9800684021C4F20201CD
:1042D000884270D0FFE70F9800685821C4F20201AD
:1042E000884268D0FFE70F9800687021C4F202018D
:1042F000884260D0FFE70F9800688821C4F202016D
:10430000884258D0FFE70F980068A021C4F202014C
:10431000884250D0FFE70F980068B821C4F202012C
:10432000884248D0FFE70F98006840F21041C4F27D
:10433000020188423FD0FFE70F98006840F2284111
:10434000C4F20201884236D0FFE70F98006840F2BD
:104350004041C4F2020188422DD0FFE70F98006867
:1043600040F25841C4F20201884224D0FFE70F987E
:10437000006840F27041C4F2020188421BD0FFE79E
:104380000F98006840F28841C4F20201884212D0BE
:10439000FFE70F98006840F2A041C4F20201884292
:1043A00009D0FFE70F98006840F2B841C4F202015B
:1043B000884207D1FFE70F980168086820F00100E4
:1043C000086006E00F980168086820F001000860A6
:1043D000FFE7FFE70B9801300B900A99884201D95B
:1043E000FFE707E0FFE70F9800680068C0070028B4
:1043F000F0D1FFE70F9800680068C00728B1FFE719
:104400000F99032081F8350004E00F99012081F80D
:104410003500FFE7FFE70F99002081F83400FFE740
:10442000FFE70F98C06C20B1FFE70F98C16C884779
:10443000FFE7FFE7FAE20F980168012045F2084222
:10444000C5F60202914201904ED0FFE70F98016835
:10445000012045F21C42C5F602029142019043D070
:10446000FFE70F980168012045F23042C5F60202CD
:104470009142019038D0FFE70F980168012045F282
:104480004442C5F60202914201902DD0FFE70F98F9
:104490000168012045F25842C5F60202914201909E
:1044A00022D0FFE70F980168012045F26C42C5F663
:1044B00002029142019017D0FFE70F980168012096
:1044C00045F28042C5F60202914201900CD0FFE70E
:1044D0000F9800684AF66C31CAF2FD710844B0FAD0
:1044E00080F040090190FFE70198C007002800F024
:1044F0009B82FFE70F98006800680C900D980F9959
:10450000C96D01F01F01C8404007002840F1D78065
:10451000FFE79DF830004007002840F1D080FFE71A
:104520000F98C06D00F01F01042088400899486072
:104530009DF831000006002818D5FFE79DF83200ED
:10454000C00748B9FFE70F98806C20B1FFE70F98CC
:10455000816C8847FFE708E00F98006C20B1FFE707
:104560000F98016C8847FFE7FFE7A7E09DF8300050
:104570008006002800F19980FFE70F98006810215D
:10458000C4F20201884200F08180FFE70F980068C2
:104590002821C4F20201884278D0FFE70F98006812
:1045A0004021C4F20201884270D0FFE70F980068F2
:1045B0005821C4F20201884268D0FFE70F980068D2
:1045C0007021C4F20201884260D0FFE70F980068B2
:1045D0008821C4F20201884258D0FFE70F98006892
:1045E000A021C4F20201884250D0FFE70F98006872
:1045F000B821C4F20201884248D0FFE70F98006852
:1046000040F21041C4F2020188423FD0FFE70F9808
:10461000006840F22841C4F20201884236D0FFE728
:104620000F98006840F24041C4F2020188422DD048
:10463000FFE70F98006840F25841C4F20201884237
:1046400024D0FFE70F98006840F27041C4F20201E5
:1046500088421BD0FFE70F98006840F28841C4F2FF
:104660000201884212D0FFE70F98006840F2A04193
:10467000C4F20201884209D0FFE70F98006840F2B7
:10468000B841C4F20201884207D1FFE70F980168E0
:10469000086820F00800086006E00F9801680868C4
:1046A00020F004000860FFE7FFE70F98006C20B1DE
:1046B000FFE70F98016C8847FFE7FFE7B3E10D982C
:1046C0000F99C96D01F01F01C8408007002840F113
:1046D000E180FFE79DF830008007002840F1DA8094
:1046E000FFE70F98C06D00F01F0102208840089975
:1046F00048609DF831000006002818D5FFE79DF8B6
:104700003200C00748B9FFE70F98406C20B1FFE7BF
:104710000F98416C8847FFE708E00F98C06B20B105
:10472000FFE70F98C16B8847FFE7FFE7B1E09DF80F
:1047300030008006002800F1A380FFE70F98006892
:104740001021C4F20201884200F08180FFE70F9837
:1047500000682821C4F20201884278D0FFE70F9850
:1047600000684021C4F20201884270D0FFE70F9830
:1047700000685821C4F20201884268D0FFE70F9810
:1047800000687021C4F20201884260D0FFE70F98F0
:1047900000688821C4F20201884258D0FFE70F98D0
:1047A0000068A021C4F20201884250D0FFE70F98B0
:1047B0000068B821C4F20201884248D0FFE70F9890
:1047C000006840F21041C4F2020188423FD0FFE786
:1047D0000F98006840F22841C4F20201884236D0A6
:1047E000FFE70F98006840F24041C4F2020188429E
:1047F0002DD0FFE70F98006840F25841C4F2020143
:10480000884224D0FFE70F98006840F27041C4F25C
:10481000020188421BD0FFE70F98006840F28841F0
:10482000C4F20201884212D0FFE70F98006840F2FC
:10483000A041C4F20201884209D0FFE70F98006846
:1048400040F2B841C4F20201884207D1FFE70F9855
:104850000168086820F01400086006E00F980168FD
:10486000086820F00A000860FFE70F99012081F82E
:104870003500FFE70F99002081F83400FFE7FFE7DC
:104880000F98C06B20B1FFE70F98C16B8847FFE717
:10489000FFE7C7E00D980F99C96D01F01F01C840EF
:1048A0000007002840F1BC80FFE79DF830000007BA
:1048B000002840F1B580FFE70F9800681021C4F28E
:1048C0000201884200F08180FFE70F9800682821EC
:1048D000C4F20201884278D0FFE70F9800684021B7
:1048E000C4F20201884270D0FFE70F980068582197
:1048F000C4F20201884268D0FFE70F980068702177
:10490000C4F20201884260D0FFE70F980068882156
:10491000C4F20201884258D0FFE70F980068A02136
:10492000C4F20201884250D0FFE70F980068B82116
:10493000C4F20201884248D0FFE70F98006840F2B5
:104940001041C4F2020188423FD0FFE70F9800688F
:1049500040F22841C4F20201884236D0FFE70F98A6
:10496000006840F24041C4F2020188422DD0FFE7C6
:104970000F98006840F25841C4F20201884224D0E6
:10498000FFE70F98006840F27041C4F202018842CC
:104990001BD0FFE70F98006840F28841C4F2020183
:1049A000884212D0FFE70F98006840F2A041C4F29D
:1049B0000201884209D0FFE70F98006840F2B84131
:1049C000C4F20201884207D1FFE70F980168086826
:1049D00020F01C00086006E00F980168086820F0CD
:1049E0000E000860FFE70F98C06D00F01F01012066
:1049F00000FA01F1089A51600F9948650F9981F802
:104A00003500FFE70F99002081F83400FFE70F9889
:104A1000C06C20B1FFE70F98C16C8847FFE700E04A
:104A2000FFE7FFE7FFE700E0FFE7FFE710B080BD2B
:104A300010B58EB00C9001F003FD0A900C9828B9C7
:104A4000FFE701208DF8370000F09FBC0C9801684B
:104A500001201022C4F202029142079000F0A380CC
:104A6000FFE70C98016801202822C4F2020291425B
:104A7000079000F09880FFE70C9801680120402221
:104A8000C4F202029142079000F08D80FFE70C987B
:104A9000016801205822C4F202029142079000F0FE
:104AA0008280FFE70C98016801207022C4F20202A4
:104AB0009142079077D0FFE70C9801680120882287
:104AC000C4F20202914207906DD0FFE70C98016892
:104AD0000120A022C4F202029142079063D0FFE7B6
:104AE0000C9801680120B822C4F20202914207909A
:104AF00059D0FFE70C980168012040F21042C4F23F
:104B00000202914207904ED0FFE70C980168012005
:104B100040F22842C4F202029142079043D0FFE7DC
:104B20000C980168012040F24042C4F20202914216
:104B3000079038D0FFE70C980168012040F25842F6
:104B4000C4F20202914207902DD0FFE70C98016851
:104B5000012040F27042C4F202029142079022D03A
:104B6000FFE70C980168012040F28842C4F202027B
:104B70009142079017D0FFE70C980168012040F29E
:104B8000A042C4F20202914207900CD0FFE70C98B9
:104B900000684FF64831CBF6FD710844B0FA80F05A
:104BA00040090790FFE70798C007002800F07981C7
:104BB000FFE70C98406A08B1FFE7FFE70C99022075
:104BC00081F83500FFE70C99002081F83400FFE7F9
:104BD0000C9800681021C4F20201884200F0818024
:104BE000FFE70C9800682821C4F20201884278D0BF
:104BF000FFE70C9800684021C4F20201884270D09F
:104C0000FFE70C9800685821C4F20201884268D07E
:104C1000FFE70C9800687021C4F20201884260D05E
:104C2000FFE70C9800688821C4F20201884258D03E
:104C3000FFE70C980068A021C4F20201884250D01E
:104C4000FFE70C980068B821C4F20201884248D0FE
:104C5000FFE70C98006840F21041C4F2020188425C
:104C60003FD0FFE70C98006840F22841C4F20201EF
:104C7000884236D0FFE70C98006840F24041C4F209
:104C8000020188422DD0FFE70C98006840F258419D
:104C9000C4F20201884224D0FFE70C98006840F279
:104CA0007041C4F2020188421BD0FFE70C980068F3
:104CB00040F28841C4F20201884212D0FFE70C980A
:104CC000006840F2A041C4F20201884209D0FFE727
:104CD0000C98006840F2B841C4F20201884207D142
:104CE000FFE70C980168086820F00100086006E002
:104CF0000C980168086820F001000860FFE7FFE7F2
:104D00000C9800680068C00798B1FFE701F098FBB5
:104D10000A99401A06280BD3FFE70C992020486512
:104D20000C99032081F8350001208DF837002CE321
:104D3000E6E70C98006800680B900B9848F23F017A
:104D4000CFF6106108400B900C998868D1F80CC020
:104D50000B694A6940EA0C00184310438A69104302
:104D6000CA691043096A01430B9808430B900C98D9
:104D7000406A042808D1FFE70C99C86A096B01430F
:104D80000B9808430B90FFE741F20000C5F6004086
:104D900000684FF6FF718843B0F1005F40D3FFE732
:104DA0000C984068292807D3FFE70C984168012038
:104DB0002F2906902AD3FFE70C9840683F2807D395
:104DC000FFE70C9841680120432906901ED3FFE7B6
:104DD0000C984068472807D3FFE70C9841680120EA
:104DE0004929069012D3FFE70C98416800204F290B
:104DF000059008D3FFE70C9841680020532938BF7D
:104E000001200590FFE705980690FFE70698C00788
:104E100028B1FFE70B9840F480100B90FFE7FFE705
:104E20000B980C99096808600C98006840690B9011
:104E30000B9820F007000B900C98416A0B980843E0
:104E40000B900C98406A04281AD1FFE70C98816AED
:104E50000B9808430B900C98C06A80B1FFE70C9840
:104E6000FBF722FE50B1FFE70C99402048650C99F2
:104E7000012081F835008DF8370086E2FFE7FFE773
:104E80000B980C99096848610C98FBF7D1FB0990C5
:104E90000C98C06D00F01F013F2088400999886080
:104EA00026E10C980168012045F20842C5F602028D
:104EB000914204904ED0FFE70C980168012045F222
:104EC0001C42C5F602029142049043D0FFE70C98C1
:104ED0000168012045F23042C5F602029142049079
:104EE00038D0FFE70C980168012045F24442C5F62E
:104EF0000202914204902DD0FFE70C980168012036
:104F000045F25842C5F602029142049022D0FFE7D2
:104F10000C980168012045F26C42C5F602029142EC
:104F2000049017D0FFE70C980168012045F28042F9
:104F3000C5F60202914204900CD0FFE70C9800687D
:104F40004AF66C31CAF2FD710844B0FA80F04009AB
:104F50000490FFE70498C007002800F0BD80FFE739
:104F60000C980168012045F20842C5F60202914200
:104F700003904ED0FFE70C980168012045F21C42D7
:104F8000C5F602029142039043D0FFE70C980168F6
:104F9000012045F23042C5F602029142039038D01A
:104FA000FFE70C980168012045F24442C5F6020271
:104FB000914203902DD0FFE70C980168012045F243
:104FC0005842C5F602029142039022D0FFE70C98A6
:104FD0000168012045F26C42C5F60202914203903D
:104FE00017D0FFE70C980168012045F28042C5F612
:104FF0000202914203900CD0FFE70C9800684AF639
:105000006C31CAF2FD710844B0FA80F04009039097
:10501000FFE70398C00708B1FFE7FFE70C990220FC
:1050200081F83500FFE70C99002081F83400FFE794
:105030000C98006800680B900B986FF310100B90A1
:105040000C988068402803D1FFE71020029008E008
:105050000C9880688038B0FA80F040098003029094
:10506000FFE702980C99CA680B69D1F814C0D1F80F
:1050700018E0CC694EEA040E4CEA0E0C43EA0C032D
:105080001A4340EAD200096A40EA11110B9808431A
:105090000B900B980C99096808600C9908684AF6FF
:1050A000F832CAF2FD7210444CF6CD42CCF6CC4236
:1050B000A0FB02026FF0030000EA9200C8650C98A2
:1050C000FBF7B6FA08900C98C06D00F01F010120A4
:1050D0008840089948600AE00C99402048650C997E
:1050E000032081F8350001208DF837004DE1FFE7FE
:1050F0000C98016801201022C4F202029142019032
:1051000000F00381FFE70C98016801202822C4F217
:1051100002029142019000F0F880FFE70C980168CC
:1051200001204022C4F202029142019000F0ED8081
:10513000FFE70C98016801205822C4F20202914254
:10514000019000F0E280FFE70C98016801207022D6
:10515000C4F202029142019000F0D780FFE70C9860
:10516000016801208822C4F202029142019000F0FD
:10517000CC80FFE70C9801680120A022C4F2020253
:105180009142019000F0C180FFE70C980168012076
:10519000B822C4F202029142019000F0B680FFE70B
:1051A0000C980168012040F21042C4F202029142C0
:1051B000019000F0AA80FFE70C980168012040F2FE
:1051C0002842C4F202029142019000F09E80FFE763
:1051D0000C980168012040F24042C4F20202914260
:1051E000019000F09280FFE70C980168012040F2E6
:1051F0005842C4F202029142019000F08680FFE71B
:105200000C980168012040F27042C4F202029142FF
:1052100001907AD0FFE70C980168012040F28842A3
:10522000C4F20202914201906FD0FFE70C9801682E
:10523000012040F2A042C4F202029142019064D0E7
:10524000FFE70C980168012040F2B842C4F2020264
:105250009142019059D0FFE70C980168012045F276
:105260000842C5F60202914201904ED0FFE70C9829
:105270000168012045F21C42C5F6020291420190EC
:1052800043D0FFE70C980168012045F23042C5F693
:1052900002029142019038D0FFE70C98016801208A
:1052A00045F24442C5F60202914201902DD0FFE73B
:1052B0000C980168012045F25842C5F6020291425D
:1052C000019022D0FFE70C980168012045F26C4262
:1052D000C5F602029142019017D0FFE70C980168D1
:1052E000012045F28042C5F60202914201900CD0A5
:1052F000FFE70C9800684AF66C31CAF2FD71084469
:10530000B0FA80F040090190FFE70198C00790B320
:10531000FFE70C98FBF774FA0C988068802804D19A
:10532000FFE70C9900204860FFE70C990879096EA7
:1053300008600C98416E806E48600C98406888B197
:10534000FFE70C98406808280CD8FFE70C98FBF79B
:1053500013FB0C98C16E002008600C98016F406F21
:10536000486007E00C990020C8660C9908670C9902
:105370004867FFE7FFE70C99002048650C9A012178
:1053800082F835108DF83700FFE79DF837000EB032
:1053900010BD00000000000080B588B006900591A7
:1053A0000492039300208DF80B00069820B9FFE7C4
:1053B00001208DF81F006CE3FFE7069890F8340099
:1053C000012804D1FFE702208DF81F0061E3069950
:1053D000012081F83400FFE7FFE7069890F83500D8
:1053E000012840F04383FFE70699022081F8350049
:1053F000069900204865069800681021C4F2020151
:10540000884200F08180FFE7069800682821C4F2F6
:105410000201884278D0FFE7069800684021C4F274
:105420000201884270D0FFE7069800685821C4F254
:105430000201884268D0FFE7069800687021C4F234
:105440000201884260D0FFE7069800688821C4F214
:105450000201884258D0FFE706980068A021C4F2F4
:105460000201884250D0FFE706980068B821C4F2D4
:105470000201884248D0FFE70698006840F21041D8
:10548000C4F2020188423FD0FFE70698006840F26C
:105490002841C4F20201884236D0FFE7069800682E
:1054A00040F24041C4F2020188422DD0FFE7069845
:1054B000006840F25841C4F20201884224D0FFE75C
:1054C0000698006840F27041C4F2020188421BD085
:1054D000FFE70698006840F28841C4F20201884262
:1054E00012D0FFE70698006840F2A041C4F2020122
:1054F000884209D0FFE70698006840F2B841C4F23C
:105500000201884207D1FFE706980168086820F089
:105510000100086006E006980168086820F00100B4
:105520000860FFE706980599049A039BFBF734FB94
:105530000698016801201022C4F2020291420190F3
:1055400000F0A380FFE70698016801202822C4F23A
:1055500002029142019000F09880FFE706980168EE
:1055600001204022C4F202029142019000F08D809D
:10557000FFE70698016801205822C4F20202914216
:10558000019000F08280FFE70698016801207022F8
:10559000C4F202029142019077D0FFE706980168B9
:1055A00001208822C4F20202914201906DD0FFE7EF
:1055B000069801680120A022C4F2020291420190E3
:1055C00063D0FFE7069801680120B822C4F2020206
:1055D0009142019059D0FFE706980168012040F2FE
:1055E0001042C4F20202914201904ED0FFE70698A9
:1055F0000168012040F22842C4F202029142019067
:1056000043D0FFE706980168012040F24042C4F20F
:1056100002029142019038D0FFE70698016801200C
:1056200040F25842C4F20202914201902DD0FFE7AD
:1056300006980168012040F27042C4F202029142D1
:10564000019022D0FFE706980168012040F28842CD
:10565000C4F202029142019017D0FFE70698016858
:10566000012040F2A042C4F20202914201900CD00B
:10567000FFE7069800684FF64831CBF6FD71084405
:10568000B0FA80F040090190FFE70198C007A8B187
:10569000FFE70698006800680B2161F34400069953
:1056A000096808600698006C38B1FFE70698016841
:1056B000086840F008000860FFE714E006980068FA
:1056C0000068052161F3430006990968086006989F
:1056D000006C38B1FFE706980168086840F00400E4
:1056E0000860FFE7FFE70698016801201022C4F276
:1056F00002029142009000F00381FFE706980168E2
:1057000001202822C4F202029142009000F0F880A9
:10571000FFE70698016801204022C4F2020291428C
:10572000009000F0ED80FFE7069801680120582204
:10573000C4F202029142009000F0E280FFE7069876
:10574000016801207022C4F202029142009000F030
:10575000D780FFE70698016801208822C4F2020280
:105760009142009000F0CC80FFE70698016801208C
:10577000A022C4F202029142009000F0C180FFE733
:10578000069801680120B822C4F2020291420090FA
:1057900000F0B680FFE706980168012040F2104251
:1057A000C4F202029142009000F0AA80FFE706983E
:1057B0000168012040F22842C4F2020291420090A6
:1057C00000F09E80FFE706980168012040F2404209
:1057D000C4F202029142009000F09280FFE7069826
:1057E0000168012040F25842C4F202029142009046
:1057F00000F08680FFE706980168012040F27042C1
:10580000C4F20202914200907AD0FFE70698016844
:10581000012040F28842C4F20202914200906FD00F
:10582000FFE706980168012040F2A042C4F202029C
:105830009142009064D0FFE706980168012040F291
:10584000B842C4F202029142009059D0FFE7069894
:105850000168012045F20842C5F60202914200901B
:105860004ED0FFE706980168012045F21C42C5F6BC
:1058700002029142009043D0FFE7069801680120A0
:1058800045F23042C5F602029142009038D0FFE75F
:1058900006980168012045F24442C5F60202914291
:1058A00000902DD0FFE706980168012045F258428C
:1058B000C5F602029142009022D0FFE706980168E7
:1058C000012045F26C42C5F602029142009017D0C9
:1058D000FFE706980168012045F28042C5F6020202
:1058E000914200900CD0FFE7069800684AF66C31B0
:1058F000CAF2FD710844B0FA80F040090090FFE759
:105900000098C007D0B1FFE70698006E0068C0039A
:10591000002807D5FFE70698016E086840F48070FC
:105920000860FFE70698C06E38B1FFE70698C16EC1
:10593000086840F480700860FFE7FFE70698006899
:105940001021C4F20201884200F08180FFE706982E
:1059500000682821C4F20201884278D0FFE7069847
:1059600000684021C4F20201884270D0FFE7069827
:1059700000685821C4F20201884268D0FFE7069807
:1059800000687021C4F20201884260D0FFE70698E7
:1059900000688821C4F20201884258D0FFE70698C7
:1059A0000068A021C4F20201884250D0FFE70698A7
:1059B0000068B821C4F20201884248D0FFE7069887
:1059C000006840F21041C4F2020188423FD0FFE774
:1059D0000698006840F22841C4F20201884236D09D
:1059E000FFE70698006840F24041C4F20201884295
:1059F0002DD0FFE70698006840F25841C4F202013A
:105A0000884224D0FFE70698006840F27041C4F253
:105A1000020188421BD0FFE70698006840F28841E7
:105A2000C4F20201884212D0FFE70698006840F2F3
:105A3000A041C4F20201884209D0FFE7069800683D
:105A400040F2B841C4F20201884207D1FFE706984C
:105A50000168086840F00100086006E006980168E7
:105A6000086840F001000860FFE70DE006994FF478
:105A700000604865FFE70699002081F83400FFE7E1
:105A800001208DF80B00FFE79DF80B008DF81F003B
:105A9000FFE79DF81F0008B080BD00000000000077
:105AA00080B584B0039000F0CBFC02900398019085
:105AB0000198013048B1FFE740F20800C2F200400F
:105AC0000178019808440190FFE7FFE700F0B8FC77
:105AD0000299401A0199884201D2FFE7F6E704B023
:105AE00080BD00000000000080B598B0169040F620
:105AF0006811C0F6010101A84C22FAF71EFC1698A5
:105B000020B9FFE701208DF85F00D9E11698006801
:105B10004AF20001C4F20001884206D1FFE716995B
:105B2000086800F580704860FFE716988068B0F557
:105B3000407F01D1FFE7FFE71698006C08B1FFE74F
:105B4000FFE71698806C08B1FFE7FFE71698006D35
:105B500008B1FFE7FFE71698006E08B1FFE7FFE71F
:105B60001699C86D096E084408B1FFE7FFE716985B
:105B700090F8980040B9FFE71699002081F8990045
:105B8000169800F0A1F9FFE716980168886920F0DF
:105B90001000886100F054FC1590FFE7169800682B
:105BA00080690007002817D5FFE700F049FC159928
:105BB000401A0B280FD3FFE71699D1F89C0040F04C
:105BC0000100C1F89C001699032081F8980001207B
:105BD0008DF85F0074E1E1E716980168886940F08C
:105BE0000100886100F02CFC1590FFE71698006812
:105BF0008069C007B8B9FFE700F022FC1599401A88
:105C00000B280FD3FFE71699D1F89C0040F0010054
:105C1000C1F89C001699032081F8980001208DF8A6
:105C20005F004DE1E2E716980168886940F00200E4
:105C300088611698007C012807D1FFE71698016853
:105C4000886920F04000886106E01698016888693C
:105C500040F040008861FFE71698407C012807D19A
:105C6000FFE716980168886940F48040886106E083
:105C700016980168886920F480408861FFE71698CB
:105C8000807C012807D1FFE716980168886920F415
:105C90008050886106E016980168886940F4805059
:105CA0008861FFE716980068806920F44070169AB2
:105CB000116892681043886116980168886920F01D
:105CC000A400886116980168086920F01000086136
:105CD0001698C068012807D1FFE7169801688869FF
:105CE00040F0040088612BE01698C06830B3FFE7ED
:105CF0001698C068022819D0FFE7169801688869CD
:105D000040F08000886116980168086940F0100032
:105D100008611698C068032807D1FFE71698016844
:105D2000886940F020008861FFE706E01698016866
:105D3000886940F020008861FFE700E0FFE7FFE7A7
:105D4000169A116853699069D2F81CE0A0F1010C11
:105D50006FF0FF0000EB0E2040EA4C60126A013A3F
:105D600010430022CFF6FF7202EB03421043C861DA
:105D700016988068B0F5407F1CD1FFE7169A11682D
:105D8000536A906AD2F82CE001386FF0FF0C0CEBEC
:105D90000E2C40EA0C00D2F830C06FF00F0202EB7C
:105DA0000C1210430022CFF6FF7202EB03421043A5
:105DB000C860FFE71698006E48B1FFE716980168C3
:105DC000426ED1F8C0001043C1F8C000FFE7169939
:105DD000C86D096E084480B1FFE716980068D0F8D6
:105DE000C80020F00700169A1168936E01AA52F8B5
:105DF00023201043C1F8C800FFE71698006C80B15B
:105E0000FFE716980068D0F8BC0020F00700169A4B
:105E10001168536C01AA52F823201043C1F8BC004A
:105E2000FFE71698806C88B1FFE716980068D0F8F5
:105E3000BC0020F07000169A1168D36C01AA52F8C9
:105E4000232040EA0210C1F8BC00FFE71698006D5D
:105E500088B1FFE716980068D0F8BC0020F4E06035
:105E6000169A1168536D01AA52F8232040EA0220C5
:105E7000C1F8BC00FFE7169800684AF20001C4F2BE
:105E80000001884207D1FFE716984168886820F032
:105E900003008860FFE716990020C1F89400169966
:105EA000C1F89C001699012081F898001698FBF71C
:105EB0001FF98DF853009DF853008DF85F00FFE740
:105EC0009DF85F0018B080BD80B5BAB03990002051
:105ED0003890379036903590349004A8C021FAF766
:105EE00045FA399800684AF20001C4F2000188427C
:105EF0004AD1FFE7002005904FF400410491209023
:105F000004A802F0F5F818B1FFE7FBF7D5F8FFE7B2
:105F100040F21000C2F200400168013101600068E7
:105F2000012810D1FFE7FFE744F2EC40C5F602007C
:105F3000016841F480710160006800F48070039092
:105F40000398FFE7FFE7FFE744F2E040C5F60200F1
:105F5000016841F080010160006800F0800002905B
:105F60000298FFE74FF4C0403490022035900020A3
:105F7000369037900920389041F60040C5F602006F
:105F800034A900F059F853E0399800684AF200410A
:105F9000C4F2000188424AD1FFE7002005904FF487
:105FA00000410491209004A802F0A2F818B1FFE784
:105FB000FBF782F8FFE740F21000C2F200400168F0
:105FC000013101600068012810D1FFE7FFE744F2CA
:105FD000EC40C5F60200016841F480710160006880
:105FE00000F4807001900198FFE7FFE7FFE744F2BB
:105FF000E040C5F60200016841F00201016000685E
:1060000000F0020000900098FFE74FF440503490F9
:10601000022035900020369037900920389040F2C9
:106020000040C5F6020034A900F006F8FFE7FFE7DC
:106030003AB080BD0000000090B00F900E9100209B
:106040000D908020C5F600000A90FFE70E980068CA
:106050000D99C840002800F0CF81FFE70E98006836
:106060000D9A0121914008400C900C98002800F0F6
:10607000BF81FFE70E98406800F00300012807D0B9
:10608000FFE70E98406800F0030002282FD1FFE7D9
:106090000F9880680B900D984100032000FA01F1E1
:1060A0000B9888430B900E98C0680D99490000FA30
:1060B00001F10B9808430B900B980F9988600F988B
:1060C00040680B900D99012000FA01F10B9888436C
:1060D0000B900E984068C0F300100D9900FA01F182
:1060E0000B9808430B900B980F994860FFE70E98A8
:1060F000406800F00300032818D0FFE70F98C0683D
:106100000B900D984100032000FA01F10B98884391
:106110000B900E9880680D99490000FA01F10B98D8
:1061200008430B900B980F99C860FFE70E984068E2
:1061300000F00300022826D1FFE70F980D996FF0B9
:10614000030202EA51010844006A0B900D9800F026
:10615000070081000F2000FA01F10B9888430B9093
:106160000E9800690D9901F00701890000FA01F10C
:106170000B9808430B900B980F990D9B02EA530262
:1061800011440862FFE70F9800680B900D984100DA
:10619000032000FA01F10B9888430B900E98406899
:1061A00000F003000D99490000FA01F10B98084333
:1061B0000B900B980F9908600E9880798007002843
:1061C00000F01581FFE7FFE744F2F440C5F6020056
:1061D000016841F002010160006800F002000990CE
:1061E0000998FFE70D9820F0030040F20841C5F63A
:1061F000000140580B900D9800F0030081000F2023
:1062000000FA01F10B9888430B900F980021C5F616
:106210000201884203D1FFE7002008907AE00F983E
:1062200040F20041C5F60201884203D1FFE7012098
:1062300007906CE00F9840F60001C5F60201884215
:1062400003D1FFE7022006905EE00F9840F6004180
:10625000C5F60201884203D1FFE70320059050E014
:106260000F9841F20001C5F60201884203D1FFE711
:106270000420049042E00F9841F20041C5F602016B
:10628000884203D1FFE70520039034E00F9841F6E0
:106290000001C5F60201884203D1FFE70620029003
:1062A00026E00F9841F60041C5F60201884203D16D
:1062B000FFE70720019018E00F9842F20001C5F6B1
:1062C0000201884203D1FFE7082000900AE00F99FD
:1062D00042F20042C5F602020A20914208BF09209C
:1062E0000090FFE700980190FFE701980290FFE718
:1062F00002980390FFE703980490FFE70498059045
:10630000FFE705980690FFE706980790FFE70798D4
:106310000890FFE708980D9901F00301890000FA41
:1063200001F10B9808430B900B980D9921F0030194
:1063300040F20842C5F6000288504FF0B0400068B5
:106340000B900C990B9888430B900E988079C0069F
:10635000002805D5FFE70C990B9808430B90FFE741
:106360000B984FF0B04108600420C5F600000068AB
:106370000B900C990B9888430B900E9880798006AF
:10638000002805D5FFE70C990B9808430B90FFE711
:106390000B980421C5F6000108600A9840680B902C
:1063A0000C990B9888430B900E98807980070028F1
:1063B00005D5FFE70C990B9808430B90FFE70B9866
:1063C0000A9948600A9800680B900C990B988843CA
:1063D0000B900E988079C00728B1FFE70C990B98B5
:1063E00008430B90FFE70B980A990860FFE7FFE767
:1063F0000D9801300D9029E610B0704700000000A4
:1064000082B00190ADF802108DF801209DF80100D6
:1064100028B1FFE7BDF802000199886105E0BDF8E9
:106420000200000401998861FFE702B07047000094
:1064300041F20000C5F600400068000C7047000003
:1064400040F6A070C2F200400068704700000000F3
:1064500083B001900091019890F8410020283BD131
:10646000FFE7FFE7019890F84000012804D1FFE71B
:1064700002208DF80B0033E00199012081F84000E3
:10648000FFE7FFE70199242081F8410001980168A6
:10649000086820F00100086001980168086820F48D
:1064A00080500860009A01980168086810430860ED
:1064B00001980168086840F00100086001992020F7
:1064C00081F84100FFE70199002081F84000FFE7D3
:1064D00000208DF80B0003E002208DF80B00FFE791
:1064E0009DF80B0003B0704784B0029001910298B0
:1064F00090F84100202840D1FFE7FFE7029890F88C
:106500004000012804D1FFE702208DF80F0038E099
:106510000299012081F84000FFE7FFE7029924205B
:1065200081F8410002980168086820F001000860C5
:106530000298006800680090009820F47060009055
:106540000199009840EA012000900098029909689A
:10655000086002980168086840F00100086002992C
:10656000202081F84100FFE70299002081F84000D7
:10657000FFE700208DF80F0003E002208DF80F00E8
:10658000FFE79DF80F0004B0704700000000000016
:1065900080B582B00090009820B9FFE701208DF807
:1065A00007007BE0009890F8410040B9FFE70099B0
:1065B000002081F84000009800F076F8FFE700998D
:1065C000242081F8410000980168086820F001004B
:1065D000086000980168406820F0706008610098C9
:1065E0000168886820F4004088600098C06801282D
:1065F00007D1FFE700980168806840F40040886098
:1066000006E000980168806840F404408860FFE775
:106610000098C068022807D1FFE700980168486821
:1066200040F40060486006E000980168486820F483
:1066300000604860FFE700980168486848F200027F
:10664000C0F200221043486000980168C86820F436
:106650000040C860009A1168106953699269184334
:1066600040EA0220C860009A1168D069126A10439B
:10667000086000980168086840F00100086000990F
:1066800000204864009A202182F841100099086394
:10669000009981F842008DF80700FFE79DF8070098
:1066A00002B080BD0000000080B5C4B0439000205F
:1066B0004290419040903F903E900EA8C021F9F743
:1066C00055FE4398006845F20041C4F2000188423B
:1066D0003CD1FFE700200F9008210E912F900EA8CB
:1066E00001F006FD18B1FFE7FAF7E6FCFFE7FFE768
:1066F00044F2E040C5F60200016841F00201016089
:10670000006800F002000D900D98FFE7C0203E9059
:1067100012203F900020409041900420429040F28F
:106720000040C5F602003EA9FFF786FCFFE744F2F1
:10673000E840C5F60200016841F4001101600068FC
:1067400000F400100C900C98FFE7F7E04398006805
:1067500045F60001C4F2000188423CD1FFE7002069
:106760000F9008210E912F900EA801F0C1FC18B1D6
:10677000FFE7FAF7A1FCFFE7FFE744F2E040C5F6C8
:106780000200016841F080010160006800F08000B3
:106790000B900B98FFE730203E9012203F90002096
:1067A000409041900420429041F60040C5F602001E
:1067B0003EA9FFF741FCFFE744F2E840C5F60200BE
:1067C000016841F480010160006800F480000A90D3
:1067D0000A98FFE7B1E04398006845F60041C4F22B
:1067E0000001884261D1FFE700200F9008210E913F
:1067F0002F900EA801F07CFC18B1FFE7FAF75CFCC3
:10680000FFE7FFE744F2E040C5F60200016841F00F
:1068100004010160006800F0040009900998FFE796
:10682000FFE744F2E040C5F60200016841F00101D3
:106830000160006800F0010008900898FFE74FF43D
:1068400000703E90122001903F90002002904090F6
:10685000419004200390429040F60000C5F60200EB
:106860003EA90491FFF7E8FB019B029A0398049963
:106870004FF4807CCDF8F8C03F9340924192429013
:106880000020C5F60200FFF7D7FBFFE744F2E8401F
:10689000C5F60200016841F400010160006800F4DF
:1068A000000007900798FFE746E04398006841F62C
:1068B0000041C5F6000188423DD1FFE700200F905E
:1068C00010210E9134900EA801F012FC18B1FFE7D0
:1068D000FAF7F2FBFFE7FFE744F2E040C5F60200FB
:1068E000016841F020010160006800F0200006907E
:1068F0000698FFE74FF440403E9012203F90002062
:10690000409041900420429041F20040C5F60200C0
:106910003EA9FFF791FBFFE744F2F440C5F6020001
:10692000016841F080010160006800F0800005907E
:106930000598FFE7FFE7FFE7FFE7FFE744B080BD0B
:1069400040F20800C2F20040027840F6A071C2F2A4
:106950000041086810440860704700000000000013
:1069600080B582B0032000F023F902F0B1FE44F2BA
:106970001842C5F602021168C1F3032340F6B411B0
:10698000C0F60101CB5C03F01F03D84000900098D3
:10699000126802F00F02895C01F01F01C84040F24A
:1069A0000401C2F200410860009840F20001C2F206
:1069B000004108600F2000F013F820B1FFE701202C
:1069C0008DF8070005E000F0BBF800208DF8070007
:1069D000FFE79DF8070002B080BD00000000000046
:1069E00080B582B0009040F20800C2F2004000780A
:1069F00020B9FFE701208DF8070030E040F20000E9
:106A0000C2F20040006840F20801C2F200410A7878
:106A10004FF47A71B1FBF2F1B0FBF1F004F010F930
:106A200020B1FFE701208DF8070018E000980F283B
:106A30000DD8FFE700994FF0FF30002200F0A0F8DA
:106A4000009840F20C01C2F20041086003E001200E
:106A50008DF8070003E000208DF80700FFE79DF8A0
:106A6000070002B080BD000010B581B00090009812
:106A700040784EF69851CEF2000108604EF6A051D3
:106A8000CEF20001086820F001000860009840681C
:106A90004EF69C52CEF200021060DDF800E09EF847
:106AA0000C0000079EF80B2040EA02609EF80020D0
:106AB0009EF808309EF809C09EF80A4040EAC4409B
:106AC0009EF80D4040EA84409EF80E4040EA444063
:106AD0009EF80FE040EA0E4040EA0C2040EA4300F6
:106AE0001043086001B010BDBFF35F8F4EF6245114
:106AF000CEF20001086820F4803008604EF6945110
:106B0000CEF2000100200860704700000000000085
:106B100081B00090009840F001004EF69451CEF202
:106B2000000108604EF62451CEF20001086840F4DE
:106B300080300860BFF34F8FBFF36F8F01B0704795
:106B400081B0FFE744F2F440C5F60200016841F06D
:106B500002010160006800F0020000900098FFE769
:106B600001B070470000000080B582B0ADF80600AB
:106B7000BDF9060009F0FCFD02B080BD0000000078
:106B800080B586B0ADF816000491039209F008FEB6
:106B90000290BDF91600019002980499039A07F03B
:106BA00013FB0146019809F003FE06B080BD00000A
:106BB00080B582B00190019809F01EFE02B080BD40
:106BC00080B584B0029044F60C00C5F6020000685F
:106BD00000F004010020B0EB910F13D1FFE744F661
:106BE0000C00C5F60200006800F007000299884218
:106BF00004D0FFE701208DF80F002EE000208DF873
:106C00000F002AE044F60C01C5F60201086820F0E6
:106C10000700029A10430860FFF712FC0190FFE79B
:106C200044F60400C5F60200006800F4005100209C
:106C3000B0EB513F0DD1FFE7FFF702FC0199401A7D
:106C4000B0F57A7F04D9FFE701208DF80F0004E04A
:106C5000E6E700208DF80F00FFE79DF80F0004B075
:106C600080BD00000000000080B502F0DDFC44F2B1
:106C70002041C5F602010968C1F3021240F6B411C1
:106C8000C0F60101895C01F01F01C84080BD000011
:106C900088B0079044F22840C5F60200016801F070
:106CA000030106910068C0F30510059044F22C40E2
:106CB000C5F60200006800F001000490049844F258
:106CC0003441C5F60201096889B2C908484300EE9B
:106CD000100AB8EE400A8DED020A0598002800F06F
:106CE0001B81FFE70698009048B1FFE70098012854
:106CF00069D0FFE70098022800F08980ABE044F2F9
:106D00000040C5F60200006800F020010020B0EB52
:106D1000511F33D0FFE744F20040C5F6020000687F
:106D2000C0F3C10149F20000C0F2D030C840039066
:106D30009DED030AB8EE400A9DED051AB8EE411A22
:106D400080EE010A44F23040C5F6020000686FF39D
:106D50005F2001EE100AB8EE411A9DED022A9FED68
:106D6000743A82EE032A31EE021AB7EE002A31EEAF
:106D7000021A20EE010A8DED010A23E09DED050ABD
:106D8000B8EE401A9FED6C0A80EE010A44F23040E2
:106D9000C5F6020000686FF35F2001EE100AB8EE3E
:106DA000411A9DED022A9FED623A82EE032A31EEEE
:106DB000021AB7EE002A31EE021A20EE010A8DED1A
:106DC000010AFFE76BE09DED050AB8EE401A9FED62
:106DD000590A80EE010A44F23040C5F6020000680C
:106DE0006FF35F2001EE100AB8EE411A9DED022A02
:106DF0009FED4F3A82EE032A31EE021AB7EE002AD7
:106E000031EE021A20EE010A8DED010A47E09DEDF8
:106E1000050AB8EE401A9FED450A80EE010A44F2D9
:106E20003040C5F6020000686FF35F2001EE100AE3
:106E3000B8EE411A9DED022A9FED3D3A82EE032AFB
:106E400031EE021AB7EE002A31EE021A20EE010AE4
:106E50008DED010A23E09DED050AB8EE401A9FED85
:106E6000360A80EE010A44F23040C5F6020000689E
:106E70006FF35F2001EE100AB8EE411A9DED022A71
:106E80009FED2B3A82EE032A31EE021AB7EE002A6A
:106E900031EE021A20EE010A8DED010AFFE79DEDA9
:106EA000010A44F23040C5F60200016889B2490A7D
:106EB00001EE101AB8EE411AB7EE002A31EE021AAE
:106EC00080EE010A0799BCEEC00A81ED000A9DED33
:106ED000010A0168C1F3064101EE101AB8EE411A29
:106EE00031EE021A80EE010A0799BCEEC00A81ED6C
:106EF000010A9DED010A0068C0F3066001EE100A68
:106F0000B8EE411A31EE021A80EE010A0798BCEE83
:106F1000C00A80ED020A07E007990020086007997F
:106F2000486007998860FFE708B07047001BB74BBF
:106F3000000000460024744A0024744C0000000045
:106F400088B0079044F22840C5F60200016801F0BD
:106F5000030106910068C0F30530059044F22C400F
:106F6000C5F602000068C0F300100490049844F2D3
:106F70003C41C5F60201096889B2C908484300EEE0
:106F8000100AB8EE400A8DED020A0598002800F0BC
:106F90001B81FFE70698009048B1FFE700980128A1
:106FA00069D0FFE70098022800F08980ABE044F246
:106FB0000040C5F60200006800F020010020B0EBA0
:106FC000511F33D0FFE744F20040C5F602000068CD
:106FD000C0F3C10149F20000C0F2D030C8400390B4
:106FE0009DED030AB8EE400A9DED051AB8EE411A70
:106FF00080EE010A44F23840C5F6020000686FF3E3
:107000005F2001EE100AB8EE411A9DED022A9FEDB5
:10701000743A82EE032A31EE021AB7EE002A31EEFC
:10702000021A20EE010A8DED010A23E09DED050A0A
:10703000B8EE401A9FED6C0A80EE010A44F2384027
:10704000C5F6020000686FF35F2001EE100AB8EE8B
:10705000411A9DED022A9FED623A82EE032A31EE3B
:10706000021AB7EE002A31EE021A20EE010A8DED67
:10707000010AFFE76BE09DED050AB8EE401A9FEDAF
:10708000590A80EE010A44F23840C5F60200006851
:107090006FF35F2001EE100AB8EE411A9DED022A4F
:1070A0009FED4F3A82EE032A31EE021AB7EE002A24
:1070B00031EE021A20EE010A8DED010A47E09DED46
:1070C000050AB8EE401A9FED450A80EE010A44F227
:1070D0003840C5F6020000686FF35F2001EE100A29
:1070E000B8EE411A9DED022A9FED3D3A82EE032A49
:1070F00031EE021AB7EE002A31EE021A20EE010A32
:107100008DED010A23E09DED050AB8EE401A9FEDD2
:10711000350A80EE010A44F23840C5F602000068E4
:107120006FF35F2001EE100AB8EE411A9DED022ABE
:107130009FED2B3A82EE032A31EE021AB7EE002AB7
:1071400031EE021A20EE010A8DED010AFFE79DEDF6
:10715000010A44F23840C5F60200016889B2490AC2
:1071600001EE101AB8EE411AB7EE002A31EE021AFB
:1071700080EE010A0799BCEEC00A81ED000A9DED80
:10718000010A0168C1F3064101EE101AB8EE411A76
:1071900031EE021A80EE010A0799BCEEC00A81EDB9
:1071A000010A9DED010A0068C0F3066001EE100AB5
:1071B000B8EE411A31EE021A80EE010A0798BCEED1
:1071C000C00A80ED020A07E00799002008600799CD
:1071D000486007998860FFE708B07047001BB74B0D
:1071E000000000460024744A0024744C0000000093
:1071F00088B0079044F22840C5F60200016801F00B
:10720000030106910068C0F30550059044F22C403C
:10721000C5F602000068C0F300200490049844F210
:107220004441C5F60201096889B2C908484300EE25
:10723000100AB8EE400A8DED020A0598002800F009
:107240001B81FFE70698009048B1FFE700980128EE
:1072500069D0FFE70098022800F08980ABE044F293
:107260000040C5F60200006800F020010020B0EBED
:10727000511F33D0FFE744F20040C5F6020000681A
:10728000C0F3C10149F20000C0F2D030C840039001
:107290009DED030AB8EE400A9DED051AB8EE411ABD
:1072A00080EE010A44F24040C5F6020000686FF328
:1072B0005F2001EE100AB8EE411A9DED022A9FED03
:1072C000743A82EE032A31EE021AB7EE002A31EE4A
:1072D000021A20EE010A8DED010A23E09DED050A58
:1072E000B8EE401A9FED6C0A80EE010A44F240406D
:1072F000C5F6020000686FF35F2001EE100AB8EED9
:10730000411A9DED022A9FED623A82EE032A31EE88
:10731000021AB7EE002A31EE021A20EE010A8DEDB4
:10732000010AFFE76BE09DED050AB8EE401A9FEDFC
:10733000590A80EE010A44F24040C5F60200006896
:107340006FF35F2001EE100AB8EE411A9DED022A9C
:107350009FED4F3A82EE032A31EE021AB7EE002A71
:1073600031EE021A20EE010A8DED010A47E09DED93
:10737000050AB8EE401A9FED450A80EE010A44F274
:107380004040C5F6020000686FF35F2001EE100A6E
:10739000B8EE411A9DED022A9FED3D3A82EE032A96
:1073A00031EE021AB7EE002A31EE021A20EE010A7F
:1073B0008DED010A23E09DED050AB8EE401A9FED20
:1073C000350A80EE010A44F24040C5F6020000682A
:1073D0006FF35F2001EE100AB8EE411A9DED022A0C
:1073E0009FED2B3A82EE032A31EE021AB7EE002A05
:1073F00031EE021A20EE010A8DED010AFFE79DED44
:10740000010A44F24040C5F60200016889B2490A07
:1074100001EE101AB8EE411AB7EE002A31EE021A48
:1074200080EE010A0799BCEEC00A81ED000A9DEDCD
:10743000010A0168C1F3064101EE101AB8EE411AC3
:1074400031EE021A80EE010A0799BCEEC00A81ED06
:10745000010A9DED010A0068C0F3066001EE100A02
:10746000B8EE411A31EE021A80EE010A0798BCEE1E
:10747000C00A80ED020A07E007990020086007991A
:10748000486007998860FFE708B07047001BB74B5A
:10749000000000460024744A0024744C00000000E0
:1074A00080B59AB0199118901898199980F4807045
:1074B0000843002840F0A880FFE744F25040C5F69A
:1074C0000200006800F007000D900D980A90042853
:1074D00000F295800A99DFE801F00316298C3C0040
:1074E00044F20040C5F6020000688001002806D57D
:1074F000FFE715A8FFF7CCFB16980E9002E00020DE
:107500000E90FFE77EE044F20040C5F602000068FE
:107510000001002806D5FFE712A8FFF711FD129819
:107520000E9002E000200E90FFE76BE044F2004076
:10753000C5F6020000688000002806D5FFE70FA806
:10754000FFF756FE0F980E9002E000200E90FFE726
:1075500058E044F24C40C5F60200006800F040508C
:107560000C9044F20040C5F6020000684007002875
:1075700011D5FFE70C9870B9FFE744F20040C5F65B
:1075800002000068C0F3C10149F20000C0F2D0302F
:10759000C8400E902CE044F20040C5F6020000689E
:1075A000C00500280BD5FFE70C98B0F1805F06D12D
:1075B000FFE740F60010C0F23D000E9017E044F2E5
:1075C0000040C5F602000068800300280BD5FFE7E5
:1075D0000C98B0F1005F06D1FFE743F20060C0F203
:1075E0006E100E9002E000200E90FFE7FFE7FFE72D
:1075F00008E048F20000C0F2BB000E9002E000205C
:107600000E90FFE700F06EBD1898199980F4007095
:107610000843002840F0B380FFE744F25040C5F62D
:107620000200006800F4E0700D900D98099090B190
:10763000FFE70998402821D0FFE70998802830D03B
:10764000FFE70998C02800F08F80FFE70998B0F5A0
:10765000807F39D08EE044F20040C5F60200006819
:107660008001002806D5FFE715A8FFF711FB169843
:107670000E9002E000200E90FFE77EE044F2004012
:10768000C5F6020000680001002806D5FFE712A831
:10769000FFF756FC12980E9002E000200E90FFE7D4
:1076A0006BE044F20040C5F602000068800000284C
:1076B00006D5FFE70FA8FFF79BFD0F980E9002E09D
:1076C00000200E90FFE758E044F24C40C5F602005F
:1076D000006800F040500C9044F20040C5F60200F3
:1076E00000684007002811D5FFE70C9870B9FFE744
:1076F00044F20040C5F602000068C0F3C10149F23F
:107700000000C0F2D030C8400E902CE044F200409F
:10771000C5F602000068C00500280BD5FFE70C98ED
:10772000B0F1805F06D1FFE740F60010C0F23D00E7
:107730000E9017E044F20040C5F602000068800396
:1077400000280BD5FFE70C98B0F1005F06D1FFE7EA
:1077500043F20060C0F26E100E9002E000200E9026
:10776000FFE7FFE7FFE708E048F20000C0F2BB00D8
:107770000E9002E000200E90FFE700F0B2BC1898D7
:10778000199980F480600843002840F0B580FFE735
:1077900044F25840C5F60200006800F460000D9005
:1077A0000D980890A8B1FFE70898B0F5001F23D006
:1077B000FFE70898B0F5800F31D0FFE70898B0F5E3
:1077C000C00F00F08F80FFE70898B0F5000F39D0A8
:1077D0008EE044F20040C5F60200006880010028F7
:1077E00006D5FFE715A8FFF753FA16980E9002E0AA
:1077F00000200E90FFE77EE044F20040C5F6020054
:1078000000680001002806D5FFE712A8FFF798FBE3
:1078100012980E9002E000200E90FFE76BE044F219
:107820000040C5F6020000688000002806D5FFE78A
:107830000FA8FFF7DDFC0F980E9002E000200E90DD
:10784000FFE758E044F24C40C5F60200006800F043
:1078500040500C9044F20040C5F60200006840071A
:10786000002811D5FFE70C9870B9FFE744F20040FB
:10787000C5F602000068C0F3C10149F20000C0F281
:10788000D030C8400E902CE044F20040C5F6020013
:107890000068C00500280BD5FFE70C98B0F1805FA9
:1078A00006D1FFE740F60010C0F23D000E9017E051
:1078B00044F20040C5F602000068800300280BD5A2
:1078C000FFE70C98B0F1005F06D1FFE743F20060DC
:1078D000C0F26E100E9002E000200E90FFE7FFE76E
:1078E000FFE708E048F20000C0F2BB000E9002E0A3
:1078F00000200E90FFE7F3E31898199980F40060D8
:107900000843002840F0B580FFE744F25840C5F630
:107910000200006800F0E0600D900D980790A8B19B
:10792000FFE70798B0F1807F23D0FFE70798B0F119
:10793000007F31D0FFE70798B0F1407F00F08F80E3
:10794000FFE70798B0F1806F39D08EE044F2004035
:10795000C5F6020000688001002806D5FFE715A8DB
:10796000FFF796F916980E9002E000200E90FFE7C0
:107970007EE044F20040C5F60200006800010028E5
:1079800006D5FFE712A8FFF7DBFA12980E9002E087
:1079900000200E90FFE76BE044F20040C5F60200C5
:1079A00000688000002806D5FFE70FA8FFF720FC3D
:1079B0000F980E9002E000200E90FFE758E044F28E
:1079C0004C40C5F60200006800F040500C9044F2B4
:1079D0000040C5F6020000684007002811D5FFE707
:1079E0000C9870B9FFE744F20040C5F60200006849
:1079F000C0F3C10149F20000C0F2D030C8400E907F
:107A00002CE044F20040C5F602000068C0050028E2
:107A10000BD5FFE70C98B0F1805F06D1FFE740F689
:107A20000010C0F23D000E9017E044F20040C5F691
:107A300002000068800300280BD5FFE70C98B0F126
:107A4000005F06D1FFE743F20060C0F26E100E90B7
:107A500002E000200E90FFE7FFE7FFE708E048F2B2
:107A60000000C0F2BB000E9002E000200E90FFE785
:107A700035E31898199980F480500843002840F0A5
:107A8000B580FFE744F25040C5F60200006800F4FC
:107A9000E0400B900B980690A8B1FFE70698B0F570
:107AA000805F23D0FFE70698B0F5005F31D0FFE795
:107AB0000698B0F5405F00F08F80FFE70698B0F5BC
:107AC000804F39D08EE044F20040C5F602000068D5
:107AD0008001002806D5FFE715A8FFF7D9F816980A
:107AE0000E9002E000200E90FFE77EE044F200409E
:107AF000C5F6020000680001002806D5FFE712A8BD
:107B0000FFF71EFA12980E9002E000200E90FFE799
:107B10006BE044F20040C5F60200006880000028D7
:107B200006D5FFE70FA8FFF763FB0F980E9002E062
:107B300000200E90FFE758E044F24C40C5F60200EA
:107B4000006800F040500C9044F20040C5F602007E
:107B500000684007002811D5FFE70C9870B9FFE7CF
:107B600044F20040C5F602000068C0F3C10149F2CA
:107B70000000C0F2D030C8400E902CE044F200402B
:107B8000C5F602000068C00500280BD5FFE70C9879
:107B9000B0F1805F06D1FFE740F60010C0F23D0073
:107BA0000E9017E044F20040C5F602000068800322
:107BB00000280BD5FFE70C98B0F1005F06D1FFE776
:107BC00043F20060C0F26E100E9002E000200E90B2
:107BD000FFE7FFE7FFE708E048F20000C0F2BB0064
:107BE0000E9002E000200E90FFE777E218981999B6
:107BF00080F400500843002840F09580FFE744F2ED
:107C00005040C5F60200006800F4E0200B900B988D
:107C10000590C8B1FFE70598B0F5803F18D0FFE7A1
:107C20000598B0F5003F26D0FFE70598B0F5403F36
:107C300034D0FFE70598B0F5802F4AD0FFE70598CC
:107C4000B0F5A02F58D06AE001F01AFD0E9069E05F
:107C500044F20040C5F6020000680001002806D585
:107C6000FFE712A8FFF76CF913980E9002E00020CE
:107C70000E90FFE756E044F20040C5F602000068AF
:107C80008000002806D5FFE70FA8FFF7B1FA10988B
:107C90000E9002E000200E90FFE743E044F2004027
:107CA000C5F602000068400700280ED5FFE744F241
:107CB0000040C5F602000068C0F3C10149F20000AF
:107CC000C0F2D030C8400E9002E000200E90FFE7D6
:107CD00028E044F20040C5F602000068C005002814
:107CE00006D5FFE740F60010C0F23D000E9002E01E
:107CF00000200E90FFE715E044F20040C5F60200B8
:107D000000688003002806D5FFE743F20060C0F258
:107D10006E100E9002E000200E90FFE702E00020BF
:107D20000E90FFE7D9E11898199980F400200843D4
:107D3000002840F09180FFE744F25840C5F6020069
:107D4000006800F440300B900B98049050B1FFE7AE
:107D50000498B0F5803F18D0FFE70498B0F5003FD5
:107D600026D075E044F20040C5F60200006800012C
:107D7000002806D5FFE712A8FFF7E2F812980E9048
:107D800002E000200E90FFE765E044F20040C5F6F7
:107D9000020000688000002806D5FFE70FA8FFF763
:107DA00027FA11980E9002E000200E90FFE752E0B3
:107DB00044F24C40C5F60200006800F040500C90C0
:107DC00044F20040C5F6020000684007002811D5C3
:107DD000FFE70C9870B9FFE744F20040C5F60200D7
:107DE0000068C0F3C10149F20000C0F2D030C840C1
:107DF0000E902CE044F20040C5F602000068C00579
:107E000000280BD5FFE70C98B0F1805F06D1FFE7A3
:107E100040F60010C0F23D000E9017E044F2004022
:107E2000C5F602000068800300280BD5FFE70C9818
:107E3000B0F1005F06D1FFE743F20060C0F26E10C0
:107E40000E9002E000200E90FFE7FFE7FFE702E060
:107E500000200E90FFE73FE11898199980F48030D8
:107E60000843D8BBFFE744F24C40C5F60200006867
:107E700000F480300B900B98039028B1FFE7039833
:107E8000B0F5803F13D025E044F20040C5F6020073
:107E900000688001002806D5FFE715A8FEF7F8FE68
:107EA00016980E9002E000200E90FFE715E044F2D5
:107EB0000040C5F6020000680001002806D5FFE773
:107EC00012A8FFF73DF814980E9002E000200E90E3
:107ED000FFE702E000200E90FFE7FCE018981999F8
:107EE00080F480400843002840F09580FFE744F28A
:107EF0005840C5F60200006800F0E0400B900B9877
:107F00000290C8B1FFE70298B0F1805F18D0FFE798
:107F10000298B0F1005F26D0FFE70298B0F1405F11
:107F200034D0FFE70298B0F1804F4AD0FFE70298C3
:107F3000B0F1A04F58D06AE0FEF796FE0E9069E0CF
:107F400044F20040C5F6020000680001002806D592
:107F5000FFE712A8FEF7F4FF13980E9002E000204E
:107F60000E90FFE756E044F20040C5F602000068BC
:107F70008000002806D5FFE70FA8FFF739F9109811
:107F80000E9002E000200E90FFE743E044F2004034
:107F9000C5F602000068400700280ED5FFE744F24E
:107FA0000040C5F602000068C0F3C10149F20000BC
:107FB000C0F2D030C8400E9002E000200E90FFE7E3
:107FC00028E044F20040C5F602000068C005002821
:107FD00006D5FFE740F60010C0F23D000E9002E02B
:107FE00000200E90FFE715E044F20040C5F60200C5
:107FF00000688003002806D5FFE743F20060C0F266
:108000006E100E9002E000200E90FFE702E00020CC
:108010000E90FFE75EE01898199980F4004008433D
:10802000002853D1FFE744F25040C5F60200006833
:1080300000F040500B900B98019050B1FFE7019871
:10804000B0F1805F18D0FFE70198B0F1005F26D053
:1080500038E044F20040C5F60200006880030028C2
:1080600006D5FFE743F20060C0F26E100E9002E00A
:1080700000200E90FFE728E044F20040C5F6020021
:1080800000688001002806D5FFE715A8FEF700FE6E
:1080900016980E9002E000200E90FFE715E044F2E3
:1080A0000040C5F6020000680001002806D5FFE781
:1080B00012A8FEF745FF13980E9002E000200E90E4
:1080C000FFE702E000200E90FFE702E000200E90A4
:1080D000FFE7FFE7FFE7FFE7FFE7FFE7FFE7FFE770
:1080E000FFE7FFE70E981AB080BD00000000000017
:1080F00080B59AB0189000208DF857008DF8560082
:108100001898C0780007002848D5FFE71898806EB7
:10811000149078B1FFE71498B0F5801F13D0FFE7F3
:108120001498B0F5001F16D0FFE71498B0F5401F63
:1081300019D019E044F22C41C5F60201086840F458
:108140000030086014E018980830022106F0A0F80A
:108150008DF857000CE018982830022106F080F9BD
:108160008DF8570004E003E001208DF85700FFE789
:108170009DF8570060B9FFE744F25041C5F602018F
:10818000086820F44010189A926E1043086004E0CA
:108190009DF857008DF85600FFE7FFE718984078E4
:1081A000C007002840D0FFE71898806D139004287E
:1081B00020D81399DFE801F0030C141C1D0044F2D1
:1081C0002C41C5F60201086840F40030086015E053
:1081D00018980830002106F05BF88DF857000DE084
:1081E00018982830002106F03BF98DF8570005E07B
:1081F00004E003E001208DF85700FFE79DF85700E9
:1082000060B9FFE744F25041C5F60201086820F06A
:108210000700189A926D1043086004E09DF857001B
:108220008DF85600FFE7FFE7189840788007002890
:108230004BD5FFE71898C06D129088B1FFE71298F0
:10824000402816D0FFE7129880281AD0FFE712982E
:10825000C0281ED0FFE71298B0F5807F1AD01AE030
:1082600044F22C41C5F60201086840F40030086071
:1082700015E018980830002106F00AF88DF857002C
:108280000DE018982830002106F0EAF88DF8570024
:1082900005E004E003E001208DF85700FFE79DF8BA
:1082A000570060B9FFE744F25041C5F60201086883
:1082B00020F4E070189AD26D1043086004E09DF835
:1082C00057008DF85600FFE7FFE718984078400701
:1082D000002850D5FFE71898D0F8A8001190A0B159
:1082E000FFE71198B0F5001F18D0FFE71198B0F51F
:1082F000800F1BD0FFE71198B0F5C00F1ED0FFE72D
:108300001198B0F5000F1AD01AE044F22C41C5F6CE
:108310000201086840F40030086015E01898083041
:10832000002105F0B5FF8DF857000DE018982830B2
:10833000002106F095F88DF8570005E004E003E011
:1083400001208DF85700FFE79DF8570068B9FFE757
:1083500044F25841C5F60201086820F46000189AFA
:10836000D2F8A8201043086004E09DF857008DF86B
:108370005600FFE7FFE7189840780007002850D51F
:10838000FFE71898D0F8AC001090A0B1FFE7109864
:10839000B0F1807F18D0FFE71098B0F1007F1BD0BC
:1083A000FFE71098B0F1407F1ED0FFE71098B0F1C2
:1083B000806F1AD01AE044F22C41C5F60201086819
:1083C00040F40030086015E018980830002105F0EE
:1083D0005FFF8DF857000DE018982830002106F057
:1083E0003FF88DF8570005E004E003E001208DF828
:1083F0005700FFE79DF8570068B9FFE744F258417E
:10840000C5F60201086820F0E060189AD2F8AC20A6
:108410001043086004E09DF857008DF85600FFE710
:10842000FFE71898C078800700283ED5FFE7189826
:10843000C06C0F90F0B1FFE70F98102808D0FFE74D
:108440000F9820280DD0FFE70F98302811D012E0A8
:1084500044F22C41C5F60201086840F4003008607F
:108460000DE018980830022105F012FF8DF8570032
:1084700005E004E003E001208DF85700FFE79DF8D8
:10848000570060B9FFE744F24C41C5F602010868A5
:1084900020F03000189AD26C1043086004E09DF878
:1084A00057008DF85600FFE7FFE718984078C006A0
:1084B00000284ED5FFE71898006E0E90A0B1FFE798
:1084C0000E98B0F5805F18D0FFE70E98B0F5005F0A
:1084D0001BD0FFE70E98B0F5405F1ED0FFE70E9867
:1084E000B0F5804F1AD01AE044F22C41C5F60201D3
:1084F000086840F40030086015E018980830002142
:1085000005F0C6FE8DF857000DE0189828300021C0
:1085100005F0A6FF8DF8570005E004E003E0012018
:108520008DF85700FFE79DF8570060B9FFE744F268
:108530005041C5F60201086820F4E040189A126E16
:108540001043086004E09DF857008DF85600FFE7DF
:10855000FFE718984078800600284CD5FFE7189868
:10856000406E0D90C8B1FFE70D98B0F5803F15D073
:10857000FFE70D98B0F5003F18D0FFE70D98B0F574
:10858000403F1BD0FFE70D98B0F5802F17D0FFE7D5
:108590000D98B0F5A02F13D013E016E0189808300E
:1085A000012105F075FE8DF857000EE0189828306F
:1085B000012105F055FF8DF8570006E005E004E0C5
:1085C00003E001208DF85700FFE79DF8570060B9E0
:1085D000FFE744F25041C5F60201086820F4E020AC
:1085E000189A526E1043086004E09DF857008DF809
:1085F0005600FFE7FFE718984078400600284ED560
:10860000FFE71898D0F8B0000C90C8B1FFE70C98BD
:10861000B0F1805F15D0FFE70C98B0F1005F18D083
:10862000FFE70C98B0F1405F1BD0FFE70C98B0F16A
:10863000804F17D0FFE70C98B0F1A04F13D013E094
:1086400016E018980830012105F022FE8DF8570039
:108650000EE018982830012105F002FF8DF8570030
:1086600006E005E004E003E001208DF85700FFE795
:108670009DF8570068B9FFE744F25841C5F602017A
:10868000086820F0E040189AD2F8B0201043086043
:1086900004E09DF857008DF85600FFE7FFE71898B3
:1086A0004078000600283BD5FFE71898006F0B9034
:1086B000D8B1FFE70B98B0F1805F05D0FFE70B98CA
:1086C000B0F1005F09D011E044F22C41C5F602017F
:1086D000086840F4003008600CE018980830012168
:1086E00005F0D6FD8DF8570004E003E001208DF879
:1086F0005700FFE79DF8570060B9FFE744F250418B
:10870000C5F60201086820F04050189A126F104315
:10871000086004E09DF857008DF85600FFE7FFE77A
:108720001898C078C007002837D0FFE71898806CE9
:108730000A90032817D80A99DFE801F014020B13F6
:1087400044F22C41C5F60201086840F4003008608C
:108750000DE018980830022105F09AFD8DF85700B9
:1087600005E004E003E001208DF85700FFE79DF8E5
:10877000570060B9FFE744F24C41C5F602010868B2
:1087800020F00300189A926C1043086004E09DF8F2
:1087900057008DF85600FFE7FFE7189880784006ED
:1087A000002840F1B480FFE744F60001C5F602015D
:1087B000086840F480700860FDF742FE1690FFE7FD
:1087C00044F60000C5F602000068C00500280CD47D
:1087D000FFE7FDF735FE1699401A652804D3FFE739
:1087E00003208DF8570000E0EAE79DF857000028C5
:1087F00040F08780FFE744F27040C5F60200006851
:1088000000F440701899D1F8B41001F44071884216
:1088100013D0FFE744F27041C5F60201086820F466
:1088200040701790086840F480300860086820F4B1
:108830008030086017980860FFE71898D0F8B400F7
:10884000B0F5807F1FD1FFE7FDF7FAFD1690FFE737
:1088500044F27040C5F60200006800F002010020FA
:10886000B0EB510F0ED1FFE7FDF7EAFD1699401A64
:1088700041F28931884204D3FFE703208DF8570085
:1088800000E0E5E7FFE79DF85700A0BBFFE7FFE743
:108890001898D0F8B40000F44070B0F5407F13D1C0
:1088A000FFE744F21041C5F60201086820F47C504D
:1088B000189AD2F8B4204FF6F043C0F6FF731A406E
:1088C00040EA1210086008E044F21041C5F60201C7
:1088D000086820F47C500860FFE71898D0F8B420AE
:1088E0006FF31F3244F27041C5F60201086810436D
:1088F0000860FFE704E09DF857008DF85600FFE799
:1089000004E09DF857008DF85600FFE7FFE7189840
:108910000068C007002800F04C80FFE71898C06F7F
:10892000099028282BD80999DFE801F01529292971
:108930002929292916292929292929291E292929C5
:10894000292929292629292929292929272929299C
:1089500029292929280016E018980830012105F056
:1089600097FC8DF857000EE018982830012105F08B
:1089700077FD8DF8570006E005E004E003E00120F4
:108980008DF85700FFE79DF8570060B9FFE744F204
:108990005441C5F60201086820F03800189AD26FD9
:1089A0001043086004E09DF857008DF85600FFE77B
:1089B000FFE7189800788007002839D5FFE7189856
:1089C000806F0890052819D80899DFE801F00304A2
:1089D0000C14151616E018980830012105F058FC03
:1089E0008DF857000EE018982830012105F038FD69
:1089F0008DF8570006E005E004E003E001208DF863
:108A00005700FFE79DF8570060B9FFE744F2544173
:108A1000C5F60201086820F00700189A926F10430B
:108A2000086004E09DF857008DF85600FFE7FFE767
:108A300018980078400700283BD5FFE71898D0F831
:108A400094000790052819D80799DFE801F003047E
:108A50000C14151616E018980830012105F018FCC2
:108A60008DF857000EE018982830012105F0F8FC29
:108A70008DF8570006E005E004E003E001208DF8E2
:108A80005700FFE79DF8570068B9FFE744F25841E7
:108A9000C5F60201086820F00700189AD2F8942061
:108AA0001043086004E09DF857008DF85600FFE77A
:108AB000FFE718980078800600284ED5FFE7189841
:108AC000D0F890000690C8B1FFE70698B0F1805F3B
:108AD00015D0FFE70698B0F1005F18D0FFE70698C1
:108AE000B0F1405F1BD0FFE70698B0F1804F17D080
:108AF000FFE70698B0F1A04F13D013E016E01898E6
:108B00000830002105F0C4FB8DF857000EE01898DE
:108B10002830022105F0A4FC8DF8570006E005E09E
:108B200004E003E001208DF85700FFE79DF85700AF
:108B300068B9FFE744F25441C5F60201086820F025
:108B4000E040189AD2F890201043086004E09DF8A5
:108B500057008DF85600FFE7FFE7189800784006A9
:108B600000284ED5FFE71898D0F89C000590C8B1B2
:108B7000FFE70598B0F5806F15D0FFE70598B0F5D1
:108B8000006F18D0FFE70598B0F5406F1BD0FFE7E6
:108B90000598B0F5805F17D0FFE70598B0F5A05FA6
:108BA00013D013E016E018980830002105F070FB90
:108BB0008DF857000EE018982830022105F050FC7F
:108BC0008DF8570006E005E004E003E001208DF891
:108BD0005700FFE79DF8570068B9FFE744F2584196
:108BE000C5F60201086820F4E050189AD2F89C20DB
:108BF0001043086004E09DF857008DF85600FFE729
:108C0000FFE718980078000600284ED5FFE718986F
:108C1000D0F8A0000490C8B1FFE70498B0F5005F59
:108C200015D0FFE70498B0F5804F18D0FFE70498FF
:108C3000B0F5C04F1BD0FFE70498B0F5004F17D038
:108C4000FFE70498B0F5204F13D013E016E0189812
:108C50000830002105F01CFB8DF857000EE0189835
:108C60002830022105F0FCFB8DF8570006E005E0F6
:108C700004E003E001208DF85700FFE79DF857005E
:108C800068B9FFE744F25841C5F60201086820F4CC
:108C90006040189AD2F8A0201043086004E09DF8C4
:108CA00057008DF85600FFE7FFE718980078000797
:108CB000002820D5FFE71898D0F88400B0F5805F31
:108CC0000CD1FFE718982830022105F0C9FB20B12C
:108CD000FFE701208DF85600FFE7FFE744F254411B
:108CE000C5F60201086820F44050189AD2F8842092
:108CF00010430860FFE718980078C006002820D5C8
:108D0000FFE71898D0F89800B0F5807F0CD1FFE706
:108D100018982830022105F0A3FB20B1FFE70120BD
:108D20008DF85600FFE7FFE744F25841C5F602010F
:108D3000086820F44070189AD2F898201043086010
:108D4000FFE718988078000700283CD5FFE71898BF
:108D5000D0F8A400039050B1FFE70398B0F5803F2E
:108D60000DD0FFE70398B0F5003F10D010E0189841
:108D70000830002105F08CFA8DF857000CE01898A7
:108D80002830022105F06CFB8DF8570004E003E069
:108D900001208DF85700FFE79DF8570068B9FFE7FD
:108DA00044F25841C5F60201086820F44030189A90
:108DB000D2F8A4201043086004E09DF857008DF815
:108DC0005600FFE7FFE718988078400700283FD556
:108DD000FFE71898D0F888000290B0F5801F0AD0FD
:108DE000FFE70298B0F5001F0ED0FFE70298B0F53C
:108DF000401F11D011E044F22C41C5F60201086871
:108E000040F4003008600CE018982830012105F08B
:108E100027FB8DF8570004E003E001208DF8570090
:108E2000FFE79DF8570068B9FFE744F25441C5F6E3
:108E30000201086820F44010189AD2F888201043E4
:108E4000086004E09DF857008DF85600FFE7FFE743
:108E500018988078C007A8B3FFE71898006D0190B4
:108E600028B1FFE70198B0F5803F09D010E044F247
:108E70002C41C5F60201086840F4003008600BE0A0
:108E800018980830022105F003FA8DF8570003E026
:108E900001208DF85700FFE79DF8570060B9FFE704
:108EA00044F24C41C5F60201086820F48030189A5B
:108EB000126D1043086004E09DF857008DF85600CD
:108EC000FFE7FFE71898C078800600280CD5FFE779
:108ED00018982830022105F0C3FA20B1FFE70120DD
:108EE0008DF85600FFE7FFE7189880788007002884
:108EF0003CD5FFE71898D0F880000090D0B1FFE78C
:108F00000098B0F5807F0AD0FFE70098B0F5007FA9
:108F10000ED0FFE70098B0F5407F0AD00BE044F296
:108F20002C41C5F60201086840F40030086006E0F4
:108F300005E004E003E001208DF85700FFE79DF80D
:108F4000570068B9FFE744F25441C5F602010868CA
:108F500020F44070189AD2F880201043086004E092
:108F60009DF857008DF85600FFE7FFE718988078C6
:108F7000C00600280CD5FFE744F25041C5F60201B7
:108F8000086820F00040189A526F10430860FFE70D
:108F90001898C078C00600280DD5FFE744F21041AC
:108FA000C5F60201086820F48040189AD2F8B8206B
:108FB00010430860FFE718988078800600280CD5D9
:108FC000FFE744F25041C5F60201086820F08070C6
:108FD000189AD26E10430860FFE71898C0784006D0
:108FE000002811D5FFE7FFE744F21041C5F6020162
:108FF000086820F4004008601898D0F8BC20086881
:1090000010430860FFE7FFE71898C07800060028C3
:109010000CD5FFE744F24C41C5F60201086820F088
:109020004050189A526D10430860FFE718988078F6
:10903000000600280DD5FFE744F25441C5F60201B1
:10904000086820F44000189AD2F88C201043086079
:10905000FFE718980079C00790B1FFE7189808302B
:10906000002105F015F98DF857009DF8570008B953
:10907000FFE704E09DF857008DF85600FFE7FFE793
:10908000189800798007002812D5FFE71898083053
:10909000012105F0FDF88DF857009DF8570008B93B
:1090A000FFE704E09DF857008DF85600FFE7FFE763
:1090B000189800794007002812D5FFE71898083063
:1090C000022105F0E5F88DF857009DF8570008B922
:1090D000FFE704E09DF857008DF85600FFE7FFE733
:1090E000189800790007002812D5FFE71898283053
:1090F000002105F0B5F98DF857009DF8570008B923
:10910000FFE704E09DF857008DF85600FFE7FFE702
:1091100018980079C006002812D5FFE71898283063
:10912000012105F09DF98DF857009DF8570008B909
:10913000FFE704E09DF857008DF85600FFE7FFE7D2
:10914000189800798006002812D5FFE71898283073
:10915000022105F085F98DF857009DF8570008B9F0
:10916000FFE704E09DF857008DF85600FFE7FFE7A2
:109170009DF8560020B9FFE700208DF8670003E056
:1091800001208DF86700FFE79DF867001AB080BDE9
:1091900080B586B004900391049820B9FFE70120C0
:1091A0008DF817003CE2039842F20001C5F200215D
:1091B000096801F00F01884216D9FFE742F200006A
:1091C000C5F20020016821F00F01039A11430160EC
:1091D000006800F00F000399884204D0FFE70120E7
:1091E0008DF817001CE2FFE704980078400700287C
:1091F00019D5FFE70498006944F21841C5F6020149
:10920000096801F0700188420CD9FFE744F2184167
:10921000C5F60201086820F07000049A1269104334
:109220000860FFE7FFE7049800780007002819D5D9
:10923000FFE70498406944F21C41C5F60201096841
:1092400001F0700188420CD9FFE744F21C41C5F6D9
:109250000201086820F07000049A52691043086007
:10926000FFE7FFE704980078C006002819D5FFE75C
:109270000498806944F21C41C5F60201096801F4B2
:10928000E06188420CD9FFE744F21C41C5F60201B7
:10929000086820F4E060049A926910430860FFE7D0
:1092A000FFE7049800788006002819D5FFE70498A6
:1092B000C06944F22041C5F60201096801F070015D
:1092C00088420CD9FFE744F22041C5F60201086844
:1092D00020F07000049AD26910430860FFE7FFE7AE
:1092E000049800788007002819D5FFE70498C06823
:1092F00044F21841C5F60201096801F00F018842E5
:109300000CD9FFE744F21841C5F60201086820F0C5
:109310000F00049AD26810430860FFE7FFE7049843
:109320000078C007002800F08C80FFE744F2184165
:10933000C5F60201086820F47060049A9268104330
:10934000086004984068022811D1FFE744F2004009
:10935000C5F60200006800F400310020B0EB514F68
:1093600004D1FFE701208DF8170059E13EE0049891
:109370004068032811D1FFE744F20040C5F602001F
:10938000006800F000710020B0EB516F04D1FFE7DE
:1093900001208DF8170043E127E004984068012878
:1093A00011D1FFE744F20040C5F60200006800F466
:1093B00080710020B0EB112F04D1FFE701208DF860
:1093C00017002DE110E044F20040C5F602000068ED
:1093D00000F004010020B0EB910F04D1FFE7012061
:1093E0008DF817001CE1FFE7FFE7FFE744F21041AB
:1093F000C5F60201086820F00700049A526810437D
:109400000860FDF71DF80190FFE744F21040C5F633
:109410000200006800F0380004994968B0EBC10F01
:109420000ED0FFE7FDF70CF80199401A41F289319F
:10943000884204D3FFE703208DF81700F0E0E4E74B
:10944000FFE7049800788007002819D5FFE7049803
:10945000C06844F21841C5F60201096801F00F0125
:1094600088420CD2FFE744F21841C5F602010868B1
:1094700020F00F00049AD26810430860FFE7FFE76E
:10948000039842F20001C5F20021096801F00F01C2
:10949000884216D2FFE742F20000C5F200200168C0
:1094A00021F00F01039A11430160006800F00F00E2
:1094B0000399884204D0FFE701208DF81700AFE040
:1094C000FFE7049800784007002819D5FFE70498C3
:1094D000006944F21841C5F60201096801F0700103
:1094E00088420CD2FFE744F21841C5F60201086831
:1094F00020F07000049A126910430860FFE7FFE74C
:10950000049800780007002819D5FFE704984069FF
:1095100044F21C41C5F60201096801F0700188425D
:109520000CD2FFE744F21C41C5F60201086820F0A6
:109530007000049A526910430860FFE7FFE704983F
:109540000078C006002819D5FFE70498806944F226
:109550001C41C5F60201096801F4E06188420CD2A1
:10956000FFE744F21C41C5F60201086820F4E06000
:10957000049A926910430860FFE7FFE704980078B7
:109580008006002819D5FFE70498C06944F22041FD
:10959000C5F60201096801F0700188420CD2FFE7AC
:1095A00044F22041C5F60201086820F07000049AD8
:1095B000D26910430860FFE7FFE700F089F844F242
:1095C0001842C5F602021168C1F3032340F6B41134
:1095D000C0F60101CB5C03F01F03D8400090009857
:1095E000126802F00F02895C01F01F01C84040F2CE
:1095F0000401C2F200410860009840F20001C2F28A
:109600000041086040F20C00C2F200400068FDF723
:10961000E7F98DF80B009DF80B008DF81700FFE7B8
:109620009DF8170006B080BD80B582B000F050F8FC
:1096300044F21842C5F602021168C1F3032340F652
:10964000B411C0F60101CB5C03F01F03D8400190B8
:109650000198126802F00F02895C01F01F0120FAE4
:1096600001F140F20400C2F200400160019940F2B1
:109670000002C2F200421160006802B080BD00002A
:1096800080B5FFF7D1FF44F21C41C5F6020109681D
:10969000C1F3021240F6B411C0F60101895C01F079
:1096A0001F01C84080BD000080B5FFF7BDFF44F238
:1096B0001C41C5F602010968C1F3022240F6B4114B
:1096C000C0F60101895C01F01F01C84080BD0000A7
:1096D0008AB044F21040C5F60200006800F038007D
:1096E00001460191182800F269810199DFE811F023
:1096F0001900660166016601660166016601660180
:109700003A0066016601660166016601660166014E
:109710004000660166016601660166016601660138
:10972000460044F20040C5F60200006800F0200147
:109730000020B0EB511F0ED0FFE744F20040C5F609
:1097400002000068C0F3C10149F20000C0F2D0304D
:10975000C840029005E049F20000C0F2D03002900B
:10976000FFE731E140F60010C0F23D0002902BE12E
:1097700043F20060C0F26E10029025E144F22840EE
:10978000C5F60200016801F0030108910068C0F30A
:109790000510079044F22C40C5F60200006800F066
:1097A00001000690069844F23441C5F602010968AA
:1097B00089B2C908484300EE100AB8EE400A8DEDA0
:1097C000040A0798002800F0F580FFE70898009049
:1097D00048B1FFE70098012869D0FFE70098022808
:1097E00000F08980ABE044F20040C5F6020000685A
:1097F00000F020010020B0EB511F33D0FFE744F20E
:109800000040C5F602000068C0F3C10149F2000043
:10981000C0F2D030C84005909DED050AB8EE400A70
:109820009DED071AB8EE411A80EE010A44F230406D
:10983000C5F6020000686FF35F2001EE100AB8EE73
:10984000411A9DED042A9FED633A82EE032A31EE20
:10985000021AB7EE002A31EE021A20EE010A8DED4F
:10986000030A23E09DED070AB8EE401A9FED5B0A5C
:1098700080EE010A44F23040C5F6020000686FF342
:109880005F2001EE100AB8EE411A9DED042A9FED0B
:10989000513A82EE032A31EE021AB7EE002A31EE77
:1098A000021A20EE010A8DED030AFFE76BE09DED41
:1098B000070AB8EE401A9FED480A80EE010A44F20A
:1098C0003040C5F6020000686FF35F2001EE100A19
:1098D000B8EE411A9DED042A9FED3E3A82EE032A2E
:1098E00031EE021AB7EE002A31EE021A20EE010A1A
:1098F0008DED030A47E09DED070AB8EE401A9FED93
:10990000340A80EE010A44F23040C5F602000068D5
:109910006FF35F2001EE100AB8EE411A9DED042AA4
:109920009FED2C3A82EE032A31EE021AB7EE002A9E
:1099300031EE021A20EE010A8DED030A23E09DEDBF
:10994000070AB8EE401A9FED240A80EE010A44F29D
:109950003040C5F6020000686FF35F2001EE100A88
:10996000B8EE411A9DED042A9FED1A3A82EE032AC1
:1099700031EE021AB7EE002A31EE021A20EE010A89
:109980008DED030AFFE744F23040C5F6020000689F
:1099900081B2012000EB512009909DED030A9DED5D
:1099A000091AB8EE411A80EE010ABCEEC00A8DED2C
:1099B000020A02E000200290FFE705E040F60010F6
:1099C000C0F23D000290FFE702980AB0704700BF66
:1099D000001BB74B000000460024744A0024744C5E
:1099E00080B58CB00A900A9828B9FFE701208DF85D
:1099F0002F0000F09DBD0A980078C007002800F0F5
:109A0000B980FFE744F21040C5F60200006800F09C
:109A10003800069044F22840C5F602000068059020
:109A2000069810280AD0FFE7069818281CD1FFE7EF
:109A3000059800F00300022816D1FFE744F2004029
:109A4000C5F60200006800F400310020B0EB514F71
:109A500009D0FFE70A98406828B9FFE701208DF890
:109A60002F0000F065BD84E0FFE70A984068B0F57C
:109A7000803F09D1FFE744F20041C5F602010868C2
:109A800040F48030086032E00A98406868B9FFE727
:109A900044F20041C5F60201086820F480300860F5
:109AA000086820F48020086020E00A984068B0F53B
:109AB000A02F0DD1FFE744F20041C5F6020108686E
:109AC00040F480200860086840F4803008600CE0B2
:109AD00044F20041C5F60201086820F480300860B5
:109AE000086820F480200860FFE7FFE7FFE7FFE752
:109AF0000A984068F0B1FFE7FCF7A2FC0990FFE785
:109B000044F20040C5F60200006800F40031002075
:109B1000B0EB514F0DD1FFE7FCF792FC0999401AC9
:109B2000652805D3FFE703208DF82F0000F000BD66
:109B3000E6E71DE0FCF784FC0990FFE744F20040F3
:109B4000C5F60200006800F400310020B0EB514F70
:109B50000DD0FFE7FCF774FC0999401A652805D37E
:109B6000FFE703208DF82F0000F0E2BCE6E7FFE7F7
:109B7000FFE7FFE70A9800788007002840F1168188
:109B8000FFE744F21040C5F60200006800F038001C
:109B9000049044F22840C5F602000068039004983F
:109BA00050B1FFE70498182878D1FFE79DF80C0022
:109BB0008007002872D1FFE744F20040C5F602009A
:109BC000006800F004010020B0EB910F09D0FFE71E
:109BD0000A98C06828B9FFE701208DF82F0000F02F
:109BE000A7BC44F20041C5F60201086820F0190044
:109BF0000A9AD26810430860FCF722FC0990FFE73C
:109C000044F20040C5F60200006800F004010020A4
:109C1000B0EB910F0DD1FFE7FCF712FC0999401A48
:109C2000032805D3FFE703208DF82F0000F080BC48
:109C3000E6E7FFE7FCF7FCFB41F2030188421DD891
:109C4000FFE70A98006940280AD1FFE744F204417F
:109C5000C5F602010868202262F3113008600CE0AA
:109C600044F20441C5F60201086820F47C300A9AE7
:109C7000126940EA02300860FFE70CE044F2044158
:109C8000C5F60201086820F0FE400A9A126940EA0F
:109C900002600860FFE7FFE7FFE786E00A98C06818
:109CA00000285CD0FFE744F20041C5F602010868D5
:109CB00020F019000A9AD26810430860FCF7C0FB34
:109CC0000990FFE744F20040C5F60200006800F08A
:109CD00004010020B0EB910F0DD1FFE7FCF7B0FBC2
:109CE0000999401A032805D3FFE703208DF82F00B8
:109CF00000F01EBCE6E7FFE7FCF79AFB41F2030128
:109D000088421DD8FFE70A98006940280AD1FFE77A
:109D100044F20441C5F602010868202262F31130C2
:109D200008600CE044F20441C5F60201086820F422
:109D30007C300A9A126940EA02300860FFE70CE0C2
:109D400044F20441C5F60201086820F0FE400A9A78
:109D5000126940EA02600860FFE7FFE724E044F28E
:109D60000041C5F60201086820F001000860FCF718
:109D700067FB0990FFE744F20040C5F60200006867
:109D800000F004010020B0EB910F0CD0FFE7FCF7CE
:109D900057FB0999401A032804D3FFE703208DF8E5
:109DA0002F00C5E3E7E7FFE7FFE7FFE70A98007842
:109DB000C006002840F1EB80FFE744F21040C5F6F2
:109DC0000200006800F03800029044F22840C5F616
:109DD000020000680190029808280AD0FFE7029864
:109DE000182850D1FFE7019800F0030001284AD15C
:109DF000FFE744F20040C5F60200006800F48071FD
:109E00000020B0EB112F09D0FFE70A98C069802825
:109E100004D0FFE701208DF82F0089E3FFE7FCF76E
:109E200007FB41F2030188421DD8FFE70A98006A48
:109E300020280AD1FFE744F20441C5F60201086870
:109E4000102262F39E6008600CE044F20441C5F603
:109E50000201086820F0F8400A9A126A40EA82601B
:109E60000860FFE70CE044F20C41C5F60201086807
:109E700020F07C500A9A126A40EA02600860FFE70C
:109E8000FFE7FFE782E00A98C069002858D0FFE7A3
:109E900044F20041C5F60201086840F08000086005
:109EA000FCF7CEFA0990FFE744F20040C5F6020045
:109EB000006800F480710020B0EB112F0CD1FFE797
:109EC000FCF7BEFA0999401A032804D3FFE70320E0
:109ED0008DF82F002CE3E7E7FFE7FCF7A9FA41F242
:109EE000030188421DD8FFE70A98006A20280AD19A
:109EF000FFE744F20441C5F602010868102262F34C
:109F00009E6008600CE044F20441C5F60201086856
:109F100020F0F8400A9A126A40EA82600860FFE77F
:109F20000CE044F20C41C5F60201086820F07C50B8
:109F30000A9A126A40EA02600860FFE7FFE724E03D
:109F400044F20041C5F60201086820F08000086074
:109F5000FCF776FA0990FFE744F20040C5F60200EC
:109F6000006800F480710020B0EB112F0CD0FFE7E7
:109F7000FCF766FA0999401A032804D3FFE7032087
:109F80008DF82F00D4E2E7E7FFE7FFE7FFE70A9845
:109F90000078000700284FD5FFE70A98406928B3EA
:109FA000FFE744F27441C5F60201086840F0010081
:109FB0000860FCF745FA0990FFE744F27440C5F6E3
:109FC0000200006800F002010020B0EB510F0CD13C
:109FD000FFE7FCF735FA0999401A032804D3FFE795
:109FE00003208DF82F00A3E2E7E724E044F2744158
:109FF000C5F60201086820F001000860FCF720FAAD
:10A000000990FFE744F27440C5F60200006800F0D2
:10A0100002010020B0EB510F0CD0FFE7FCF710FA63
:10A020000999401A032804D3FFE703208DF82F0075
:10A030007EE2E7E7FFE7FFE70A980078800600285E
:10A040004FD5FFE70A98806928B3FFE744F2004143
:10A05000C5F60201086840F480500860FCF7F0F98A
:10A060000990FFE744F20040C5F60200006800F4E2
:10A0700000510020B0EB513F0CD1FFE7FCF7E0F9B5
:10A080000999401A032804D3FFE703208DF82F0015
:10A090004EE2E7E724E044F20041C5F60201086819
:10A0A00020F480500860FCF7CBF90990FFE744F2F8
:10A0B0000040C5F60200006800F400510020B0EB3B
:10A0C000513F0CD0FFE7FCF7BBF90999401A032870
:10A0D00004D3FFE703208DF82F0029E2E7E7FFE72D
:10A0E000FFE70A9800784007002840F1A780FFE7C3
:10A0F00044F60001C5F60201086840F4807008606B
:10A10000FCF79EF90990FFE744F60000C5F602004F
:10A110000068C00500280CD4FFE7FCF791F9099905
:10A12000401A652804D3FFE703208DF82F00FFE1D4
:10A13000EAE7FFE70A988068012809D1FFE744F2BF
:10A140007041C5F60201086840F00100086031E086
:10A150000A98806868B9FFE744F27041C5F60201C9
:10A16000086820F001000860086820F0040008601A
:10A170001FE00A98806805280DD1FFE744F270417E
:10A18000C5F60201086840F004000860086840F065
:10A19000010008600CE044F27041C5F60201086855
:10A1A00020F001000860086820F004000860FFE764
:10A1B000FFE7FFE7FFE70A988068F8B1FFE7FCF7E1
:10A1C0003FF90990FFE744F27040C5F602000068CD
:10A1D00000F002010020B0EB510F0ED1FFE7FCF7B9
:10A1E0002FF90999401A41F28931884204D3FFE7D7
:10A1F00003208DF82F009BE1E5E71EE0FCF720F936
:10A200000990FFE744F27040C5F60200006800F0D4
:10A2100002010020B0EB510F0ED0FFE7FCF710F960
:10A220000999401A41F28931884204D3FFE703209B
:10A230008DF82F007CE1E5E7FFE7FFE70A98406A29
:10A24000002800F07181FFE744F21040C5F60200DB
:10A25000006800F03800182800F0E080FFE70A9856
:10A26000406A022840F0B480FFE744F20041C5F69E
:10A270000201086820F080700860FCF7E1F809909E
:10A28000FFE744F20040C5F60200006800F00071EC
:10A290000020B0EB516F0CD0FFE7FCF7D1F8099923
:10A2A000401A032804D3FFE703208DF82F003FE175
:10A2B000E7E7FFE744F22841C5F60201086840F2EB
:10A2C000F33290430A9B9A6ADB6A42EA0312104314
:10A2D00008600A99086BD1F834C08B6BCA6B0138DF
:10A2E0006FF35F204FF60061CFF6FF7101EB4C2159
:10A2F00089B208440021CFF6FF7101EB034101F45C
:10A30000FE0108444FF07F4101EB026101F0FE4184
:10A31000084444F23041C5F602010860FFE744F208
:10A320002C41C5F602010091086820F00100086088
:10A3300044F23442C5F6020210684FF6F8739843AF
:10A340000A9B9B6C40EAC3001060086820F00C0078
:10A350000A9A126C10430860086820F002000A9AFA
:10A36000526C10430860086840F480300860086848
:10A3700040F400300860086840F4802008600868F5
:10A3800040F00100086044F20041C5F6020108688F
:10A3900040F080700860FCF753F80990FFE744F242
:10A3A0000040C5F60200006800F000710020B0EB2C
:10A3B000516F0CD1FFE7FCF743F80999401A0328C5
:10A3C00004D3FFE703208DF82F00B1E0E7E724E096
:10A3D00044F20041C5F60201086820F08070086070
:10A3E000FCF72EF80990FFE744F20040C5F60200A2
:10A3F000006800F000710020B0EB516F0CD0FFE757
:10A40000FCF71EF80999401A032804D3FFE703203C
:10A410008DF82F008CE0E7E7FFE784E044F2284066
:10A42000C5F602000068089044F23040C5F602000C
:10A43000006807900A98406A012837D0FFE708981B
:10A4400000F003000A99896A88422FD1FFE7089833
:10A4500000F47C710A98C06AB0EB111F26D1FFE7A7
:10A4600007986FF35F200A99096B013988421DD163
:10A47000FFE7BDF81C100A98406B0138B0EB512F74
:10A4800014D1FFE7079800F4FE010A98806B0138A9
:10A49000B0EB114F0AD1FFE7079800F0FE410A9890
:10A4A000C06B0138B0EB116F04D0FFE701208DF8CD
:10A4B0002F003DE044F23440C5F60200006880B24F
:10A4C000C00808900A98806C0899884229D0FFE754
:10A4D00044F22C41C5F60201086820F00100086032
:10A4E000FBF7AEFF0990FFE7FBF7AAFF0999401AB7
:10A4F00008B9FFE7F8E744F23441C5F602010868FD
:10A500004FF6F87290430A9A926C40EAC2000860D3
:10A5100044F22C41C5F60201086840F001000860D1
:10A52000FFE7FFE7FFE7FFE700208DF82F00FFE7D9
:10A530009DF82F000CB080BD80B586B004900498C3
:10A5400020B9FFE701208DF817003AE10498406A2E
:10A5500008B9FFE7FFE704990020886204980068C3
:10A5600043F20001C4F2010188421BD0FFE70498C6
:10A57000006843F60001C4F20001884212D0FFE7F0
:10A580000498006843F60041C4F20001884209D0F3
:10A59000FFE70498C068102804D3FFE701208DF876
:10A5A00017000EE1049804F043F802900498006844
:10A5B00043F20001C4F20101884216D0FFE704987B
:10A5C000006843F60001C4F2000188420DD0FFE7A5
:10A5D0000498006843F60041C4F20001884204D0A8
:10A5E000FFE7029808281FD8FFE70498006843F2A5
:10A5F0000001C4F20101884212D0FFE7049800680C
:10A6000043F60001C4F20001884209D0FFE7049834
:10A61000006843F60041C4F20001884208D1FFE718
:10A620000298112804D3FFE701208DF81700C8E035
:10A63000049890F8810040B9FFE70499002081F860
:10A640008000049800F0C4F8FFE70499022081F824
:10A65000810004980168086820F0010008600498EF
:10A660000068806800F4F810039004988069B0F1E5
:10A67000806F1BD1FFE704984068B0F5800F04D1CC
:10A68000FFE70498806B50B1FFE70498406868B911
:10A69000FFE70498806BB0F1805F07D1FFE7049873
:10A6A0000168086840F480500860FFE704988079EA
:10A6B0004006002810D5FFE70498C06807280BD390
:10A6C000FFE704980068006820F48070049A11681D
:10A6D000126D1043086006E004980168086820F4D1
:10A6E00080700860FFE7049B1968DA68D869D3F8BE
:10A6F00028C040EA0C00DDF80CC040EA0C00DB6B1F
:10A70000184310438860049A0192506B516A0843C1
:10A71000916B0843916908431168D2F804C09368AB
:10A72000D2F810E040EA0E00D2F814E040EA0E0041
:10A73000D2F820E040EA0E0040EA0C00D2F84CC00B
:10A7400040EA0C001843936C1843926D1043C860A4
:10A750000498406898B9FFE7049800688068012170
:10A7600061F3CC20049909688860049800688068C7
:10A77000022161F34A20049909688860FFE7049880
:10A780000168086D20F00100086504988079400692
:10A7900000280BD5FFE704980068C06820F000404F
:10A7A000049A1168526D1043C860FFE704990020B5
:10A7B000C1F88400049A012182F881108DF81700F5
:10A7C000FFE79DF8170006B080BD00000000000004
:10A7D00080B5D0B04F9000204E904D904C904B9053
:10A7E0004A901AA8C021F5F7C1FD4F98006843F2BE
:10A7F0000001C4F20101884262D1FFE700201B90F2
:10A800004FF480511A9132901AA8FDF771FC18B1DB
:10A81000FFE7F6F751FCFFE7FFE744F2F040C5F62B
:10A820000200016841F480510160006800F480502A
:10A8300019901998FFE7FFE744F2E040C5F60200DF
:10A84000016841F008010160006800F008001890FC
:10A850001898FFE7FFE744F2E040C5F60200016800
:10A8600041F040010160006800F040001790179827
:10A87000FFE780204A90022007904B90002008902C
:10A880004C904D90052009904E9040F60040C5F642
:10A8900002004AA90A91FBF7CFFB079B089A099887
:10A8A0000A994FF4206CCDF828C14B934C924D92ED
:10A8B0004E9041F60000C5F60200FBF7BDFBACE18F
:10A8C0004F98006843F60001C4F20001884262D14B
:10A8D000FFE700201B904FF480511A9132901AA884
:10A8E000FDF706FC18B1FFE7F6F7E6FBFFE7FFE729
:10A8F00044F2E840C5F60200016841F4804101607D
:10A90000006800F4804016901698FFE7FFE744F2D5
:10A91000E040C5F60200016841F0010101600068F5
:10A9200000F0010015901598FFE7FFE744F2E040C2
:10A93000C5F60200016841F480710160006800F40E
:10A94000807014901498FFE74FF480504A900220D2
:10A9500003904B90002004904C904D900520059062
:10A960004E900020C5F602004AA90691FBF764FB51
:10A97000039B049A059806994FF0080CCDF828C15E
:10A980004B934C924D924E9042F20000C5F602005D
:10A99000FBF752FB40E14F98006843F60041C4F2D8
:10A9A0000001884260D1FFE700201B904FF48051E6
:10A9B0001A9132901AA8FDF79BFB18B1FFE7F6F742
:10A9C0007BFBFFE7FFE744F2E840C5F602000168C1
:10A9D00041F400410160006800F4004013901398B6
:10A9E000FFE7FFE744F2E040C5F60200016841F0EE
:10A9F00004010160006800F0040012901298FFE763
:10AA0000FFE744F2E040C5F60200016841F00801AA
:10AA10000160006800F0080011901198FFE74FF402
:10AA200040604A90022000904B90002001904C9092
:10AA30004D9006204E9040F60000C5F602004AA94F
:10AA40000291FBF7F9FA009A0198029940234A9380
:10AA50004B924C904D9005204E9040F60040C5F62C
:10AA60000200FBF7E9FAD6E04F98006843F2004194
:10AA7000C4F2010188423DD1FFE700201B904FF452
:10AA800000511A9133901AA8FDF732FB18B1FFE775
:10AA9000F6F712FBFFE7FFE744F2F040C5F60200CD
:10AAA000016841F400510160006800F4005010900A
:10AAB0001098FFE7FFE744F2E040C5F602000168A6
:10AAC00041F010010160006800F010000F900F9835
:10AAD000FFE764204A9002204B9000204C904D905C
:10AAE00005204E9041F20000C5F602004AA9FBF78E
:10AAF000A3FA8FE04F98006845F20001C4F201010B
:10AB000088423ED1FFE700201B904FF400511A917C
:10AB100033901AA8FDF7ECFA18B1FFE7F6F7CCFA74
:10AB2000FFE7FFE744F2F040C5F60200016841F498
:10AB300080110160006800F480100E900E98FFE70D
:10AB4000FFE744F2E040C5F60200016841F0200151
:10AB50000160006800F020000D900D98FFE74FF4B1
:10AB600060704A9002204B9000204C904D90052040
:10AB70004E9041F20040C5F602004AA9FBF75CFA8C
:10AB800047E04F98006841F20041C5F60001884255
:10AB90003ED1FFE700201B904FF480411A91469070
:10ABA0001AA8FDF7A5FA18B1FFE7F6F785FAFFE74F
:10ABB000FFE744F2F440C5F60200016841F02001CD
:10ABC0000160006800F020000C900C98FFE7FFE7A0
:10ABD00044F2E040C5F60200016841F04001016026
:10ABE000006800F040000B900B98FFE74FF4E04046
:10ABF0004A9002204B9000204C904D9005204E90A2
:10AC000041F60000C5F602004AA9FBF715FAFFE776
:10AC1000FFE7FFE7FFE7FFE7FFE750B080BD000079
:10AC200082B00190009140F20441C5F6000108682D
:10AC3000019A9043009A1043086002B070470000E8
:10AC400080B582B00190019803F08EFD02B080BD06
:10AC500084B00290019100200090FFE7029890F8E4
:10AC60003C00012804D1FFE702208DF80F0074E0BA
:10AC70000299012081F83C00FFE7FFE7009820F0EF
:10AC8000FF000199C96808430090009820F44070C3
:10AC90000199896808430090009820F48060019928
:10ACA000496808430090009820F400600199096801
:10ACB00008430090009820F48050019909690843E6
:10ACC0000090009820F400500199496908430090D1
:10ACD000009820F480400199896A08430090009808
:10ACE00020F470200199896940EA0140009002989F
:10ACF00000680021C4F20101884209D0FFE70298F0
:10AD0000006840F20041C4F20101884217D1FFE718
:10AD1000009820F470000199496A40EA01500090BF
:10AD2000009820F080700199C9690843009000984C
:10AD300020F000700199096A08430090FFE700982D
:10AD4000029909684864FFE70299002081F83C00F5
:10AD5000FFE700208DF80F00FFE79DF80F0004B01B
:10AD6000704700000000000085B003900291FFE7EB
:10AD7000039890F83C00012804D1FFE702208DF8E9
:10AD8000130099E00399012081F83C00FFE7FFE7F9
:10AD90000399022081F83D00039800684068019003
:10ADA0000398006880680090039800680021C4F24E
:10ADB0000101884209D0FFE70398006840F2004192
:10ADC000C4F2010188420AD1FFE7019820F4700023
:10ADD000019002984168019808430190FFE70198AB
:10ADE00020F07000019002980168019808430190DA
:10ADF0000198039909684860039800680021C4F22B
:10AE0000010188423CD0FFE703980068B0F1804F11
:10AE100036D0FFE70398006840F20041C4F2000119
:10AE200088422DD0FFE70398006840F60001C4F285
:10AE30000001884224D0FFE70398006840F60041F3
:10AE4000C4F2000188421BD0FFE70398006840F27B
:10AE50000041C4F20101884212D0FFE70398006864
:10AE600041F60001C4F20001884209D0FFE70398CF
:10AE7000006844F20001C4F2010188420ED1FFE7EC
:10AE8000009820F0800000900298816800980843A4
:10AE900000900098039909688860FFE703990120F2
:10AEA00081F83D00FFE70399002081F83C00FFE7AF
:10AEB00000208DF81300FFE79DF8130005B07047E0
:10AEC00080B582B00090009820B9FFE701208DF88E
:10AED000070045E0009890F83D0040B9FFE7009971
:10AEE000002081F83C00009800F03EF8FFE7009950
:10AEF000022081F83D00009951F8040B03F0A0FDF9
:10AF00000099012081F84800FFE70099012081F8AD
:10AF10003E00009981F83F00009981F840000099B7
:10AF200081F84100009981F84200009981F84300BE
:10AF3000FFE7FFE70099012081F84400009981F8BC
:10AF40004500009981F84600009981F84700FFE725
:10AF50000099012081F83D0000208DF80700FFE7EF
:10AF60009DF8070002B080BD85B004900498006889
:10AF70000021C4F20101884210D1FFE7FFE744F24B
:10AF8000F040C5F60200016841F00101016000686F
:10AF900000F0010003900398FFE74AE0049800687E
:10AFA000B0F1804F10D1FFE7FFE744F2E840C5F66B
:10AFB0000200016841F001010160006800F0010039
:10AFC00002900298FFE733E00498006840F6000121
:10AFD000C4F20001884210D1FFE7FFE744F2E840E5
:10AFE000C5F60200016841F004010160006800F04C
:10AFF000040001900198FFE719E00498006840F20E
:10B000000041C4F20101884210D1FFE7FFE744F29A
:10B01000F040C5F60200016841F0020101600068DD
:10B0200000F0020000900098FFE7FFE7FFE7FFE76E
:10B03000FFE705B07047000080B586B0049003912B
:10B0400000208DF80B00FFE7049890F83C000128E1
:10B0500004D1FFE702208DF81700D1E00499012008
:10B0600081F83C00FFE7FFE70499022081F83D00EA
:10B07000049800688068019001984FF68871CFF6B7
:10B08000CE7108400190019820F47F400190019812
:10B09000049909688860039800680090002800F00F
:10B0A0009580FFE70098102800F09080FFE7009857
:10B0B000202800F08B80FFE70098302800F0868081
:10B0C000FFE70098402874D0FFE70098502856D03A
:10B0D000FFE7009860285FD0FFE7009870282AD02B
:10B0E000FFE70098B0F5805F24D0FFE70098B0F547
:10B0F000005F35D0FFE70098B0F5801F66D0FFE70E
:10B100000098B0F1101F61D0FFE700982021C0F235
:10B11000100188425AD0FFE700983021C0F2100198
:10B12000884253D0FFE700984021C0F210018842C6
:10B130004CD052E055E004980068039B5A68996827
:10B14000DB6803F051FD0498006880680190019865
:10B1500040F077000190019804990968886040E008
:10B1600004980068039B5A689968DB6803F03CFD0B
:10B1700004980168886840F48040886031E0049851
:10B180000068039A5168D26804F0BEF80498006819
:10B19000502103F045FD24E004980068039A5168AB
:10B1A000D26804F0D9F804980068602103F038FDF3
:10B1B00017E004980068039A5168D26804F0A4F874
:10B1C00004980068402103F02BFD0AE00498006811
:10B1D0000399096803F024FD03E001208DF80B00BA
:10B1E000FFE70499012081F83D00FFE70499002062
:10B1F00081F83C00FFE79DF80B008DF81700FFE792
:10B200009DF8170006B080BD80B586B0049003910C
:10B21000049820B9FFE701208DF817008AE0049810
:10B2200090F83D0040B9FFE70499002081F83C0008
:10B23000049800F085F8FFE70499022081F83D00AA
:10B240000498016888684BF6F872CFF6FE721040D9
:10B250008860049951F8040B03F0F2FB049800682D
:10B2600080680290049800688069019004980068E2
:10B27000006A0090039801680298084302900198C0
:10B2800040F203318843019003998868896940EA54
:10B290000121019808430190019840F60C41884330
:10B2A000019001984FF2F001884301900399C8681A
:10B2B000C96940EA0121019808430190039908698E
:10B2C000096A000140EA01310198084301900098A1
:10B2D00020F022000090009820F088000090039950
:10B2E0004868496940EA01110098084300900298B3
:10B2F0000499096888600198049909688861009830
:10B300000499096808620499012081F848000499A9
:10B3100081F83E00049981F83F00049981F84400C7
:10B32000049981F84500049981F83D0000208DF8CA
:10B330001700FFE79DF8170006B080BD0000000071
:10B3400080B58AB00990002008900790069005907B
:10B3500004900998006840F20041C4F2000188425C
:10B360002ED1FFE7FFE744F2E840C5F6020001688E
:10B3700041F002010160006800F0020003900398B0
:10B38000FFE7FFE744F2E040C5F60200016841F044
:10B3900002010160006800F0020002900298FFE7DD
:10B3A000302004900220059000210691079108901A
:10B3B00040F20040C5F6020004A9FAF73DFE36E06F
:10B3C0000998006840F60041C4F2000188422DD17E
:10B3D000FFE7FFE744F2E840C5F60200016841F0EC
:10B3E00008010160006800F0080001900198FFE783
:10B3F000FFE744F2E040C5F60200016841F00101B8
:10B400000160006800F0010000900098FFE7032051
:10B4100004900220059000210691079108900020D9
:10B42000C5F6020004A9FAF707FEFFE7FFE70AB036
:10B4300080BD00000000000080B58AB009900020A7
:10B4400008900790069005900490099800680021E4
:10B45000C4F20101884221D1FFE7FFE744F2E04056
:10B46000C5F60200016841F010010160006800F0BB
:10B47000100003900398FFE74FF4D440049002209B
:10B4800005900020069007900120089041F20000EE
:10B49000C5F6020004A9FAF7CFFD53E00998006849
:10B4A00040F60001C4F20001884220D1FFE7FFE727
:10B4B00044F2E040C5F60200016841F00801016075
:10B4C000006800F0080002900298FFE74FF4704017
:10B4D000049002200590002106910791089040F603
:10B4E0000040C5F6020004A9FAF7A6FD29E0099874
:10B4F000006840F20041C4F20101884220D1FFE718
:10B50000FFE744F2E040C5F60200016841F48071B3
:10B510000160006800F4807001900198FFE7E0206E
:10B5200004900220059000200690079003200890C8
:10B5300042F20000C5F6020004A9FAF77DFDFFE71C
:10B54000FFE7FFE70AB080BD80B586B004900391A5
:10B55000029200208DF80700FFE7049890F83C0065
:10B56000012804D1FFE702208DF81700C0E00499FC
:10B57000012081F83C00FFE7FFE7029800901428C3
:10B5800000F2A7800099DFE801F00BA4A4A424A492
:10B59000A4A43EA4A4A457A4A4A471A4A4A48A000F
:10B5A00004980068039903F053FB049801688869C4
:10B5B00040F00800886104980168886920F0040060
:10B5C000886103980269049801688869104388615A
:10B5D00083E004980068039903F0E2FB0498016893
:10B5E000886940F40060886104980168886920F4E3
:10B5F000806088610398026904980168886940EA5C
:10B600000220886169E004980068039903F080FCD7
:10B6100004980168C86940F00800C861049801688E
:10B62000C86920F00400C8610398026904980168A1
:10B63000C8691043C86150E004980068039903F09A
:10B640001FFD04980168C86940F40060C86104984F
:10B650000168C86920F48060C86103980269049891
:10B660000168C86940EA0220C86136E004980068B1
:10B67000039903F075FD04980168486D40F00800D7
:10B68000486504980168486D20F0040048650398F7
:10B69000026904980168486D104348651DE00498EC
:10B6A0000068039903F0C4FD04980168486D40F4F4
:10B6B0000060486504980168486D20F48060486522
:10B6C0000398026904980168486D40EA02204865C1
:10B6D00003E001208DF80700FFE7FFE70499002051
:10B6E00081F83C00FFE79DF807008DF81700FFE7A1
:10B6F0009DF8170006B080BD80B582B0009000981C
:10B7000020B9FFE701208DF8070045E0009890F888
:10B710003D0040B9FFE70099002081F83C00009807
:10B7200000F03EF8FFE70099022081F83D00009903
:10B7300051F8040B03F084F90099012081F84800C6
:10B74000FFE70099012081F83E00009981F83F0051
:10B75000009981F84000009981F84100009981F832
:10B760004200009981F84300FFE7FFE700990120BC
:10B7700081F84400009981F84500009981F846005D
:10B78000009981F84700FFE70099012081F83D000A
:10B7900000208DF80700FFE79DF8070002B080BD8C
:10B7A00081B0009001B0704783B00190FFE701982D
:10B7B00090F88400012804D1FFE702208DF80B00E7
:10B7C0002CE00199012081F88400FFE7FFE701994F
:10B7D0002420C1F888000198006800680090019852
:10B7E0000168086820F001000860009820F000500F
:10B7F0000090019900204866009801990968086046
:10B8000001992020C1F88800FFE70199002081F804
:10B810008400FFE700208DF80B00FFE79DF80B0088
:10B8200003B070470000000082B00190ADF8021034
:10B8300002B070470000000081B0009001B0704776
:10B8400080B584B002900191FFE7029890F88400DF
:10B85000012804D1FFE702208DF80F0032E00299A1
:10B86000012081F88400FFE7FFE702992420C1F856
:10B8700088000298006800680090029801680868D3
:10B8800020F00100086002980068806820F0606085
:10B8900001990843029909688860029803F088FDBD
:10B8A000009802990968086002992020C1F8880070
:10B8B000FFE70299002081F88400FFE700208DF85F
:10B8C0000F00FFE79DF80F0004B080BD00000000EE
:10B8D00080B584B002900191FFE7029890F884004F
:10B8E000012804D1FFE702208DF80F0032E0029911
:10B8F000012081F88400FFE7FFE702992420C1F8C6
:10B900008800029800680068009002980168086842
:10B9100020F00100086002980068806820F0604014
:10B9200001990843029909688860029803F040FD74
:10B93000009802990968086002992020C1F88800DF
:10B94000FFE70299002081F88400FFE700208DF8CE
:10B950000F00FFE79DF80F0004B080BD000000005D
:10B9600081B0009001B0704781B0009001B0704785
:10B9700080B586B004900498D0F8880003900498AD
:10B98000D0F88C00029004980068806800060028B7
:10B9900036D5FFE70398212832D1FFE7FFE7FFE71D
:10B9A0000498006850E8020F20F080000190FFE743
:10B9B00001990498026842E802100028F0D1FFE7DC
:10B9C000FFE70498C06FB8B1FFE70498C06FF6F7BF
:10B9D00033FF80B1FFE70498C06FF7F741FF2028DD
:10B9E00008D1FFE704991020C1F8900003208DF8DA
:10B9F000170049E0FFE7FFE7049803F0C1FFFFE706
:10BA00000498006880684006002839D5FFE702984E
:10BA1000222835D1FFE7FFE7FFE70498006850E8E8
:10BA2000020F20F040000090FFE7009904980268A0
:10BA300042E802100028F0D1FFE7FFE70498D0F8B1
:10BA40008000C8B1FFE70498D0F88000F6F7F4FE54
:10BA500088B1FFE70498D0F88000F7F701FF2028AD
:10BA600008D1FFE704991020C1F8900003208DF859
:10BA7000170009E0FFE7FFE7049803F00DFFFFE779
:10BA800000208DF81700FFE79DF8170006B080BD75
:10BA900081B0009001B0704780B592B011901198BC
:10BAA0000068C06910901198006800680F901198A4
:10BAB000006880680E90109840F60F0108400D90C5
:10BAC0000D98E0B9FFE79DF840008006002815D5E5
:10BAD000FFE79DF83C008006002806D4FFE79DF8AC
:10BAE0003B00C006002809D5FFE71198406F20B140
:10BAF000FFE71198416F8847FFE74AE3FFE70D989A
:10BB0000002800F00C81FFE70E980121C1F200012E
:10BB1000084209D1FFE70F9840F22011C0F200411E
:10BB2000084200F0FC80FFE79DF84000C00788B1A4
:10BB3000FFE79DF83D00C00760B1FFE7119801687D
:10BB4000012008621199D1F8900040F00100C1F87D
:10BB50009000FFE79DF840008007002811D5FFE71F
:10BB60009DF83800C00760B1FFE711980168022016
:10BB700008621199D1F8900040F00400C1F89000DB
:10BB8000FFE79DF840004007002811D5FFE79DF82A
:10BB90003800C00760B1FFE711980168042008620F
:10BBA0001199D1F8900040F00200C1F89000FFE731
:10BBB0009DF840000007002819D5FFE79DF83C00DC
:10BBC0008006002807D4FFE70E980121C1F200018A
:10BBD00008420CD0FFE7119801680820086211990B
:10BBE000D1F8900040F00800C1F89000FFE79DF800
:10BBF00041000007002813D5FFE79DF83F004007EC
:10BC000000280DD5FFE7119801684FF40060086225
:10BC10001199D1F8900040F02000C1F89000FFE7A2
:10BC20001198D0F89000002878D0FFE79DF84000E8
:10BC30008006002815D5FFE79DF83C008006002807
:10BC400006D4FFE79DF83B00C006002809D5FFE7B2
:10BC50001198406F20B1FFE71198416F8847FFE7C7
:10BC6000FFE71198D0F890000C9011980068806858
:10BC700000F04000402806D0FFE79DF8300010F0AB
:10BC8000280F42D0FFE7119803F006FE11980068D4
:10BC900080684006002833D5FFE7FFE7FFE71198EB
:10BCA000006850E8020F20F040000B90FFE70B996E
:10BCB0001198026842E802100028F0D1FFE7FFE780
:10BCC0001198D0F88000B0B1FFE71198D0F880103B
:10BCD0004FF2C960C0F6000008651198D0F88000E6
:10BCE000F7F766FA30B1FFE71198D0F88000016DE0
:10BCF0008847FFE703E01198FFF7CAFEFFE703E07C
:10BD00001198FFF7C5FEFFE707E01198FFF7C0FEA7
:10BD100011990020C1F89000FFE7FFE739E2119880
:10BD2000C06E012840F0D681FFE79DF84000C006B4
:10BD3000002840F1CF81FFE79DF83C00C0060028B5
:10BD400040F1C881FFE7119801681020086211983E
:10BD5000006880684006002840F15A81FFE711988A
:10BD6000D0F8800000681021C4F20201884200F07F
:10BD7000A280FFE71198D0F8800000682821C4F263
:10BD80000201884200F09780FFE71198D0F8800008
:10BD900000684021C4F20201884200F08C80FFE775
:10BDA0001198D0F8800000685821C4F2020188423E
:10BDB00000F08180FFE71198D0F8800000687021C2
:10BDC000C4F20201884276D0FFE71198D0F88000D3
:10BDD00000688821C4F2020188426CD0FFE7119804
:10BDE000D0F880000068A021C4F20201884262D02D
:10BDF000FFE71198D0F880000068B821C4F2020172
:10BE0000884258D0FFE71198D0F88000006840F2CF
:10BE10001041C4F2020188424DD0FFE71198D0F8DA
:10BE20008000006840F22841C4F20201884242D0FA
:10BE3000FFE71198D0F88000006840F24041C4F25A
:10BE40000201884237D0FFE71198D0F880000068DF
:10BE500040F25841C4F2020188422CD0FFE7119809
:10BE6000D0F88000006840F27041C4F202018842BC
:10BE700021D0FFE71198D0F88000006840F2884197
:10BE8000C4F20201884216D0FFE71198D0F8800072
:10BE9000006840F2A041C4F2020188420BD0FFE7E3
:10BEA0001198D0F88000006840F2B841C4F2020155
:10BEB000884207D1FFE71198D0F8800000684068F9
:10BEC000019006E01198D0F8800000684068019069
:10BED000FFE70198ADF82A00BDF82A0000287BD0C2
:10BEE000FFE7BDF82A001199B1F85C10884273DAB7
:10BEF000FFE7BDF82A001199A1F85E001198D0F86B
:10BF00008000C069B0F5807F59D0FFE7FFE7FFE709
:10BF10001198006850E8000F20F480700990FFE746
:10BF200009991198026842E800100028F0D1FFE753
:10BF3000FFE7FFE7FFE71198006850E8020F20F0E5
:10BF400001000890FFE708991198026842E8021082
:10BF50000028F0D1FFE7FFE7FFE7FFE7119800684F
:10BF600050E8020F20F040000790FFE70799119872
:10BF7000026842E802100028F0D1FFE7FFE71199BC
:10BF80002020C1F88C0011990020C866FFE7FFE768
:10BF90001198006850E8000F20F010000690FFE7AD
:10BFA00006991198026842E800100028F0D1FFE7D6
:10BFB000FFE71198D0F88000F6F73EFCFFE71199F3
:10BFC000022008671198B0F85C10B0F85E20891A5A
:10BFD00089B2FFF729FC1AE0BDF82A001199B1F8DF
:10BFE0005C10884212D1FFE71198D0F88000C06938
:10BFF000B0F5807F09D1FFE71199022008671198F9
:10C00000B0F85C10FFF710FCFFE7FFE7FFE7C0E0C8
:10C010001199B1F85C00B1F85E10401AADF8160045
:10C020001198B0F85E00002853D0FFE7BDF8160065
:10C0300000284ED0FFE7FFE7FFE71198006850E8BF
:10C04000000F20F490700490FFE7049911980268A3
:10C0500042E800100028F0D1FFE7FFE7FFE7FFE725
:10C060001198006850E8020F4FF6FE71CEF6FF718E
:10C0700008400390FFE703991198026842E8021014
:10C080000028EDD1FFE7FFE711992020C1F88C00CF
:10C0900011990020C86611994867FFE7FFE71198DA
:10C0A000006850E8000F20F010000290FFE70299AE
:10C0B0001198026842E800100028F0D1FFE7FFE77E
:10C0C0001199022008671198BDF81610FFF7ACFB14
:10C0D000FFE75EE09DF84200C00600280FD5FFE7AD
:10C0E0009DF83A004006002809D5FFE7119801683D
:10C0F0004FF4801008621198FFF736FC49E09DF874
:10C1000040000006002815D5FFE79DF83C0000061A
:10C11000002806D4FFE79DF83A000006002809D55C
:10C12000FFE71198806F20B1FFE71198816F884772
:10C13000FFE72EE09DF84000400600280AD5FFE703
:10C140009DF83C004006002804D5FFE7119803F055
:10C15000F3FB1EE09DF84200000600280AD5FFE729
:10C160009DF83F004006002804D5FFE71198FFF72F
:10C17000F7FB0EE09DF84300C00750B1FFE79DF8C4
:10C180003F000006002804D5FFE71198FFF754FB95
:10C19000FFE712B080BD000080B582B0009000982B
:10C1A00020B9FFE701208DF8070046E0009880697C
:10C1B00008B1FFE700E0FFE70098D0F8880040B939
:10C1C000FFE70099002081F88400009800F03CF817
:10C1D000FFE700992420C1F88800009801680868EA
:10C1E00020F0010008600098806A20B1FFE7009805
:10C1F00003F022F9FFE7009803F0F2FB012804D1D5
:10C20000FFE701208DF8070017E0009801684868F3
:10C2100020F49040486000980168886820F02A0067
:10C22000886000980168086840F001000860009884
:10C2300003F0A6F98DF80700FFE79DF8070002B0AC
:10C2400080BD00000000000080B5D4B053900020F5
:10C250005290519050904F904E901EA8C021F4F7EC
:10C2600085F85398006840F60041C5F60001884201
:10C270003CD1FFE700201F9004211E9143901EA88F
:10C28000FBF736FF18B1FFE7F4F716FFFFE7FFE70C
:10C2900044F2F440C5F60200016841F00801016073
:10C2A000006800F008001D901D98FFE7FFE744F2CA
:10C2B000E040C5F60200016841F00101016000683C
:10C2C00000F001001C901C98FFE74FF4C0604E90F6
:10C2D00002204F9000205090519003205290002057
:10C2E000C5F602004EA9F9F7A7FEC4E2539800680C
:10C2F00044F60041C4F2000188423CD1FFE700202F
:10C300001F9002211E913C901EA8FBF7F1FE18B170
:10C31000FFE7F4F7D1FEFFE7FFE744F2E840C5F698
:10C320000200016841F400210160006800F400206F
:10C330001B901B98FFE7FFE744F2E040C5F60200C0
:10C34000016841F008010160006800F008001A90DF
:10C350001A98FFE703204E9002204F900020509043
:10C3600051900820529040F60040C5F602004EA9B8
:10C37000F9F762FE7EE25398006845F20001C4F2CC
:10C380000001884262D1FFE700201F9002211E9128
:10C390003C901EA8FBF7ACFE18B1FFE7F4F78CFE4B
:10C3A000FFE7FFE744F2E840C5F60200016841F408
:10C3B00080110160006800F4801019901998FFE75F
:10C3C000FFE744F2E040C5F60200016841F00401D5
:10C3D0000160006800F0040018901898FFE7FFE77C
:10C3E00044F2E040C5F60200016841F00801016036
:10C3F000006800F0080017901798FFE74FF480508E
:10C400004E90022007904F9000200890509051903D
:10C4100008200990529040F60000C5F602004EA98F
:10C420000A91F9F709FE079B089A09980A994FF0B3
:10C43000040CCDF838C14F9350925192529040F66F
:10C440000040C5F60200F9F7F7FD12E253980068C4
:10C4500047F60001C4F2000188423DD1FFE7002009
:10C460001F9002211E913C901EA8FBF741FE18B1BF
:10C47000FFE7F4F721FEFFE7FFE744F2E840C5F6E7
:10C480000200016841F080410160006800F08040D6
:10C4900016901698FFE7FFE744F2E040C5F6020069
:10C4A000016841F010010160006800F01000159073
:10C4B0001598FFE74FF4C0704E9002204F90002077
:10C4C000509051900720529041F20000C5F60200B2
:10C4D0004EA9F9F7B1FDCBE15398006847F600414A
:10C4E000C4F2000188423CD1FFE700201F900221E6
:10C4F0001E913C901EA8FBF7FBFD18B1FFE7F4F777
:10C50000DBFDFFE7FFE744F2E840C5F60200016803
:10C5100041F000410160006800F000401490149860
:10C52000FFE7FFE744F2E040C5F60200016841F092
:10C5300010010160006800F0100013901398FFE7ED
:10C5400003204E9002204F900020509051900820E0
:10C55000529041F20000C5F602004EA9F9F76CFDB9
:10C5600085E15398006841F20001C4F2010188425C
:10C5700040F0A080FFE700201F9001211E913D9018
:10C580001EA8FBF7B5FD18B1FFE7F4F795FDFFE72F
:10C59000FFE744F2F040C5F60200016841F01001E7
:10C5A0000160006800F0100012901298FFE7FFE7AA
:10C5B00044F2E040C5F60200016841F0020101606A
:10C5C000006800F0020011901198FFE74FF440401E
:10C5D0004E9002204F9000210591509151900420DF
:10C5E000529040F20040C5F602004EA9F9F724FD32
:10C5F000059940F2F000C2F20040069040F240423D
:10C60000C4F202020260292242608160C1604FF4DC
:10C6100080620261416181614FF48072C2614FF4B6
:10C62000003202624162F8F703FA18B1FFE7F4F74B
:10C6300043FDFFE7FFE7539840F2F001C2F20041EB
:10C64000C0F8801053988863FFE740F26810C2F288
:10C650000040049040F2B841C4F2020101602A2176
:10C660004160402181600021C1604FF4806202611D
:10C6700041618161C1614FF4003202624162F8F7A9
:10C68000D7F918B1FFE7F4F717FDFFE7FFE7539875
:10C6900040F26811C2F20041C16753988863FFE716
:10C6A0002520039000221146FAF76AFA0398FAF758
:10C6B0005BFADBE05398006844F20041C4F20001E9
:10C6C00088423BD1FFE700201F9002211E913C9041
:10C6D0001EA8FBF70DFD18B1FFE7F4F7EDFCFFE72F
:10C6E000FFE744F2E840C5F60200016841F400317A
:10C6F0000160006800F4003010901098FFE7FFE739
:10C7000044F2E040C5F60200016841F00101016019
:10C71000006800F001000F900F98FFE70C204E908A
:10C7200002204F90002050905190072052900020FE
:10C73000C5F602004EA9F9F77FFC96E05398006811
:10C7400044F60001C4F2000188423DD1FFE7002019
:10C750001F9002211E913C901EA8FBF7C9FC18B146
:10C76000FFE7F4F7A9FCFFE7FFE744F2E840C5F66E
:10C770000200016841F480210160006800F480201B
:10C780000E900E98FFE7FFE744F2E040C5F6020086
:10C79000016841F002010160006800F002000D90A4
:10C7A0000D98FFE74FF440604E9002204F9000201C
:10C7B000509051900720529040F20040C5F6020080
:10C7C0004EA9F9F739FC4FE05398006841F2004157
:10C7D000C4F20101884246D1FFE700201F900121E9
:10C7E0001E913D901EA8FBF783FC18B1FFE7F4F7FC
:10C7F00063FCFFE7FFE744F2F040C5F60200016882
:10C8000041F020010160006800F020000C900C98BD
:10C81000FFE7FFE744F2E040C5F60200016841F09F
:10C8200004010160006800F004000B900B98FFE722
:10C83000C0204E9002204F900020019050905190C7
:10C840000720529040F60000C5F602004EA9F9F705
:10C85000F3FB019A472002901146FAF791F90298EA
:10C86000FAF782F9FFE7FFE7FFE7FFE7FFE7FFE7F8
:10C87000FFE7FFE7FFE754B080BD000000000000C5
:10C8800080B586B004900391ADF80A200498D0F8E2
:10C890008C0020283CD1FFE7039820B1FFE7BDF8CA
:10C8A0000A0020B9FFE701208DF8170034E0049951
:10C8B0000020C8660498006840F60041C5F60001F3
:10C8C00088421CD0FFE704980068406800020028F6
:10C8D00014D5FFE7FFE7FFE70498006850E8000F72
:10C8E00040F080600190FFE701990498026842E8F7
:10C8F00000100028F0D1FFE7FFE7FFE7FFE704980B
:10C900000399BDF80A2003F0FFFC8DF8170003E03F
:10C9100002208DF81700FFE79DF8170006B080BDD4
:10C9200081B0009001B0704781B0009001B07047B5
:10C9300080B58AB008900791ADF81A200593089841
:10C94000D0F88800202840F08780FFE7079820B1C2
:10C95000FFE7BDF81A0020B9FFE701208DF8270096
:10C960007EE008990020C1F8900008992120C1F8C4
:10C970008800F9F765FD0290BDF81A000899A1F842
:10C980005400BDF81A000899A1F85600089880686C
:10C99000B0F5805F09D1FFE70898006928B9FFE783
:10C9A000002004900798039004E00798049000206A
:10C9B0000390FFE7FFE70898B0F8560088B3FFE759
:10C9C0000898029B05996A4611608021002203F0B5
:10C9D00033FD40B1FFE708992020C1F8880003200B
:10C9E0008DF827003CE0049858B9FFE703980088C9
:10C9F0006FF35F20089909688862039802300390FA
:10CA000008E0049800780899096888620498013061
:10CA10000490FFE70899B1F856000138A1F85600D4
:10CA2000C9E70898029B05996A46116040210022D7
:10CA300003F002FD40B1FFE708992020C1F888000B
:10CA400003208DF827000BE008992020C1F888000A
:10CA500000208DF8270003E002208DF82700FFE773
:10CA60009DF827000AB080BD81B0009001B07047EA
:10CA7000FFE7FEE70000000081B0009000998868A1
:10CA80004FF6C072C5F6FF721040886001B0704763
:10CA900081B000900098806840F080504FF6C071DF
:10CAA000C7F6FF7108400099886001B07047000028
:10CAB00081B000900098806800F0E07001B070478D
:10CAC00081B0009000988068C0F3C00001B070474A
:10CAD00081B0009000988068C0F3407001B070474A
:10CAE00081B000900098806800F0010001B07047AC
:10CAF00081B000900098806800F0010001B070479C
:10CB000081B0009000988068C0F3007001B0704759
:10CB100081B0009000988068C0F3800001B0704739
:10CB200081B0009000988068C0F3800001B0704729
:10CB300084B00390029101920398029901F440712C
:10CB400000EB91103030009000980068029901F0DD
:10CB50001F021F21914088430199C1F384619140D4
:10CB600008430099086004B070470000000000000E
:10CB700085B0029001910198000328B9FFE7019860
:10CB8000C0F38460009014E0019890FAA0F0039044
:10CB9000039820B9FFE720208DF8130005E00398E3
:10CBA000B0FA80F08DF81300FFE79DF813000090B5
:10CBB000FFE7009800F01F01012000FA01F202993E
:10CBC000C8691043C86105B070470000000000004C
:10CBD00084B00390029101920398029901F00071D0
:10CBE00000EBD15014300090009800680299C1F316
:10CBF00004520721914088430199914008430099CC
:10CC0000086004B07047000083B002900191009268
:10CC10000298D0F8C00001996FF31F518843009A21
:10CC200002F018034FF6FF72C0F20F02DA40114013
:10CC300008440299C1F8C00003B07047000000002A
:10CC400082B0019000910198806820F47C100099D6
:10CC500008430199886002B070470000000000009E
:10CC600082B0019000910198806820F0E0700099F6
:10CC700008430199886002B070470000000000007E
:10CC800083B00290019100920298006920F4F04074
:10CC90000099019A02F01F0291400843029908612D
:10CCA00003B070470000000085B004900391029229
:10CCB00001930498039900EB810060300090009884
:10CCC000006800F00040029901F0F841019A114318
:10CCD00008430099086005B070470000000000009C
:10CCE00084B00390029101920398029900EB8100B5
:10CCF000603000900098006820F0004001990843DF
:10CD00000099086004B0704780B586B0002001909B
:10CD10000590049003900290F9F7E6FE0198012136
:10CD20008DF808108DF8090003901F228DF810204F
:10CD300087228DF811208DF812008DF813008DF8E0
:10CD400014108DF815108DF816008DF8170002A834
:10CD5000F9F78AFE0420F9F7DBFE06B080BD00007B
:10CD600080B58CB0002200920B920A920992089230
:10CD700007920692059204920392029240F21400E6
:10CD8000C2F20040019042F20001C4F202010160CF
:10CD900042608260C2600421016102754275012116
:10CDA0008161027742628262C2620263426380F8FA
:10CDB0003820C163F5F788F818B1FFE7F4F77CF97C
:10CDC000FFE70020099040F21400C2F2004009A9D8
:10CDD000F4F7F2FA18B1FFE7F4F76EF9FFE7042071
:10CDE000C0F660000290062003900020049040F2FC
:10CDF000FF7105910421069107908DF8210040F202
:10CE00001400C2F2004002A9F4F722FC18B1FFE7B7
:10CE1000F4F752F9FFE70CB080BD000000000000FD
:10CE200080B58AB000220192099208920792069278
:10CE300005920492039240F27800C2F20040029000
:10CE400046F20001C5F6020101608260C260042161
:10CE5000016102754275012181610277426282623D
:10CE6000C2620263426380F83820C163F5F72CF890
:10CE700018B1FFE7F4F720F9FFE74020C1F62010D2
:10CE80000390062004900020059040F2FF71069167
:10CE90000421079108908DF8250040F27800C2F235
:10CEA000004003A9F4F7D4FB18B1FFE7F4F704F945
:10CEB000FFE70AB080BD000080B58AB001A8242138
:10CEC000F3F754FA40F2DC00C2F2004047F20041AE
:10CED000C4F200010160F5F747FC18B1FFE7F4F771
:10CEE000EBF8FFE7002201920292039202200490E5
:10CEF000059240F2DC00C2F2004001A9F5F7D4FA35
:10CF000018B1FFE7F4F7D8F8FFE740F2DC00C2F20F
:10CF1000004001A91022F5F7C7FA18B1FFE7F4F7AE
:10CF2000CBF8FFE70AB080BD80B584B0FFE744F2DC
:10CF3000D840C5F60200016841F0020101600068B6
:10CF400000F0020003900398FFE73A2000900022CF
:10CF500001921146F9F714FE0098F9F705FE019ABF
:10CF6000462002901146F9F70BFE0298F9F7FCFDF6
:10CF700004B080BD0000000080B582B040F2E01037
:10CF8000C2F2004000904AF20001C4F200010160C8
:10CF9000002201928260C260027442748274102185
:10CFA000416101218161C161016241628162C162AD
:10CFB000016342638263C263026404214164826448
:10CFC000C164026541658265C2650266426681662A
:10CFD000F8F78AFD18B1FFE7F4F76EF8FFE702B043
:10CFE00080BD00000000000080B582B040F28020CB
:10CFF000C2F2004000904AF20041C4F20001016018
:10D00000002201928260C260027442748274102114
:10D01000416101218161C161016241628162C1623C
:10D02000016342638263C2630264042141648264D7
:10D03000C164026541658265C265026642668166B9
:10D04000F8F752FD18B1FFE7F4F736F8FFE702B042
:10D0500080BD00000000000080B59CB000201B9047
:10D060001A90199018901790FFE744F2E040C5F627
:10D070000200016841F010010160006800F010003A
:10D0800016901698FFE7FFE744F2E040C5F602006D
:10D09000016841F020010160006800F02000159057
:10D0A0001598FFE7FFE744F2E040C5F6020001688B
:10D0B00041F080010160006800F080001490149835
:10D0C000FFE7FFE744F2E040C5F60200016841F0E7
:10D0D00004010160006800F0040013901398FFE75A
:10D0E000FFE744F2E040C5F60200016841F00101AB
:10D0F0000160006800F0010012901298FFE7FFE75E
:10D1000044F2E040C5F60200016841F0020101600E
:10D11000006800F0020011901198FFE7FFE744F269
:10D12000E040C5F60200016841F0080101600068B6
:10D1300000F0080010901098FFE7FFE744F2E0408D
:10D14000C5F60200016841F480710160006800F4D6
:10D1500080700F900F98FFE7FFE744F2E040C5F6BC
:10D160000200016841F040010160006800F04000E9
:10D170000E900E98FFE741F20000C5F60200009005
:10D180000821039100220D92F9F73AF90D9A40F621
:10D190000000C5F6020002900C210191F9F730F968
:10D1A00003990D9A41F60040C5F602000490F9F784
:10D1B00027F90D9A40F60040C5F602000690282196
:10D1C0000591F9F71DF90D9A41F60000C5F6020028
:10D1D00008904FF404410791F9F712F90D9A40F2C3
:10D1E0000040C5F602000B904FF442710991F9F727
:10D1F00007F90098039A0D99179201220A92189242
:10D2000019911A9117A90C91F8F716FFDDF804C0CF
:10D2100002980A9B0C990D9ACDF85CC0189319924C
:10D220001A92F8F709FFDDF80CC004980A9B0C99D4
:10D230000D9ACDF85CC0189319921A92F8F7FCFE7B
:10D24000DDF814C006980A9B0C990D9ACDF85CC0C5
:10D25000189319921A92F8F7EFFE06980C990D9A06
:10D26000102317934FF4881318931992F8F7E4FEDC
:10D27000DDF81CC008980A9B0C990D9ACDF85CC08B
:10D28000189319921A92F8F7D7FEDDF824C00A9B7A
:10D290000B980C990D9ACDF85CC0189319921A92BC
:10D2A000F8F7CAFE0D994FF08060FDF7B9FC0D99B3
:10D2B0004FF00060FDF7B4FC1CB080BD0000000022
:10D2C00080B582B040F22030C2F20040019045F2B9
:10D2D0000041C4F20001016047F2B151C3F2700194
:10D2E0004160002181600122C26001614161816170
:10D2F000C1610162F9F74CF918B1FFE7F3F7DCFE01
:10D30000FFE740F22030C2F200400021F9F7A0F818
:10D3100018B1FFE7F3F7D0FEFFE740F22030C2F28A
:10D3200000400021F9F7E0F818B1FFE7F3F7C4FE79
:10D33000FFE702B080BD000080B582B040F27430DB
:10D34000C2F20040019045F60001C4F20001016004
:10D3500047F2B151C3F270014160002181600122A6
:10D36000C260016141618161C1610162F9F710F937
:10D3700018B1FFE7F3F7A0FEFFE740F27430C2F206
:10D3800000400021F9F764F818B1FFE7F3F794FEC5
:10D39000FFE740F27430C2F200400021F9F7A4F830
:10D3A00018B1FFE7F3F788FEFFE702B080BD000089
:10D3B00080B582B040F2C830C2F20040019045F61C
:10D3C0000041C4F20001016047F2B151C3F27001A3
:10D3D0004160002181600122C2600161416181617F
:10D3E000C1610162F9F7D4F818B1FFE7F3F764FE01
:10D3F000FFE740F2C830C2F200400021F9F728F8F8
:10D4000018B1FFE7F3F758FEFFE740F2C830C2F269
:10D4100000400021F9F768F818B1FFE7F3F74CFE78
:10D42000FFE702B080BD000080B582B040F21C4032
:10D43000C2F20040019041F60041C5F600010160D2
:10D4400047F2B151C3F270014160002181600122B5
:10D45000C260016141618161C1610162F9F798F8BF
:10D4600018B1FFE7F3F728FEFFE740F21C40C2F2D5
:10D4700000400021F8F7ECFF18B1FFE7F3F71CFEBE
:10D48000FFE740F21C40C2F200400021F9F72CF8FF
:10D4900018B1FFE7F3F710FEFFE702B080BD000010
:10D4A00080B582B040F27040C2F20040009040F679
:10D4B0000041C5F60001016043F22431C0F20301CE
:10D4C0004160002101918160C16001610C224261D3
:10D4D00081610162416281624166FEF75DFE18B1C1
:10D4E000FFE7F3F7E9FDFFE740F27040C2F20040CA
:10D4F0000021FEF7EDF918B1FFE7F3F7DDFDFFE7D7
:10D5000040F27040C2F200400021FEF799F918B1D4
:10D51000FFE7F3F7D1FDFFE740F27040C2F20040B1
:10D52000FEF742F918B1FFE7F3F7C6FDFFE702B0D7
:10D5300080BD00000000000080B582B040F20450C1
:10D54000C2F20040009043F20001C4F20101016008
:10D550004FF4800141600021019181600322C2608B
:10D56000016141614FF0806282614FF08052C2617F
:10D57000016241628162C1624FF080424263816315
:10D58000C163016441648164C16401654165816571
:10D59000FCF7D2FF18B1FFE7F3F78EFDFFE702B00B
:10D5A00080BD00000000000080B582B040F28C50C9
:10D5B000C2F20040009043F60001C4F20001016095
:10D5C0004FF4800141604FF4C02181600321C160AC
:10D5D00000210191016141614FF080628261C1616E
:10D5E000016241628162C1624FF0804242638163A5
:10D5F000C163016441648164C16401654165816501
:10D60000FCF79AFF18B1FFE7F3F756FDFFE702B00A
:10D6100080BD00000000000080B582B040F21460C0
:10D62000C2F20040009043F60041C4F200010160E4
:10D630004FF4800141600021019181600322C260AA
:10D64000016141614FF080628261C16101624162AA
:10D650008162C1624FF0804242638163C1630164B1
:10D6600041648164C164016541658165FCF764FFC3
:10D6700018B1FFE7F3F720FDFFE702B080BD00001F
:10D6800080B582B040F29C60C2F20040009043F24C
:10D690000041C4F2010101604FF4800141600021AA
:10D6A000019181600322C260016141614FF080629B
:10D6B0008261C161016241628162C1624FF0804258
:10D6C00042638163C163016441648164C164016533
:10D6D00041658165FCF730FF18B1FFE7F3F7ECFC1B
:10D6E000FFE702B080BD000080B582B040F2247038
:10D6F000C2F20040009045F20001C4F20101016055
:10D700004FF4800141600021019181600322C260D9
:10D71000016141614FF080628261C16101624162D9
:10D720008162C1624FF0804242638163C1630164E0
:10D7300041648164C164016541658165FCF7FCFE5B
:10D7400018B1FFE7F3F7B8FCFFE702B080BD0000B7
:10D7500080B582B040F2AC70C2F20040009041F25D
:10D760000041C5F6000101604FF4800141600021D5
:10D77000019181600322C260016141614FF08062CA
:10D780008261C161016241628162C1624FF0804287
:10D7900042638163C163016441648164C164016562
:10D7A00041658165FCF7C8FE18B1FFE7F3F784FC1B
:10D7B000FFE702B080BD000080B59CB00020019062
:10D7C0001B901A901990189017901690159014901D
:10D7D00013901290119010900F900E9003A82C218E
:10D7E000F2F7C4FD019940F63400C2F20040029005
:10D7F0000022C4F201020260416081604FF6FF72B4
:10D80000C260016141618161FDF75AFB18B1FFE718
:10D81000F3F752FCFFE74FF48050189040F63400C5
:10D82000C2F2004018A9FDF707FC18B1FFE7F3F7B3
:10D8300043FCFFE740F63400C2F20040FDF75CFF16
:10D8400018B1FFE7F3F738FCFFE7002015901690BA
:10D85000179040F63400C2F2004015A9FDF784FA93
:10D8600018B1FFE7F3F728FCFFE760200E900022D5
:10D870000F921092119212921392149240F6340069
:10D88000C2F200400EA9FDF75FFE18B1FFE7F3F703
:10D8900013FCFFE740F63400C2F200400EA9042258
:10D8A000FDF752FE18B1FFE7F3F706FCFFE740F67D
:10D8B0003400C2F200400EA90822FDF745FE18B15F
:10D8C000FFE7F3F7F9FBFFE740F63400C2F2004050
:10D8D0000EA90C22FDF738FE18B1FFE7F3F7ECFBB9
:10D8E000FFE70020009003900490059006900790B9
:10D8F0004FF40051089109900A904FF000710B917C
:10D900000C900D9040F63400C2F2004003A9FDF7E0
:10D910009FF918B1FFE7F3F7CFFBFFE740F63400BC
:10D92000C2F20040FDF788FD1CB080BD0000000081
:10D9300080B588B00021009107910691059104916E
:10D9400003910291019140F68000C2F200404FF035
:10D9500080420260416081604FF0FF32C26001612D
:10D960008161FDF7ADFA18B1FFE7F3F7A5FBFFE71B
:10D970004FF48050049040F68000C2F2004004A9A9
:10D98000FDF75AFB18B1FFE7F3F796FBFFE700201E
:10D990000190039040F68000C2F2004001A9FDF71B
:10D9A000E3F918B1FFE7F3F787FBFFE708B080BDA5
:10D9B00080B58EB005A800902421F2F7D7FC00991D
:10D9C0000022019204920392029240F6CC00C2F22D
:10D9D000004040F20043C4F20003036042608260F2
:10D9E0004FF6FF73C36002618261012305930692C3
:10D9F0000793089209920A920B930C920D92FDF7ED
:10DA000003FC18B1FFE7F3F757FBFFE70020029094
:10DA1000049040F6CC00C2F2004002A9FDF7A4F940
:10DA200018B1FFE7F3F748FBFFE70EB080BD000039
:10DA300080B590B0002101910F910E910D910C9144
:10DA40000B910A9109910891079106910591049112
:10DA50000391029140F61810C2F2004040F6000215
:10DA6000C4F200020260416081604FF6FF72C26042
:10DA700001618161FDF724FA18B1FFE7F3F71CFBA0
:10DA8000FFE74FF480500C9040F61810C2F20040AF
:10DA90000CA9FDF7D1FA18B1FFE7F3F70DFBFFE78B
:10DAA00040F61810C2F20040FDF726FE18B1FFE75D
:10DAB000F3F702FBFFE7002009900B9040F61810E7
:10DAC000C2F2004009A9FDF74FF918B1FFE7F3F7DB
:10DAD000F3FAFFE76020029000220392049206927C
:10DAE00040F61810C2F2004002A9FDF72DFD18B152
:10DAF000FFE7F3F7E1FAFFE740F61810C2F2004043
:10DB000002A90422FDF720FD18B1FFE7F3F7D4FACC
:10DB1000FFE740F61810C2F2004002A90822FDF704
:10DB200013FD18B1FFE7F3F7C7FAFFE740F6181047
:10DB3000C2F2004002A90C22FDF706FD18B1FFE772
:10DB4000F3F7BAFAFFE740F61810C2F20040FDF70B
:10DB500073FC10B080BD000080B58EB005A80090A9
:10DB60002421F2F703FC009900220192049203920F
:10DB7000029240F66410C2F2004040F60043C4F244
:10DB800000030360426082604FF0FF33C3600261B4
:10DB900082610123059306920793089209920A92E3
:10DBA0000B930C920D92FDF72FFB18B1FFE7F3F7E3
:10DBB00083FAFFE700200290049040F66410C2F25E
:10DBC000004002A9FDF7D0F818B1FFE7F3F774FAA7
:10DBD000FFE70EB080BD000080B59CB00020019032
:10DBE0001B901A90199018901790169015901490F9
:10DBF00013901290119010900F900E9003A82C216A
:10DC0000F2F7B4FB019940F6B010C2F20040029066
:10DC100040F20042C4F201020260416081604FF6AE
:10DC2000FF72C260016141618161FDF749F918B17C
:10DC3000FFE7F3F741FAFFE74FF48050189040F602
:10DC4000B010C2F2004018A9FDF7F6F918B1FFE7CD
:10DC5000F3F732FAFFE740F6B010C2F20040FDF7EA
:10DC60004BFD18B1FFE7F3F727FAFFE70020159007
:10DC70001690179040F6B010C2F2004015A9FDF7BB
:10DC800073F818B1FFE7F3F717FAFFE760200E907B
:10DC900000220F921092119212921392149240F657
:10DCA000B010C2F200400EA9FDF74EFC18B1FFE71C
:10DCB000F3F702FAFFE740F6B010C2F200400EA9F7
:10DCC0000422FDF741FC18B1FFE7F3F7F5F9FFE790
:10DCD00040F6B010C2F200400EA90822FDF734FC55
:10DCE00018B1FFE7F3F7E8F9FFE700200090039091
:10DCF00004900590069007904FF400510891099008
:10DD00000A904FF000710B910C900D9040F6B010FE
:10DD1000C2F2004003A9FCF79BFF18B1FFE7F3F73D
:10DD2000CBF9FFE740F6B010C2F20040FDF784FBEC
:10DD30001CB080BD0000000080B582B040F6B83055
:10DD4000C2F20040009044F60041C4F200010160BC
:10DD50004FF4E1314160002101918160C1600161B6
:10DD60000C2242618161C161016241628162FEF700
:10DD700013FA18B1FFE7F3F79FF9FFE740F6B83061
:10DD8000C2F200400021FDF7A3FD18B1FFE7F3F751
:10DD900093F9FFE740F6B830C2F200400021FDF7EA
:10DDA0004FFD18B1FFE7F3F787F9FFE740F6B8300A
:10DDB000C2F20040FDF7F8FC18B1FFE7F3F77CF979
:10DDC000FFE702B080BD000080B582B040F64C4055
:10DDD000C2F20040009045F20001C4F2000101606F
:10DDE0004FF4E1314160002101918160C160016126
:10DDF0000C2242618161C161016241628162FEF770
:10DE0000CBF918B1FFE7F3F757F9FFE740F64C40BD
:10DE1000C2F200400021FDF75BFD18B1FFE7F3F708
:10DE20004BF9FFE740F64C40C2F200400021FDF7FD
:10DE300007FD18B1FFE7F3F73FF9FFE740F64C4065
:10DE4000C2F20040FDF7B0FC18B1FFE7F3F734F978
:10DE5000FFE702B080BD000080B582B040F674508C
:10DE6000C2F20040009047F60001C4F200010160D8
:10DE70004FF4E1314160002101918160C160016195
:10DE80000C2242618161C161016241628162FEF7DF
:10DE900083F918B1FFE7F3F70FF9FFE740F6745085
:10DEA000C2F200400021FDF713FD18B1FFE7F3F7C0
:10DEB00003F9FFE740F67450C2F200400021FDF77D
:10DEC000BFFC18B1FFE7F3F7F7F8FFE740F674502F
:10DED000C2F20040FDF768FC18B1FFE7F3F7ECF879
:10DEE000FFE702B080BD000080B582B040F6086058
:10DEF000C2F20040009047F60041C4F20001016008
:10DF00004FF4E1314160002101918160C160016104
:10DF10000C2242618161C161016241628162FEF74E
:10DF20003BF918B1FFE7F3F7C7F8FFE740F60860E1
:10DF3000C2F200400021FDF7CBFC18B1FFE7F3F778
:10DF4000BBF8FFE740F60860C2F200400021FDF791
:10DF500077FC18B1FFE7F3F7AFF8FFE740F608608A
:10DF6000C2F20040FDF720FC18B1FFE7F3F7A4F878
:10DF7000FFE702B080BD000080B582B040F6FC1023
:10DF8000C2F20040009041F20001C4F201010160C0
:10DF90004FF4E1314160002101918160C160016174
:10DFA0000C2242618161C161016241628162FEF7BE
:10DFB000F3F818B1FFE7F3F77FF8FFE740F6FC103E
:10DFC000C2F200400021FDF783FC18B1FFE7F3F730
:10DFD00073F8FFE740F6FC10C2F200400021FDF7A5
:10DFE0002FFC18B1FFE7F3F767F8FFE740F6FC10E6
:10DFF000C2F20040FDF7D8FB18B1FFE7F3F75CF879
:10E00000FFE702B080BD000080B582B040F69020EE
:10E01000C2F20040009044F20041C4F200010160ED
:10E020004FF4E1314160002101918160C1600161E3
:10E030000C2242618161C161016241628162FEF72D
:10E04000ABF818B1FFE7F3F737F8FFE740F6902099
:10E05000C2F200400021FDF73BFC18B1FFE7F3F7E7
:10E060002BF8FFE740F69020C2F200400021FDF7B8
:10E07000E7FB18B1FFE7F3F71FF8FFE740F6902042
:10E08000C2F20040FDF790FB18B1FFE7F3F714F878
:10E09000FFE702B080BD000080B582B040F62430BA
:10E0A000C2F20040009044F60001C4F20001016099
:10E0B0004FF4E1314160002101918160C160016153
:10E0C0000C2242618161C161016241628162FEF79D
:10E0D00063F818B1FFE7F2F7EFFFFFE740F62430EF
:10E0E000C2F200400021FDF7F3FB18B1FFE7F2F7A1
:10E0F000E3FFFFE740F62430C2F200400021FDF7C5
:10E100009FFB18B1FFE7F2F7D7FFFFE740F6243097
:10E11000C2F20040FDF748FB18B1FFE7F2F7CCFF71
:10E12000FFE702B080BD000080B582B040F6E0405D
:10E13000C2F20040009041F20041C4F201010160CE
:10E140004FF4E1314160002101918160C1600161C2
:10E150000C2242618161C161016241628162FEF70C
:10E160001BF818B1FFE7F2F7A7FFFFE740F6E04022
:10E17000C2F200400021FDF7ABFB18B1FFE7F2F758
:10E180009BFFFFE740F6E040C2F200400021FDF7B0
:10E1900057FB18B1FFE7F2F78FFFFFE740F6E040CB
:10E1A000C2F20040FDF700FB18B1FFE7F2F784FF71
:10E1B000FFE702B080BD0000FFE7FEE700000000BF
:10E1C000FFE7FEE70000000088B007900691059287
:10E1D000079800F0070004900498C0F10700052894
:10E1E00003D3FFE70420019004E00498C0F1070086
:10E1F0000190FFE70198039004980430062803D8A3
:10E20000FFE70020009003E0049803380090FFE748
:10E210000098029006980399012202FA01F101394F
:10E220000840029B984005999A40013A11400843E2
:10E2300008B07047000000007047000000000000B8
:10E2400080B5B2B002A80190C0210091F2F78EF81B
:10E25000009A0198002103914FF4002302930223B6
:10E2600004934FF00D0CCDF814C006930793089358
:10E27000099220220A920B912B91F9F739FF18B1DC
:10E28000FFE7F2F719FFFFE732B080BD00000000A2
:10E2900080B586B00490039100208DF8070044F209
:10E2A0002840C5F60200006800F00300032804D1EE
:10E2B000FFE701208DF81700CBE044F20041C5F6DE
:10E2C0000201086820F080600860F8F7B9F8029051
:10E2D000FFE744F20040C5F60200006800F000616C
:10E2E0000020B0EBD16F0CD0FFE7F8F7A9F8029946
:10E2F000401A032804D3FFE703208DF81700A8E095
:10E30000E7E7FFE744F22841C5F60201086820F478
:10E310007C30049A126840EA023008600499486828
:10E32000D1F808C0CB680A6901386FF35F204FF657
:10E330000061CFF6FF7101EB4C2189B20844002146
:10E34000CFF6FF7101EB034101F4FE0108444FF0E9
:10E350007F4101EB026101F0FE41084444F2384183
:10E36000C5F602010860FFE744F22C41C5F6020140
:10E370000091086820F0C000049A526910430860B8
:10E38000086820F02000049A926910430860086829
:10E3900020F01000086044F23C42C5F6020210680A
:10E3A0004FF6F8739843049BDB6940EAC3001060A2
:10E3B000086840F010000860039848B9FFE744F28D
:10E3C0002C41C5F60201086840F40020086016E000
:10E3D0000398012809D1FFE744F22C41C5F6020158
:10E3E000086840F48010086008E044F22C41C5F64B
:10E3F0000201086840F400100860FFE7FFE744F2FC
:10E400000041C5F60201086840F080600860F8F736
:10E4100017F80290FFE744F20040C5F602000068DA
:10E4200000F000610020B0EBD16F0CD1FFE7F8F7EE
:10E4300007F80299401A032804D3FFE703208DF858
:10E44000170006E0E7E7FFE79DF807008DF81700E3
:10E45000FFE79DF8170006B080BD00000000000037
:10E4600080B586B00490039100208DF8070044F237
:10E470002840C5F60200006800F00300032804D11C
:10E48000FFE701208DF81700CBE044F20041C5F60C
:10E490000201086820F080500860F7F7D1FF029071
:10E4A000FFE744F20040C5F60200006800F00051AA
:10E4B0000020B0EB517F0CD0FFE7F7F7C1FF0299C6
:10E4C000401A032804D3FFE703208DF81700A8E0C3
:10E4D000E7E7FFE744F22841C5F60201086820F0AB
:10E4E0007C70049A126840EA0250086004994868F7
:10E4F000D1F808C0CB680A6901386FF35F204FF686
:10E500000061CFF6FF7101EB4C2189B20844002174
:10E51000CFF6FF7101EB034101F4FE0108444FF017
:10E520007F4101EB026101F0FE41084444F24041A9
:10E53000C5F602010860FFE744F22C41C5F602016E
:10E540000091086820F44060049A52691043086002
:10E55000086820F40070049A926910430860086803
:10E5600020F48070086044F24442C5F6020210684C
:10E570004FF6F8739843049BDB6940EAC3001060D0
:10E58000086840F480700860039848B9FFE744F2D7
:10E590002C41C5F60201086840F48000086016E0CE
:10E5A0000398012809D1FFE744F22C41C5F6020186
:10E5B000086840F40000086008E044F22C41C5F609
:10E5C0000201086840F080700860FFE7FFE744F24E
:10E5D0000041C5F60201086840F080500860F7F776
:10E5E0002FFF0290FFE744F20040C5F602000068EA
:10E5F00000F000510020B0EB517F0CD1FFE7F7F79E
:10E600001FFF0299401A032804D3FFE703208DF867
:10E61000170006E0E7E7FFE79DF807008DF8170011
:10E62000FFE79DF8170006B080BD00000000000065
:10E6300083B002900298C16B012000EB5110019051
:10E640000298C0680130009000980730C008009020
:10E6500000980199484303B0704700000000000093
:10E66000704700000000000010B586B08C4686465A
:10E670000A980999089C8DF817E08DF816C0ADF836
:10E6800014208DF813308DF812108DF81100002031
:10E6900003900290019000909DF817008DF8000003
:10E6A000FD208DF801009DF816008DF802009DF800
:10E6B00015008DF803009DF814008DF804009DF8F6
:10E6C00013008DF805009DF823008DF80600BDF8B5
:10E6D00022008DF807000898000A8DF808000898B5
:10E6E0008DF809009DF8120000F001008DF80A0075
:10E6F0009DF8110000F001008DF80B006B208DF8E3
:10E700000C0040F6FC10C2F2004069460D224FF0AA
:10E71000FF33FEF70DF906B010BD00000000000049
:10E7200080B586B08DF81700002004900390029009
:10E7300001909DF817008DF80400FF208DF805006A
:10E7400066208DF806006B208DF8070040F6FC105F
:10E75000C2F2004001A904224FF0FF33FEF7E8F8AF
:10E7600006B080BD0000000080B582B00090009827
:10E770000138B0F1807F03D3FFE70120019019E059
:10E78000009801384EF21401CEF2000108604FF0FB
:10E79000FF300F2102F00CF84EF21801CEF200010A
:10E7A000002008604EF21002CEF200020721116034
:10E7B0000190FFE7019802B080BD0000000000005A
:10E7C00080B5F8F7BDF880BD80B59EB00BA84C2190
:10E7D000F1F7CCFD002001900A9009900890079075
:10E7E00006900590049003900220F8F7E9F9FFE7FE
:10E7F0000020029044F61800C5F60200016841F4BA
:10E8000040410160006800F44040029040F22C401A
:10E81000C5F60000016841F001010160006800F0E8
:10E82000010002900298FFE7FFE744F61800C5F6E2
:10E830000200006800F40050B0F5005F01D0FFE76F
:10E84000F3E701200B904FF480300C9002201490DD
:10E8500015901690502117911890052119911A9032
:10E860000C201B9000201C901D900BA8FBF7B8F803
:10E8700018B1FFE7F2F720FCFFE73F2003900320E9
:10E8800004900020059008200690402007900890F2
:10E890004FF4806109910A9003A80421FAF778FCEB
:10E8A00018B1FFE7F2F708FCFFE71EB080BD0000DB
:10E8B00081B04EF68851CEF20001086840F4700035
:10E8C000086042F20000C5F20020006800F00F006E
:10E8D00006280AD8FFE742F20001C5F200210868C5
:10E8E000072262F303000860FFE744F20041C5F627
:10E8F0000201086840F00100086044F21042C5F6C9
:10E9000002020020106008684EF67F52CEF6F62212
:10E910001040086042F20000C5F20020006800F0DC
:10E920000F0008280AD3FFE742F20001C5F20021D8
:10E930000868072262F303000860FFE744F2184109
:10E94000C5F6020100200090086044F21C41C5F6A3
:10E950000201086044F22041C5F60201086044F259
:10E960002842C5F6020240F20021C0F202211160E5
:10E9700044F22C42C5F602020021C0F2FF111160E0
:10E9800044F23042C5F6020240F28021C0F2011189
:10E99000116044F23442C5F60202106044F238427B
:10E9A000C5F60202116044F23C42C5F60202106054
:10E9B00044F24042C5F60202116044F24441C5F6F9
:10E9C0000201086044F20042C5F60202116821F417
:10E9D0008021116044F26041C5F60201086041F2F5
:10E9E0000001C5F600410968B0EB517F07D1FFE790
:10E9F00048F20811C5F2001101200860FFE744F257
:10EA0000D440C5F602000068C004002814D4FFE713
:10EA100044F2D441C5F60201086840F48050086011
:10EA200044F20002C5F2002243F2D20010600868EE
:10EA300020F480500860FFE701B07047000000003C
:10EA400083B0029001910298006800900298002122
:10EA5000C4F20101884225D0FFE70298B0F1804F4F
:10EA600020D0FFE7029840F20041C4F20001884242
:10EA700018D0FFE7029840F60001C4F20001884276
:10EA800010D0FFE7029840F60041C4F2000188422E
:10EA900008D0FFE7029840F20041C4F20101884229
:10EAA0000AD1FFE7009820F07000009001984168BB
:10EAB000009808430090FFE702980021C4F201018A
:10EAC00088423DD0FFE70298B0F1804F38D0FFE791
:10EAD000029840F20041C4F20001884230D0FFE7C2
:10EAE000029840F60001C4F20001884228D0FFE7F6
:10EAF000029840F60041C4F20001884220D0FFE7AE
:10EB0000029840F20041C4F20101884218D0FFE7A8
:10EB1000029844F20001C4F20101884210D0FFE7DC
:10EB2000029844F20041C4F20101884208D0FFE794
:10EB3000029844F60001C4F2010188420AD1FFE7BD
:10EB4000009820F4407000900198C1680098084334
:10EB50000090FFE7009820F0800001994969084380
:10EB60000090019880680299C86201980068029933
:10EB7000886202980021C4F20101884220D0FFE798
:10EB8000029840F20041C4F20101884218D0FFE728
:10EB9000029844F20001C4F20101884210D0FFE75C
:10EBA000029844F20041C4F20101884208D0FFE714
:10EBB000029844F60001C4F20101884205D1FFE742
:10EBC0000198006902990863FFE70299086840F01C
:10EBD00004000860029901204861009802990860C9
:10EBE00003B070470000000085B0049003910292CA
:10EBF0000193049880680090009820F47F40009072
:10EC000003980299019A41EA0221014300980843BE
:10EC1000009000980499886005B0704700000000DB
:10EC200083B00290019102988068009000984FF69E
:10EC30008F71CFF6CF71084000900198009908437A
:10EC400040F00700009000980299886003B0704778
:10EC500085B0049003910498006A01900499086AB1
:10EC600020F00100086204984068009004988069D0
:10EC7000029002984FF68F71CFF6FE710840029015
:10EC8000029820F00300029003980168029808435C
:10EC90000290019820F00200019003988168019889
:10ECA0000843019004980021C4F20101884220D059
:10ECB000FFE7049840F20041C4F20101884218D0F5
:10ECC000FFE7049844F20001C4F20101884210D029
:10ECD000FFE7049844F20041C4F20101884208D0E1
:10ECE000FFE7049844F60001C4F2010188420ED106
:10ECF000FFE7019820F0080001900398C16801988F
:10ED000008430190019820F004000190FFE7049867
:10ED10000021C4F20101884220D0FFE7049840F2AC
:10ED20000041C4F20101884218D0FFE7049844F280
:10ED30000001C4F20101884210D0FFE7049844F2B8
:10ED40000041C4F20101884208D0FFE7049844F66C
:10ED50000001C4F20101884213D1FFE7009820F4BA
:10ED600080700090009820F4007000900398416932
:10ED70000098084300900398816900980843009028
:10ED8000FFE7009804994860029804998861039805
:10ED900040680499486301980499086205B0704777
:10EDA00085B0049003910498006A01900499086A60
:10EDB00020F0100008620498406800900498806970
:10EDC0000290029848F6FF71CFF6FF61084002906A
:10EDD000029820F44070029003980168029840EA7B
:10EDE00001200290019820F0200001900398816892
:10EDF000019840EA0110019004980021C4F2010139
:10EE0000884229D0FFE7049840F20041C4F2010192
:10EE1000884221D0FFE7049844F20001C4F20101C6
:10EE2000884203D1FFE70020B0B9FFE7049844F21D
:10EE30000041C4F20101884203D1FFE7002058B924
:10EE4000FFE7049844F60001C4F20101884212D1A0
:10EE5000FFE7012078B9FFE7019820F080000190DA
:10EE60000398C168019840EA01100190019820F0D0
:10EE700040000190FFE704980021C4F2010188429C
:10EE800020D0FFE7049840F20041C4F2010188421B
:10EE900018D0FFE7049844F20001C4F2010188424F
:10EEA00010D0FFE7049844F20041C4F20101884207
:10EEB00008D0FFE7049844F60001C4F2010188423B
:10EEC00015D1FFE7009820F480600090009820F4AE
:10EED0000060009003984169009840EA810000902A
:10EEE00003988169009840EA81000090FFE700984C
:10EEF00004994860029804998861039840680499CD
:10EF0000886301980499086205B07047000000000A
:10EF100085B0049003910498006A01900499086AEE
:10EF200020F4807008620498406800900498C069DA
:10EF3000029002984FF68F71CFF6FE710840029052
:10EF4000029820F003000290039801680298084399
:10EF50000290019820F40070019003988168019854
:10EF600040EA0120019004980021C4F20101884286
:10EF700029D0FFE7049840F20041C4F20101884221
:10EF800021D0FFE7049844F20001C4F20101884255
:10EF900003D1FFE70020B0B9FFE7049844F2004135
:10EFA000C4F20101884203D1FFE7002058B9FFE70E
:10EFB000049844F60001C4F20101884212D1FFE72F
:10EFC000012078B9FFE7019820F4006001900398D0
:10EFD000C168019840EA01200190019820F4806006
:10EFE0000190FFE704980021C4F20101884220D07B
:10EFF000FFE7049840F20041C4F20101884218D0B2
:10F00000FFE7049844F20001C4F20101884210D0E5
:10F01000FFE7049844F20041C4F20101884208D09D
:10F02000FFE7049844F60001C4F20101884215D1BB
:10F03000FFE7009820F480500090009820F40050E2
:10F04000009003984169009840EA011000900398ED
:10F050008169009840EA01100090FFE70098049948
:10F06000486002980499C861039840680499C8638D
:10F0700001980499086205B0704700000000000084
:10F0800085B0049003910498006A01900499086A7D
:10F0900020F4805008620498406800900498C06989
:10F0A0000290029848F6FF71CFF6FF610840029087
:10F0B000029820F44070029003980168029840EA98
:10F0C00001200290019820F400500190039881687B
:10F0D000019840EA0130019004980021C4F2010136
:10F0E000884220D0FFE7049840F20041C4F20101B9
:10F0F000884218D0FFE7049844F20001C4F20101ED
:10F10000884210D0FFE7049844F20041C4F20101A4
:10F11000884208D0FFE7049844F60001C4F20101D8
:10F1200088420BD1FFE7009820F4804000900398BC
:10F130004169009840EA81100090FFE70098049927
:10F14000486002980499C86103984068049908646B
:10F1500001980499086205B07047000000000000A3
:10F1600085B0049003910498006A01900499086A9C
:10F1700020F4803008620498406800900498406D44
:10F18000029002984FF68F71CFF6FE710840029000
:10F1900003980168029808430290019820F4003017
:10F1A000019003988168019840EA01400190049819
:10F1B0000021C4F20101884220D0FFE7049840F208
:10F1C0000041C4F20101884218D0FFE7049844F2DC
:10F1D0000001C4F20101884210D0FFE7049844F214
:10F1E0000041C4F20101884208D0FFE7049844F6C8
:10F1F0000001C4F2010188420BD1FFE7009820F41E
:10F200008030009003984169009840EA0120009006
:10F21000FFE70098049948600298049948650398AC
:10F2200040680499886501980499086205B07047A0
:10F2300085B0049003910498006A01900499086ACB
:10F2400020F4801008620498406800900498406D93
:10F250000290029848F6FF71CFF6FF6108400290D5
:10F2600003980168029840EA01200290019820F476
:10F270000010019003988168019840EA01500190C4
:10F2800004980021C4F20101884220D0FFE70498CD
:10F2900040F20041C4F20101884218D0FFE704980F
:10F2A00044F20001C4F20101884210D0FFE7049843
:10F2B00044F20041C4F20101884208D0FFE70498FB
:10F2C00044F60001C4F2010188420BD1FFE7009827
:10F2D00020F48020009003984169009840EA812042
:10F2E0000090FFE7009804994860029804994865E7
:10F2F000039840680499C86501980499086205B0AC
:10F30000704700000000000085B004900391029255
:10F310000498006A00900499086A20F001000862CD
:10F32000049880690190019820F0F0000190029902
:10F33000019840EA01100190009820F00A00009026
:10F3400003990098084300900198049988610098F7
:10F350000499086205B0704785B004900391029249
:10F360000498006A00900499086A20F0100008626E
:10F37000049880690190019820F4704001900299EE
:10F38000019840EA01300190009820F0A000009020
:10F390000399009840EA011000900198049988614F
:10F3A00000980499086205B0704700000000000052
:10F3B00082B001900198406E40B9FFE701990120A9
:10F3C000A1F86A000199A1F8680032E010208DF8D8
:10F3D00003008DF80200019800688068C0F3426065
:10F3E0008DF80100019800688068400F8DF80000DA
:10F3F0009DF802009DF8002040F6D413C0F60103EA
:10F40000995C484340F6CC11C0F601018A5CB0FB20
:10F41000F2F0019AA2F86A009DF803009DF801201D
:10F420009B5C5843895CB0FBF1F00199A1F868003E
:10F43000FFE702B07047000081B00090009890F89C
:10F440002800000700280BD5FFE7009800684068F7
:10F4500020F40040009A1168926B10434860FFE767
:10F46000009890F82800C00758B1FFE7009800689E
:10F47000406820F40030009A1168D26A1043486056
:10F48000FFE7009890F82800800700280BD5FFE7D9
:10F4900000980068406820F48030009A1168126B70
:10F4A00010434860FFE7009890F8280040070028C4
:10F4B0000BD5FFE700980068406820F48020009A90
:10F4C0001168526B10434860FFE7009890F82800DD
:10F4D000C00600280BD5FFE700980068806820F47C
:10F4E0008050009A1168D26B10438860FFE7009843
:10F4F00090F82800800600280BD5FFE700980068E8
:10F50000806820F40050009A1168126C10438860E3
:10F51000FFE7009890F82800400600281CD5FFE778
:10F5200000980068406820F48010009A1168526CBE
:10F53000104348600098406CB0F5801F0BD1FFE786
:10F5400000980068406820F4C000009A1168926C2E
:10F5500010434860FFE7FFE7009890F82800000696
:10F5600000280BD5FFE700980068406820F40020D1
:10F57000009A1168D26C10434860FFE701B07047F1
:10F5800080B588B0069006990020C1F89000F6F783
:10F5900057FF0590069800680068000700282FD5DF
:10F5A000FFE70698059B6A466FF07E4111604FF4B5
:10F5B0000011002200F040FF08B3FFE7FFE7FFE77C
:10F5C0000698006850E8000F20F080000490FFE7E4
:10F5D00004990698026842E800100028F0D1FFE77D
:10F5E000FFE706992020C1F88800FFE70699002070
:10F5F00081F88400FFE703208DF81F005FE0FFE73C
:10F600000698006800684007002842D5FFE7069882
:10F61000059B6A466FF07E4111604FF48001002225
:10F6200000F00AFFA0B3FFE7FFE7FFE706980068D6
:10F6300050E8000F20F490700390FFE703990698BC
:10F64000026842E800100028F0D1FFE7FFE7FFE77B
:10F65000FFE70698006850E8020F20F001000290D2
:10F66000FFE702990698026842E802100028F0D1EC
:10F67000FFE7FFE706992020C1F88C00FFE7069915
:10F68000002081F88400FFE703208DF81F0016E0BA
:10F69000FFE706992020C1F888000699C1F88C0080
:10F6A00006990020C86606990867FFE706990020BA
:10F6B00081F88400FFE700208DF81F00FFE79DF828
:10F6C0001F0008B080BD000080B582B00190019895
:10F6D000806B009000990020A1F85E000098FCF774
:10F6E000D7F902B080BD000080B584B003900398C4
:10F6F000806B02900298D0F8880001900298D0F8B0
:10F700008C000090029800688068000600280CD5E4
:10F71000FFE70198212808D1FFE702990020A1F80E
:10F720005600029800F02CF9FFE702980068806804
:10F73000400600280CD5FFE70098222808D1FFE7F3
:10F7400002990020A1F85E00029800F0A5F8FFE7FA
:10F750000299D1F8900040F01000C1F89000029892
:10F76000FCF796F904B080BD80B586B00590059889
:10F77000806B04900598C069B0F5807F5BD0FFE78F
:10F7800004990020A1F85E00FFE7FFE704980068F5
:10F7900050E8000F20F480700390FFE7039904986D
:10F7A000026842E800100028F0D1FFE7FFE7FFE71A
:10F7B000FFE70498006850E8020F20F00100029073
:10F7C000FFE702990498026842E802100028F0D18D
:10F7D000FFE7FFE7FFE7FFE70498006850E8020F44
:10F7E00020F040000190FFE701990498026842E888
:10F7F00002100028F0D1FFE7FFE704992020C1F8AC
:10F800008C000498C06E012814D1FFE7FFE7FFE7E2
:10F810000498006850E8000F20F010000090FFE707
:10F8200000990498026842E800100028F0D1FFE730
:10F83000FFE7FFE7FFE70499002008670498C06E20
:10F84000012806D1FFE70498B0F85C10FBF7ECFF45
:10F8500003E00498FDF764F8FFE706B080BD000000
:10F8600080B582B001900198806B009000990120D2
:10F8700008670098C06E012807D1FFE70098B0F82C
:10F880005C104908FBF7D0FF03E00098FDF74CF847
:10F89000FFE702B080BD000084B00390FFE7FFE700
:10F8A0000398006850E8000F20F490700290FFE782
:10F8B00002990398026842E800100028F0D1FFE79F
:10F8C000FFE7FFE7FFE70398006850E8020F4FF6F5
:10F8D000FE71CEF6FF7108400190FFE70199039891
:10F8E000026842E802100028EDD1FFE7FFE7039825
:10F8F000C06E012814D1FFE7FFE7FFE70398006817
:10F9000050E8000F20F010000090FFE700990398E6
:10F91000026842E800100028F0D1FFE7FFE7FFE7A8
:10F9200003992020C1F88C0003990020C866039930
:10F93000486704B07047000080B582B00190FFE7CF
:10F94000FFE70198006850E8000F20F040000090A9
:10F95000FFE700990198026842E800100028F0D102
:10F96000FFE7FFE701992020C1F8880001990020F6
:10F9700088670198FDF778F802B080BD00000000AC
:10F9800083B00290FFE7FFE70298006850E8000F9D
:10F9900020F0C0000190FFE701990298026842E858
:10F9A00000100028F0D1FFE7FFE7FFE7FFE702982C
:10F9B000006850E8020F20F400000090FFE7009973
:10F9C0000298026842E802100028F0D1FFE7FFE742
:10F9D00002992020C1F8880003B0704700000000A1
:10F9E00080B59CB01B9000208DF85F001B980068CC
:10F9F00040F60041C5F60001884201D1FFE700E072
:10FA0000FFE71B9988680B694A69C9691843104365
:10FA100008431A901B980068006846F6F311CCF66C
:10FA2000FF7108401A9908431B99096808601B98E0
:10FA30000068406820F440501B9A1168D268104357
:10FA400048601B9880691A901B98006840F6004136
:10FA5000C5F60001884206D0FFE71B98016A1A9894
:10FA600008431A90FFE71B98006880684FF2FF4137
:10FA7000C1F2FF1108401A9908431B990968886070
:10FA80001B980068C06A20F00F001B9A1168526A28
:10FA90001043C862FFE71B98006841F20001C4F2FE
:10FAA0000101884240F04180FFE744F25440C5F62E
:10FAB0000200006800F0380001460E9128282FD877
:10FAC0000E99DFE801F0152D2D2D2D2D2D2D192D41
:10FAD0002D2D2D2D2D2D1D2D2D2D2D2D2D2D212D72
:10FAE0002D2D2D2D2D2D252D2D2D2D2D2D2D29007F
:10FAF00001208DF8650017E004208DF8650013E003
:10FB000008208DF865000FE010208DF865000BE0EF
:10FB100020208DF8650007E040208DF8650003E0A7
:10FB200080208DF86500FFE7D6E11B98006844F25D
:10FB30000041C4F2000188422ED1FFE744F2544054
:10FB4000C5F60200006800F0070001460D91052887
:10FB50001DD80D99DFE801F003070B0F13170020E4
:10FB60008DF8650017E004208DF8650013E008208B
:10FB70008DF865000FE010208DF865000BE0202067
:10FB80008DF8650007E040208DF8650003E08020D7
:10FB90008DF86500FFE79EE11B98006844F60001C0
:10FBA000C4F2000188422ED1FFE744F25440C5F66A
:10FBB0000200006800F0070001460C9105281DD8DE
:10FBC0000C99DFE801F003070B0F131700208DF8E5
:10FBD000650017E004208DF8650013E008208DF81B
:10FBE00065000FE010208DF865000BE020208DF8F7
:10FBF000650007E040208DF8650003E080208DF867
:10FC00006500FFE766E11B98006844F60041C4F216
:10FC1000000188422ED1FFE744F25440C5F60200AD
:10FC2000006800F0070001460B9105281DD80B99CC
:10FC3000DFE801F003070B0F131700208DF86500B4
:10FC400017E004208DF8650013E008208DF86500AA
:10FC50000FE010208DF865000BE020208DF8650086
:10FC600007E040208DF8650003E080208DF86500F6
:10FC7000FFE72EE11B98006845F20001C4F2000185
:10FC800088422ED1FFE744F25440C5F602000068D6
:10FC900000F0070001460A9105281DD80A99DFE8FF
:10FCA00001F003070B0F131700208DF8650017E014
:10FCB00004208DF8650013E008208DF865000FE042
:10FCC00010208DF865000BE020208DF8650007E01E
:10FCD00040208DF8650003E080208DF86500FFE787
:10FCE000F6E01B98006841F20041C4F2010188422D
:10FCF00040F04180FFE744F25440C5F6020000683E
:10FD000000F038000146099128282FD80999DFE82A
:10FD100001F0152D2D2D2D2D2D2D192D2D2D2D2DA8
:10FD20002D2D1D2D2D2D2D2D2D2D212D2D2D2D2D1F
:10FD30002D2D252D2D2D2D2D2D2D290001208DF83A
:10FD4000650017E004208DF8650013E008208DF8A9
:10FD500065000FE010208DF865000BE020208DF885
:10FD6000650007E040208DF8650003E080208DF8F5
:10FD70006500FFE7ABE01B98006847F60001C4F29E
:10FD8000000188422ED1FFE744F25440C5F602003C
:10FD9000006800F007000146089105281DD8089961
:10FDA000DFE801F003070B0F131700208DF8650043
:10FDB00017E004208DF8650013E008208DF8650039
:10FDC0000FE010208DF865000BE020208DF8650015
:10FDD00007E040208DF8650003E080208DF8650085
:10FDE000FFE773E01B98006847F60041C4F200018A
:10FDF00088422ED1FFE744F25440C5F60200006865
:10FE000000F007000146079105281DD80799DFE893
:10FE100001F003070B0F131700208DF8650017E0A2
:10FE200004208DF8650013E008208DF865000FE0D0
:10FE300010208DF865000BE020208DF8650007E0AC
:10FE400040208DF8650003E080208DF86500FFE715
:10FE50003BE01B98006840F60041C5F6000188426F
:10FE60002ED1FFE744F25840C5F60200006800F0CA
:10FE700007000146069105281DD80699DFE801F024
:10FE800003070B0F131702208DF8650017E00420FD
:10FE90008DF8650013E008208DF865000FE0102054
:10FEA0008DF865000BE020208DF8650007E040200C
:10FEB0008DF8650003E080208DF86500FFE703E022
:10FEC00080208DF86500FFE7FFE7FFE7FFE7FFE72A
:10FED000FFE7FFE7FFE7FFE7FFE71B98006840F653
:10FEE0000041C5F60001884240F0B480FFE79DF86C
:10FEF000650001460591022814D0FFE70598042803
:10FF000014D0FFE70598082816D0FFE705981028B9
:10FF100018D0FFE70598202835D0FFE7059840283E
:10FF200037D03AE0F6F7A0FE0F903CE013A8F7F7C1
:10FF300007F814980F9036E010A8F7F759F91198C0
:10FF40000F9030E044F20040C5F60200006800F077
:10FF500020010020B0EB511F0ED0FFE744F200401B
:10FF6000C5F602000068C0F3C10149F20000C0F20A
:10FF7000D030C8400F9005E049F20000C0F2D03008
:10FF80000F90FFE70FE040F60010C0F23D000F9029
:10FF900009E04FF400400F9005E000200F90012091
:10FFA0008DF85F00FFE70F98002852D0FFE70F9809
:10FFB0001B994A6A40F6DC11C0F6010131F81210B3
:10FFC000B0FBF1F0169016981B99496801EB4101BE
:10FFD000884207D3FFE716981B994968B0EB013FA9
:10FFE00004D9FFE701208DF85F0031E00F981B99DD
:10FFF0004A6803924A6A40F6DC11C0F6010131F802
:020000040801F1
:100000001220002304931946F0F766F9039A049B23
:10001000090241EA1061000210EB520041F10001B7
:10002000F0F75AF918901898B0F5407F0BD3FFE716
:1000300018990020B0EB115F05D1FFE718981B99C4
:100040000968C86003E001208DF85F00FFE7FFE763
:10005000FFE746E11B98C069B0F5004F40F0A8806B
:10006000FFE79DF8650001460291402800F2638099
:100070000299DFE801F021256060296060602F604F
:10008000606060606060356060606060606060609B
:10009000606060606060566060606060606060606A
:1000A0006060606060606060606060606060606050
:1000B0006060606060605C00F9F7E2FA0F9040E019
:1000C000F9F7F2FA0F903CE013A8F6F739FF14980D
:1000D0000F9036E010A8F7F78BF811980F9030E0EA
:1000E00044F20040C5F60200006800F02001002044
:1000F000B0EB511F0ED0FFE744F20040C5F60200FE
:100100000068C0F3C10149F20000C0F2D030C8401D
:100110000F9005E049F20000C0F2D0300F90FFE7E9
:100120000FE040F60010C0F23D000F9009E04FF4E0
:1001300000400F9005E000200F9001208DF85F0037
:10014000FFE70F9898B3FFE70F981B9A5168536A1F
:1001500040F6DC12C0F6010232F81320B0FBF2F0D8
:10016000400000EB5100B0FBF1F0189018981028F7
:1001700018D3FFE7BDF86200A0B9FFE7189820F098
:100180000F00ADF86600189800F00E01BDF866008B
:1001900040EA5100ADF86600BDF866001B99096899
:1001A000C86003E001208DF85F00FFE7FFE797E0FC
:1001B0009DF8650001460191402800F26380019995
:1001C000DFE801F021256060296060602F606060D9
:1001D000606060603560606060606060606060604A
:1001E0006060606056606060606060606060606019
:1001F00060606060606060606060606060606060FF
:10020000606060605C00F9F73BFA0F9040E0F9F73E
:100210004BFA0F903CE013A8F6F792FE14980F905B
:1002200036E010A8F6F7E4FF11980F9030E044F2A2
:100230000040C5F60200006800F020010020B0EB8D
:10024000511F0ED0FFE744F20040C5F602000068DF
:10025000C0F3C10149F20000C0F2D030C8400F9095
:1002600005E049F20000C0F2D0300F90FFE70FE048
:1002700040F60010C0F23D000F9009E04FF400403E
:100280000F9005E000200F9001208DF85F00FFE740
:100290000F9820B3FFE70F981B9A5168536A40F6F6
:1002A000DC12C0F6010232F81320B0FBF2F000EBD2
:1002B0005100B0FBF1F01890189810280AD3FFE70E
:1002C000BDF8620030B9FFE7BDF860001B9909680E
:1002D000C86003E001208DF85F00FFE7FFE7FFE75C
:1002E000FFE71B990120A1F86A001B99A1F868009B
:1002F0001B99002048671B9988679DF85F001CB018
:1003000080BD00000000000080B588B00690059117
:10031000ADF81220059806998865BDF81200069977
:10032000A1F85C0006990020C1F8900006992220EF
:10033000C1F88C000698D0F88000B0B3FFE70698AB
:10034000D0F880104FF26970C0F60000C8630698BC
:10035000D0F880104FF66100C0F6000008640698DF
:10036000D0F880104FF2E960C0F60000C86406982B
:10037000D0F880100020086506980168826DD0F8DA
:1003800080002431BDF81230F5F706F860B1FFE7C0
:1003900006991020C1F8900006992020C1F88C0021
:1003A00001208DF81F0042E0FFE706980069A0B128
:1003B000FFE7FFE7FFE70698006850E8000F40F40A
:1003C00080700390FFE703990698026842E80010E6
:1003D0000028F0D1FFE7FFE7FFE7FFE7FFE7069818
:1003E000006850E8020F40F001000290FFE7029918
:1003F0000698026842E802100028F0D1FFE7FFE704
:10040000FFE7FFE70698006850E8020F40F0400061
:100410000190FFE701990698026842E8021000285F
:10042000F0D1FFE7FFE700208DF81F00FFE79DF800
:100430001F0008B080BD000080B586B0DDF820C088
:10044000049003918DF80B200193FFE70498006856
:10045000C06903990840401AB0FA80F040099DF83D
:100460000B10884266D1FFE708980130002860D061
:10047000FFE7F5F7E5FF0199401A0899884203D88C
:10048000FFE7089820B9FFE703208DF8170055E033
:100490000498006800684007002849D5FFE70398E2
:1004A000802845D0FFE70398402841D0FFE7049813
:1004B0000068C06900F008010120B0EBD10F16D12F
:1004C000FFE7049801680820009008620498FFF78D
:1004D000E3F900980499C1F89000FFE7049900201F
:1004E00081F88400FFE701208DF8170026E00498CA
:1004F0000068C06900F400610120B0EBD12F16D173
:10050000FFE7049801684FF4006008620498FFF761
:10051000C3F904992020C1F89000FFE70499002056
:1005200081F88400FFE703208DF8170006E0FFE75D
:10053000FFE78BE700208DF81700FFE79DF8170015
:1005400006B080BD0000000080B582B040F6FC100F
:10055000C2F200400068C06900F010010020B0EB5A
:10056000111F00F0F180FFE740F6FC10C2F20040DE
:10057000026810211162FBF7FBF940F2F000C2F2B1
:10058000004000681021C4F20201884200F0B280ED
:10059000FFE740F2F000C2F2004000682821C4F2F8
:1005A0000201884200F0A680FFE740F2F000C2F2AC
:1005B000004000684021C4F20201884200F09A80A5
:1005C000FFE740F2F000C2F2004000685821C4F298
:1005D0000201884200F08E80FFE740F2F000C2F294
:1005E000004000687021C4F20201884200F082805D
:1005F000FFE740F2F000C2F2004000688821C4F238
:100600000201884276D0FFE740F2F000C2F20040DB
:100610000068A021C4F2020188426BD0FFE740F2DB
:10062000F000C2F200400068B821C4F20201884222
:1006300060D0FFE740F2F000C2F20040006840F2F4
:100640001041C4F20201884254D0FFE740F2F000AA
:10065000C2F20040006840F22841C4F20201884220
:1006600048D0FFE740F2F000C2F20040006840F2DC
:100670004041C4F2020188423CD0FFE740F2F00062
:10068000C2F20040006840F25841C4F202018842C0
:1006900030D0FFE740F2F000C2F20040006840F2C4
:1006A0007041C4F20201884224D0FFE740F2F0001A
:1006B000C2F20040006840F28841C4F20201884260
:1006C00018D0FFE740F2F000C2F20040006840F2AC
:1006D000A041C4F2020188420CD0FFE740F2F000D2
:1006E000C2F20040006840F2B841C4F20201884200
:1006F00008D1FFE740F2F000C2F200400068406815
:10070000019007E040F2F000C2F20040006840684B
:100710000190FFE70198C0F1FF0040F69B71C2F223
:100720000041087040F69C71C2F20041012008703F
:1007300040F6FC10C2F2004040F69C61C2F200415B
:10074000FF22FCF79DF8FFE740F6FC10C2F20040E4
:10075000FBF7A2F902B080BD80B540F6E040C2F2DE
:100760000040FBF799F980BDFFE7FEE700000000BD
:1007700081B0ADF80200BDF9020000280ED4FFE7F9
:10078000BDF9021001F01F02012090404A094EF20B
:100790000011CEF2000141F82200FFE701B07047DE
:1007A0004EF60C50CEF200000068C0F302207047F5
:1007B00082B0ADF806000091BDF9060000280AD409
:1007C000FFE700980001BDF906104EF20042CEF29C
:1007D000000288540BE000980001BDF8061001F0FB
:1007E0000F014EF61452CEF200028854FFE702B019
:1007F000704700000000000083B00290029800F0F3
:10080000070000904EF60C51CEF2000108680190EE
:1008100001984FF6FF02104001900198009A40EABB
:1008200002200022C0F2FA521043019001980860A1
:1008300003B070470000000080B588B0002005902C
:100840000790FCF761FAF6F78BF8FDF7BDFFFDF7AF
:10085000F7FCFCF701FCFCF767FBFCF78DFBFCF7F2
:10086000C3FBFCF72DFDFCF767FDFCF7A1FDFCF7D2
:10087000DBFDFCF715FEFDF75FFAFDF7A5FAFDF7C6
:10088000EBFAFDF731FBFDF777FBFDF705FCFDF714
:100890004BFCFCF751FEFCF7F3FEFCF725FFFCF7E1
:1008A00057FFFCF789FFFDF743F8FDF781F8FDF7E7
:1008B000BFF8FDF751F9FDF78FF9FCF751FAFCF796
:1008C000AFFAFCF7F9FAFCF76FFEFCF7A5FEFDF7AF
:1008D0009BFB40F6FC10C2F200400268102111623E
:1008E0000268116841F01001116040F69C61C2F28B
:1008F0000041FF22FBF7C4FF059B69468B604B60FC
:100900004FF448600390086001204FF47A7204921B
:100910001946FDF7A9FE0A200690F5F7C1F80398DD
:10092000049A059B69468B604B600860022019465B
:10093000FDF79AFE0698F5F7B3F80598FDF7F0FE77
:100940000698F5F7ADF8FFE7FEE702E008C8121FCA
:1009500008C1002AFAD170477047002001E001C1A8
:10096000121F002AFBD170470000000000000000A9
:100970000000000000000000000000000100000076
:10098000020000000300000004000000000000005E
:100990000500000000000000000000000000000052
:1009A0000600000000000000000000000000000041
:1009B000070000000000000001020304010203041C
:1009C000060708090006101600061016080402049F
:1009D00008010101010101030701000001000200FB
:1009E0000400060008000A000C001000200040006F
:1009F00080000001180A0108000000241000000017
:100A00004A090108280A0108100000249813000070
:100A10005A090108000000000090D0030090D003A4
:080A20000100000010000000BD
:040000050800029954
:00000001FF
