:020000040800F2
:10000000B8770020550200083D4800082531000857
:100010003548000805070008F556000800000000F4
:10002000000000000000000000000000C14F0008B8
:10003000350C0008000000009149000881500008BC
:100040006F0200086F0200086F0200086F020008CC
:100050006F0200086F0200086F0200086F020008BC
:10006000390C0008410C00086F0200081D0C000844
:100070006F0200086F0200086F0200086F0200089C
:10008000290C00086F0200086F0200086F020008C8
:100090006F0200086F0200086F0200086F0200087C
:1000A0006F0200086F0200086F0200086F0200086C
:1000B0006F0200086F0200086F0200086F0200085C
:1000C0006F0200086F0200086F0200086F0200084C
:1000D0006F0200086F0200086F0200086F0200083C
:1000E0006F0200086F0200086F0200086F0200082C
:1000F0006F0200086F0200086F0200086F0200081C
:100100006F0200086F0200086F0200086F0200080B
:100110006F0200086F0200086F0200086F020008FB
:100120006F0200086F0200086F0200086F020008EB
:100130006F0200086F0200086F0200086F020008DB
:100140006F0200086F0200086F0200086F020008CB
:100150006F0200086F0200086F0200086F020008BB
:100160006F0200086F0200086F0200086F020008AB
:100170006F0200086F0200086F0200080000000014
:100180006F0200086F02000800F002F800F052F859
:1001900014A696E8000CB244B344DA4501D100F04D
:1001A00049F8BAE80F000FA696E83000A5EB040561
:1001B00004EB0607AAEB0704A7F101074FEA1515A0
:1001C0004FEA3414A4F10104AC4201D300F032F838
:1001D00013F0010F18BFFB1A43F0010300F001F800
:1001E000DBE718475CBB00007CBB0000103A24BF73
:1001F00078C878C1FAD8520724BF30C830C144BF8C
:1002000004680C6070470000704700000023002461
:1002100000250026103A28BF78C1FBD8520728BF16
:1002200030C148BF0B6070471FB508F0AEFA1FBD64
:1002300010B510BD00F0E5F81146FFF7F5FF05F029
:10024000ABFB00F003F903B4FFF7F2FF03BC00F0CF
:1002500007F900000948804709480047FEE7FEE724
:10026000FEE7FEE7FEE7FEE7FEE7FEE7FEE7FEE766
:1002700004480549054A064B7047000045510008EF
:1002800089010008B84F0020B8770020B86F00201F
:10029000B86F002053EA020C00F069802DE9F04BA2
:1002A0004FF00006002B1FBFB3FA83F503FA05F4E5
:1002B00024FA05F65E4012BF1643B2FA82F502FA3E
:1002C00005F4C5F120051EBF22FA05FC44EA0C0422
:1002D000203556EA044C4FEA144418BF641C4FF012
:1002E00000084FF00009904271EB030C39D300294C
:1002F00019BFB1FA81F701FA07F6B0FA80F700FAF0
:1003000007F6C7F120071EBF20FA07FC46EA0C06D5
:100310002037B6FBF4FCA7EB0507103F07F01F0BD7
:10032000CBF120062CFA06F60CFA0BFB44BFB346C1
:100330000026202FA4BF5E464FF0000B5BEA060CA0
:1003400008BF4FF0010B19EB0B0948EB0608ABFB9C
:10035000027C06FB02CC0BFB03CCC01B71EB0C0137
:10036000C1E70B46024641464846BDE8F08B13B54F
:10037000084318BF4FF0FF300146AFF30080BDE8DF
:100380001C4070474FF0000200B513469446964655
:10039000203922BFA0E80C50A0E80C50B1F1200198
:1003A000BFF4F7AF090728BFA0E80C5048BF0CC046
:1003B0005DF804EB890028BF40F8042B08BF7047A4
:1003C00048BF20F8022B11F0804F18BF00F8012B16
:1003D000704770477047704710B500F00DF800681F
:1003E00010BD10B5044600F007F8046010BD000011
:1003F000004870473800002000487047380000204F
:1004000070477546FFF7F4FFAE4605006946534650
:1004100020F00700854618B020B5FFF729FFBDE89A
:1004200020404FF000064FF000074FF000084FF05B
:10043000000BAC46ACE8C009ACE8C009ACE8C009A8
:10044000ACE8C00921F007018D46704710B504469D
:10045000AFF300802046BDE81040FFF7F4BE000077
:1004600001491820ABBEFEE72600020040F600401E
:10047000C4F202008021012201F0CEB840F6004013
:10048000C4F202008021002201F0C6B870470000CB
:1004900040F60040C4F202001021012201F0BCB875
:1004A00040F60040C4F202001021002201F0B4B86E
:1004B00070470000002808BF704710B54EF21801C1
:1004C00049F2400CCEF20001C0F2020C51F804ECEB
:1004D0000B6800220C689C42FCD01A44121B9C4200
:1004E00028BF724462452346F4D301380204EDD19B
:1004F000BDE810407047000080B54EF21801CEF202
:100500000001A82251F804CC00FB02FE0868002379
:100510000A688242FCD003449B1A824228BF63448B
:100520007345104628BF80BDF2E7000010B5FFF705
:10053000ADFFFFF7BDFF05F0F9F8044605F082F9BD
:10054000204310BD2DE9F04383B081460020904642
:100550000D46CDE90000FFF791FF922000F0BAF8B8
:10056000922000F0B7F86846461E0624374600BFC2
:10057000552000F0AFF8013C210607F8010FF7D134
:10058000FFF774FFBDF90000BDF9021000EE100A7C
:1005900040F20000C2F2000090ED001AB8EEC00A6E
:1005A000BDF9042021EE000A85ED000A00EE101AC4
:1005B00090ED001A02EE102AB8EEC00AB8EEC22A78
:1005C00021EE000A21EE021A85ED010A85ED021ADC
:1005D000FFF766FF802000F07DF80824374600BF53
:1005E000552000F077F8013C210607F8010FF7D1FC
:1005F000FFF74EFF9DF800000F2825D1BDF902003E
:10060000BDF9041000EE100A40F20400C2F200002E
:1006100090ED001AB8EEC00ABDF9062021EE000ADE
:1006200089ED000A00EE101A90ED001A02EE102A71
:10063000B8EEC00AB8EEC22A21EE000A21EE021A74
:1006400089ED010A89ED021AFFF718FFA22000F0D8
:1006500041F8A22000F03EF8022400BF552000F02F
:1006600039F8013C210606F8010FF7D1FFF7FEFE2D
:100670009DF800009DF80110C00040EA51114FF6AE
:1006800000020023CFF6FF72B3EB902F18BF114387
:1006900000EE101AB8EEC00AB4EE001A20EE010AFD
:1006A000B3EE071A30EE010A88ED000A40F274201A
:1006B00099E80E00C2F2000080E80E002968C160CF
:1006C00069680161A9684161D8F80010816103B0CF
:1006D000BDE8F08380B582B08DF8070040F6842035
:1006E0004FF47A7CC2F200000DF107010DF1060211
:1006F0000123CDF800C001F035FE9DF8060002B0E0
:1007000080BD0000FEE70000B0B52DED068B04466D
:10071000002000BF51F8203044F820300130042878
:10072000F8D140F6A51045F2F96140F6E5139FEDCA
:10073000249A9FED24AAC0F60000C0F60001C0F67E
:100740000003B6EE008A0025C4E96920C4E96B31D4
:1007500004F15400032102220023B0EE480AF0EE17
:10076000490AB0EE4A1A84F8505004F0FBF804F13C
:10077000C400032102220023B0EE480AF0EE490A29
:10078000B0EE4A1A04F0EEF89FED0F0ADFED0F0A03
:1007900004F59A70032103220023B0EE4A1A04F0F4
:1007A000E1F804F1510004F01DFCC4E90455C4E96A
:1007B0000655C4E90855C4E90A55BDEC068BB0BD21
:1007C0000AD7233D00000000CDCC4C3E0AD7A33C05
:1007D00070B5D0F8A4210D460446203002F1240162
:1007E00002F012FDD4F8A40100F1240100F10C0282
:1007F000284602F0AFFCD4F8A40100F10C01204619
:1008000000F066F894F85000C8BB04F15105D4F824
:10081000A461284604F0EAFB88BBD4F8A40196ED55
:10082000030A90ED061A90ED0F2A30EE410AB0EE61
:10083000C00AB4EE420AF1EE10FA20DA96ED040A8C
:1008400090ED071A90ED102A30EE410AB0EEC00A82
:10085000B4EE420AF1EE10FA11DA96ED050A90EDC7
:10086000081A90ED112A30EE410AB0EEC00AB4EE3B
:10087000420AF1EE10FA02DA284604F0B9FBD4F885
:10088000A82104F110012046BDE870401047000087
:1008900010B50446D0F8A401D1E900CE8968C0E9BA
:1008A00006CE0162D4F8A401D2E9001C9268C0E926
:1008B0000F1C42641BB1D4F8A40102F09DFC00207F
:1008C00084F850005134204604F096FB204610BDB9
:1008D00070B52DED048B84B0044690F850000228CA
:1008E00016D0002859D104F151000D4604F07EFBCA
:1008F000D8B1012084F850000020D4F8A42103903E
:10090000CDE9010004F1100101A802F0D9FC44E096
:10091000D4F8A42104F1100102F1300004B0BDECC0
:10092000048BBDE8704002F0CBBCD4F8A46195ED17
:10093000000AD6ED060A04F1540005F0ABF9D4F82C
:10094000A401D6ED070A90ED0C1A04F1C40030EEB4
:10095000018A95ED010A05F09DF9D4F8A401D6EDC0
:10096000080A90ED0D1A04F59A7030EE019A95ED93
:10097000020A05F08FF9D4F8A43104F1100193EDC7
:100980000E1A01A830EE010A2A468DED018A8DED7E
:10099000029A8DED030A02F0F9FC04B0BDEC048B61
:1009A00070BD0000B0B50C460546002021582A58FD
:1009B000043010285162F9D1286894ED000A05F03E
:1009C000F3FC686894ED010A05F0EEFCA86894ED6C
:1009D000020A05F0E9FCE86894ED030ABDE8B040BE
:1009E00005F0E2BC70B515460C460646002000BF77
:1009F0002958325851622158043010289162F7D199
:100A0000306895ED000AD4ED000A05F03DFC7068F1
:100A100095ED010AD4ED010A05F036FCB06895EDBC
:100A2000020AD4ED020A05F02FFCF06895ED030AE6
:100A3000D4ED030ABDE8704005F026BCD0F8A4212F
:100A4000002982ED0C0AC2ED0D0A82ED0E1A1EBFBE
:100A5000022180F85010704780B5D0F8A4214FF0E3
:100A6000010C02F13003864600F1100118468EF8A1
:100A700050C0BDE8804002F023BC000090ED002A89
:100A8000B0EE401A9FED150AB4EE412AF1EE10FACD
:100A900023DC90ED023AB4EE413AF1EE10FAB8BF21
:100AA000704731EE420A90ED072A90ED061A90ED5C
:100AB000083A22EE002A90ED094A32EE011A20EEA1
:100AC000032A22EE002A32EE011A20EE042A20EE3A
:100AD000022A22EE000A30EE010A704700000000F0
:100AE00070B52DED0C8BB0EE458AB0EE449AB0EEA9
:100AF00043AAB0EE42BAB0EE41CA044651EC100B24
:100B0000F0EE658AF0EE649AF0EE63AAF0EE62BA57
:100B1000F0EE61CA07F012F90DEE100A206051ECF8
:100B20001C0B07F00BF905460CEE100A606051EC47
:100B30001B0B07F003F90BEE100AA06051EC1A0B27
:100B400007F0FCF80AEE100AE06051EC190B07F010
:100B5000F5F8064609EE100A206151EC180B07F073
:100B6000EDF800EE100A3BEE4D1A3AEE4C2AB0EECC
:100B7000083A30EE004A22EE032A21EE013A34EE22
:100B8000094A3CEE4A5A84EE014A35EE055A21EEF6
:100B9000031A39EE000A82EE032A85EE011A80EE6E
:100BA000030A04F1140161C132EE442A84ED082ADB
:100BB00030EE010A84ED090ABDEC0C8B70BD00001B
:100BC00090ED002AB0EE401A9FED130AB4EE412AD0
:100BD000F1EE10FA1FDC90ED023AB4EE413AF1EE7C
:100BE00010FAB8BF704731EE420A90ED082A90ED36
:100BF000071A32EE022A90ED093A22EE002A32EE6E
:100C0000011AB0EE082A23EE022A20EE022A22EE72
:100C1000000A30EE010A70470000000040F28C30FC
:100C2000C2F2000000F0A8BA40F2EC30C2F20000BC
:100C300000F0A2BA70470000042000F017BC0000CA
:100C4000082000F013BC000072B600BFFEE70000F1
:100C5000B0B581B00022009290F83C20012A02D168
:100C6000022001B0B0BDD1F800E00122BEF10A0FB0
:100C700080F83C200ED31FFA8EF25200036812FA5D
:100C80008EF21E3A4FF0070C53F80C5F0CFA02F488
:100C9000A54308E003680EEB4E02072553F8104FFA
:100CA000954024EA05051D608D6805FA02F21D686D
:100CB0002A431A604A68062A0ED802EB82014A1FAC
:100CC00001681F2351F8345F934025EA03030B604A
:100CD0001FFA8EF3934014E0016802EB82030C2AA2
:100CE0001FFA8EF203D851F8304F233B02E051F83F
:100CF0002C4F413B1F259D4024EA050502FA03F3D2
:100D00000D600A6842F2043C1A430A60C4F2010C06
:100D10000168BEF1120FACF5417308BF994205D1CD
:100D2000DCF8002042F48002CCF800202EF0010212
:100D3000102A08BF994205D0002180F83C100020FD
:100D400001B0B0BDDCF80010BEF1100F41F400019D
:100D5000CCF80010F0D140F20801C2F2000109689D
:100D60004DF68362C4F21B32A1FB0212910C01EB1F
:100D700081014900009100990029DDD000990139D5
:100D8000F8E70000002804BF0120704710B5016C8F
:100D900039B9044600F0A0F820460021616484F8C7
:100DA0003C10016CC9063AD4016C41F20212914325
:100DB000023142F204320164C4F20102116821F4EA
:100DC00040311160136890E812102343D0F810E00E
:100DD00013604A68012422F480724A604A68C0F6AF
:100DE000007442EA0E224A604A6822F040724A6069
:100DF0004A6842EA0C024A608A6822F400628A6009
:100E0000C2688B681A438A60826A8B68A24223F0A8
:100E100070638B608B6804D123F040520AE001219B
:100E200052E01A438A608A6822F040528A60C26A9D
:100E30008B681A438A608A6822F002028A608A6894
:100E4000037E90F8204042EA43028A604A6884B1F7
:100E500042F400624A604A684EF2000322F46042A3
:100E60004A60426ACFF6FF734C6803EB423222437A
:100E700001E022F400624A60CA6A40F2000C22F4E7
:100E80007002CA62C3694269CFF6F07CCC6A0CEB8F
:100E900003532343CB628B6823F400738B6090F879
:100EA00030308C6844EA43238B608B6823F4806382
:100EB0008B608B6843EA82228A6000214164026C65
:100EC000012363F301020264002280F83C20BDE8A4
:100ED000104008467047000080B586B0006842F2B6
:100EE0000012C4F2010200219042CDE90411CDE9C3
:100EF000021101911BD042F20001C4F201018842AB
:100F00003AD1002043F630010090C4F202014A6950
:100F100042F480724A614A6902F480720092009A37
:100F20000090086840F004000860086813E043F689
:100F300030000091C4F20200426942F40072426142
:100F4000426902F400720092009A0091016841F037
:100F500004010160006800F00400009000983F2048
:100F60000190032002900020039040F60000C4F29C
:100F7000020001A900F086FA06B080BD002804BF77
:100F800001207047B0B5044690F8200010B9204603
:100F900000F06EF82068016841F00101016000F086
:100FA00041FB054620684168C90705D100F03AFBBE
:100FB000401B0B28F6D310E0016821F0020101600C
:100FC00000F030FB054600BF2068416889070DD559
:100FD00000F028FB401B0B28F6D3606A052140F483
:100FE00000306062012084F82010B0BD217E0268CC
:100FF000012922F0800208BF80320260617E02680F
:10100000012922F0400208BF40320260A17E02683E
:10101000012922F0200208BF20320260E17E02682E
:10102000012922F0100218BF10320260217F0268ED
:10103000012922F0080208BF08320260617F0268BD
:10104000012922F0040208BF04320260D4E901C27F
:10105000D4E9033561691A432A431143ACF1010213
:101060001143C16100200121606284F82010B0BDED
:1010700080B586B0006846F60002C4F20002002186
:101080009042CDE90411CDE90211019132D046F22E
:101090000041C4F2000188426CD140F25421C2F2F6
:1010A00000010A6843F64000C4F20200531C0B60C2
:1010B00052B900210091016841F00071016001689E
:1010C00001F00071009100990021009150F8101C6E
:1010D00041F0080140F8101C50F8100C032100F0FA
:1010E00008000090009840F20040C4F2020000F5B1
:1010F000006033E043F64000C4F202000091016852
:1011000041F080610160016801F080610091009907
:1011100040F25421C2F200010A68531C0B6052B91C
:1011200000210091016841F000710160016801F047
:101130000071009100990021009150F8101C41F0BD
:10114000020140F8101C50F8100C602100F0020061
:101150000090009840F20040C4F202000191022188
:10116000029100210391032104910921059101A914
:1011700000F088F906B080BDF0B581B00021009183
:1011800040F20801C2F200010B68D0E9166148F292
:10119000B51537680822C1F64E358A403A42A3FB9E
:1011A00005350CD003681C68640708D51C6824F05A
:1011B00004041C60B260426D42F0010242650122EB
:1011C0008A403A4208D003685B691B0604D5B260C6
:1011D000426D42F00202426504228A403A4208D03F
:1011E00003681B689B0704D5B260426D42F004029D
:1011F000426510228A403A4216D001680B681B07EC
:1012000012D5B2600B680A685B0306D4D20506D417
:101210000A6822F008020A6001E011033FD4016C61
:1012200011B1044688472046C26D202101FA02F31D
:101230003B4241D001680F68FF063DD5B36090F88E
:1012400035700B68052F1AD123F016030B604B691C
:1012500023F080034B61036C0BB9836C1BB10B68EB
:1012600023F008030B603F219140B160012180F819
:101270003510016D002280F83420D9BB3EE00A68A9
:101280005B0310D4D20512D40A6822F010020A605F
:10129000012180F83510002180F8341007E0816CBE
:1012A0000029BED1C0E7110301D4416C00E0C16B3D
:1012B00011B1044688472046416DF9B1416DC90717
:1012C00016D0052180F835100168AA0A0B6823F0B2
:1012D00001030B60009B01339342009302D80B681B
:1012E000DB07F7D1012180F83510002180F8341098
:1012F000C16C19B101B0BDE8F040084701B0F0BDC4
:101300002DE9F041044600F08DF9C4B105460220F4
:1013100084F835000020216884F83400086820F043
:101320000100086020680168C9070BD000F07AF955
:10133000401B0528F6D90321202203207AE0012052
:10134000BDE8F081016848F23F02CFF21002D4E913
:10135000013501EA020ED4E9032143EA0E032B43CF
:10136000D4E9056C1A43D4E907781143314341EAC3
:101370000702616A42EA0802042942EA0C0303D127
:10138000D4E90B273A43134303604269042922F04E
:10139000070241EA02012DD1D4E90A5341EA0501CD
:1013A00043B3BCF5005F08D0BCF1000F12D1022D91
:1013B00016D0012D07D09DB119E0032D17D8DFE815
:1013C00005F00B0F0B02A3F1C072B2FA82F25209C0
:1013D0004AB90FE0032D02D2012222B90AE006D158
:1013E000C3F3006232B101214022012022E0002239
:1013F000002AF8D100F0F8024AF6AB23103ACAF6F8
:10140000AA23A2FB03374BF6045341613909C0F606
:101410000003595C40F2FF3398435F2A4FF03F02CC
:1014200088BF0430C4E9160102FA01F1816000228C
:1014300001210020626584F83510BDE8F0810000CC
:10144000B0B5044600F0EEF8054640F21800C2F2CE
:1014500000000078611C18BF044400BF00F0E2F8EF
:10146000401BA042FAD3B0BD7047000043F61441C0
:10147000C4F201010A68024214BF08607047FFF716
:10148000F3BF00002DE9F04F83B000F1200200F11E
:101490003E4741F60045009207F1FF77C4F202058E
:1014A00008224FEAB726A84208BF0722072E38BFF6
:1014B0004FEAB72200274FF0000A4FF000080192D0
:1014C0000AE000BF08F101080AF1020AB8F1100FA2
:1014D00007F1040700F09D800D68012202FA08FC64
:1014E00015EA0C09EED04D68032205F0030BABF1B1
:1014F0000106012E02FA0AFE10D88668CC6826EA98
:101500000E0604FA0AF4344384604468C5F30015F7
:1015100024EA0C0605FA08F52E434660BBF1030FDA
:101520001BD0C6688D6826EA0E0605FA0AF52E431A
:10153000BBF1020FC66010D16FF00302009D02EAFA
:10154000580655F806C007F01C040F220B69A2408C
:101550002CEA0202A3401A43AA5102684B6822EA0D
:101560000E0203F0030606FA0AF6324313F4403F74
:101570000260A7D0002243F644030292C4F20203A1
:101580001A6843F6004442F480421A601A68C4F2B2
:10159000010402F480420292029A28F003024FF6FC
:1015A000084C2244CFF6FF7C52F80C3007F00C06B2
:1015B0000F25B540AB43019D05FA06F6334342F8CB
:1015C0000C30A2684B6842EA090643F60C4CDD0277
:1015D00058BF22EA0906A660C4F2010CDCF800201C
:1015E0009D0242EA090658BF22EA0906CCF80060CB
:1015F00062689D0342EA090658BF22EA090666604E
:101600002268DB0342EA090658BF22EA090626607F
:1016100058E703B0BDE8F08F002A08BF09048161D4
:101620007047000044F64C30C2F20000006870477A
:10163000002804BF01207047F0B581B0044690F83F
:101640003D0028B9002084F83C00204600F0A8F8AE
:10165000242084F83D002068016821F00101016028
:10166000016841F400410160016821F4004101601A
:1016700000F06AFB636848F2A16CC0F2010C40F60E
:101680000011C0F23D0163453CBF48F28041C0F209
:101690001E01884202D2012001B0F0BD4DF68361E7
:1016A000C4F21B31A0FB01122168970CD1F804E0B1
:1016B0004FF496762EF03F0545EA92454D6077430C
:1016C00048F638160D6AC0F24106A7FB067625F0EB
:1016D0003F07634538BF960C721C3A430A62CA69D9
:1016E00048F2A0664CF6FF77C0F20106B34222EA48
:1016F000070C0AD801385A00B0FBF2F001306FF342
:101700001F30042898BF042020E0A2681927002A6F
:1017100008BF032701385F43B0FBF7F701373F05E8
:1017200009D052B119225A43B0FBF2F00422013021
:1017300062F31F3008E0012008E003EB4302B0FB36
:10174000F2F001306FF31F3040F4004040EA0C002B
:10175000C8610868D4E9072320F0C000104318438B
:101760000860886848F2FF3204F10C0790438CCF80
:1017700018431043A6698860C86820F0FF0038430A
:101780003043C860086840F0010008600020202154
:10179000206484F83D10206384F83E0001B0F0BD61
:1017A0002DE9F04786B0006845F60041C4F200011B
:1017B00000258842CDE90455CDE9025501955ED05A
:1017C00045F60001C4F2000188422FD045F20041E5
:1017D000C4F20001884240F09980002443F63005AD
:1017E0000094C4F20205286801A940F002002860B4
:1017F000286800F00200009000984FF4C07001903B
:101800001220CDE90204032004900420059040F248
:101810000040C4F20200FFF735FE0094286940F44E
:1018200000102861286900F400106DE0002443F6E0
:1018300030050094C4F20205286801A940F00200B6
:101840002860286800F00200009000984FF4406083
:1018500001901220CDE90204032004900420059099
:1018600040F20040C4F20200FFF70CFE0094286929
:1018700040F480002861286900F4800044E043F6C9
:1018800030060095C4F20206306840F2004740F08E
:10189000040030603068C4F2020700F004000090D9
:1018A00000980095306801AC40F00100306030686D
:1018B0004FF0120800F00100009000984FF4007003
:1018C00001904FF003094FF0040A07F580602146AC
:1018D000CDE90285CDF81090CDF814A0FFF7D2FD28
:1018E0004FF48070CDE9010803A880E82006A7F531
:1018F00080602146FFF7C6FD0095306940F4000086
:101900003061306900F400000090009806B0BDE836
:10191000F087000040F2180044F64C31C2F200009B
:10192000C2F2000100780A681044086070470000A5
:1019300080B543F60040C4F20200016841F4007132
:101940000160016841F480610160016841F48071C7
:101950000160032000F090F80F2000F005F800F07F
:101960002BF8002080BD0000B0B540F21802C2F292
:10197000000240F208011278C2F200014FF47A73BB
:101980000968B3FBF2F20446B1FBF2F1084600F03D
:1019900015FE0F2C4FF001050CD858B94FF0FF3051
:1019A00021460022002500F03BF840F21C00C2F264
:1019B000000004602846B0BD82B0002043F640011C
:1019C0000190C4F202014A6842F480424A604A68C7
:1019D00002F480420192019A00900868002240F0CF
:1019E0008050086008680F2100F080500090009837
:1019F0006FF0010002B000F013B80000002848BFEB
:101A0000704700F01F01012202FA01F11C2202EAD4
:101A1000D0004EF20012CEF200028150704700005A
:101A200010B54EF60C5CCEF2000CDCF80030C3F3BF
:101A3000022E8EF00704042C28BF0424BEF10303F9
:101A40004FF0FF3E0EFA04F438BF0023A143994043
:101A50000EFA03F39A43114300F1604200F00F03C2
:101A6000090102F56442043B6344002848BF03F1C6
:101A70000C02117010BD00004EF60C51CEF20001A8
:101A80000A684FF6FF031A4060F30A2242F08060B2
:101A900040F0FD7008607047002804BF01207047C7
:101AA000B0B582B00446056890F8950428B90020C6
:101AB00084F89404204600F05BF80320B5F1A04FB1
:101AC00084F8950404BF0020A071206803F0D8FDBD
:101AD00094E80F00257C009503F048FCB8BB206813
:101AE000002103F0D5FD90BB207948B300EBC00086
:101AF000800000214FF0010C00230022E518243360
:101B00002A75EA85984202F1010285F815C0297606
:101B1000C5E907116962F1D100210022002300BF4D
:101B2000A518243285F85432904203F1010385F858
:101B3000551285F85812C5E99711C5F86412EFD10E
:101B400094E80F00257C009503F0A4FC28B1022046
:101B500084F89504012002B0B0BD0020607401201B
:101B600084F89504206803F085FC002002B0B0BD25
:101B7000B0B586B000680024B0F1A04F0594CDE95F
:101B800003440294019401D006B0B0BD43F6300581
:101B90000094C4F20205286801A940F00100286001
:101BA000286800F00100009000984FF4C0500190A8
:101BB0000220CDE90204032004900A2005900020B1
:101BC000C4F20200FFF75EFC686840F080006860C5
:101BD0000094686940F480406861686900F480405E
:101BE0000090009806B0B0BD002804BF01207047E7
:101BF0002DE9F04143F60808C4F202080446D8F87B
:101C0000F8030D4600F00700884207D288F8F85321
:101C1000D8F8F80300F00700A84276D120688107C1
:101C200017D5410705D5D8F8001041F4E051C8F8A0
:101C30000010010705D5D8F8001041F46041C8F83C
:101C40000010D8F80010A26821F0F0011143C8F884
:101C50000010C0073FD1D8F8F80300F00700A842F1
:101C600007D988F8F853D8F8F80300F00700A8421D
:101C70004BD12068410707D5D8F80010E26821F45D
:101C8000E0511143C8F80010000708D5D8F800004B
:101C9000216920F4604040EAC100C8F8000000F06B
:101CA0007BF8D8F8001048F6F802C1F30311C0F62B
:101CB0000002515C40F2080220FA01F140F21C00DF
:101CC000C2F200000068C2F200021160FFF74CFE91
:101CD0000020BDE8F0816068811E022907D258F813
:101CE000081C89015CBF0120BDE8F08110E00128DB
:101CF00007D158F8081C89035CBF0120BDE8F081BA
:101D000006E058F8081C890702D40120BDE8F081DC
:101D1000D8F8001021F003010843C8F80000FFF7CD
:101D200081FC064641F28837D8F80000616800F06F
:101D30000C00B0EB810F8ED0FFF774FC801BB84213
:101D4000F2D90320BDE8F08140F2080043F6080113
:101D5000C2F20000C4F202010068096848F60812E5
:101D6000C1F38221C0F60002515CC84070470000F8
:101D700040F2080043F60801C2F20000C4F202017A
:101D80000068096848F60812C1F34231C0F6000243
:101D9000515CC8407047000010B543F60404C4F21B
:101DA0000204606800F00C0008280AD0042819BF5B
:101DB00042F20040C0F2F40043F20060C0F26E1044
:101DC00010BD206821682368490243F20061C0F217
:101DD0006E1100F03F02C3F388105CBF42F2004175
:101DE000C0F2F401A1FB00010023FEF753FA2168C1
:101DF0000222C1F3014102EB4101B0FBF1F010BD41
:101E0000002804BF012070472DE9F04182B004464C
:101E1000007843F60006C007C4F2020649D0B06855
:101E200000F00C00042809D13068800341D56068B7
:101E300000283ED1012002B0BDE8F081B06800F07A
:101E40000C00082802D170684002EDD46568306843
:101E5000B5F5A02F05D0B5F5803F09D140F480300D
:101E60000CE040F480203060306840F4803005E0C1
:101E700020F480303060306820F480203060FFF73C
:101E8000D1FB002D054611D03068800311D4FFF737
:101E9000C9FB401B6428F7D928E100BFFFF7C2FB4C
:101EA000401B64284FF0030000F2E080306880039C
:101EB000F4D4207880071BD5B06810F00C0F09D03F
:101EC000B06800F00C00082840F08580706840027F
:101ED00000F181803068800703D5E068012840F078
:101EE0009A803068216920F0F80040EAC100306033
:101EF0002078000734D42078400746D4A5695DB324
:101F0000B06800F00C00082840F09C80012D00F023
:101F100082807068E16900F480028A427BD1216A84
:101F200000F03F028A4276D147F6C071626A0140F2
:101F3000B1EB821F6FD1A16A4FF6FF73C9039943BA
:101F400000F44032A1F580318A4264D1E16A00F0A8
:101F50007060B0EB016F5ED1002002B0BDE8F0818F
:101F6000606900285BD00020C4F247200121C0F83E
:101F7000801EFFF757FB0546706F8007BBD4FFF745
:101F800051FB401B0228F7D9B0E0306C5FEAC00873
:101F90000AD400200190306C40F080503064306CE6
:101FA00000F080500190019847F20007C4F200074A
:101FB0003868C00526D4386840F480703860FFF770
:101FC00031FB05463868C0051CD4FFF72BFB401BCE
:101FD0000228F7D98AE0E068002840F20000C4F245
:101FE000472053D001210160FFF71CFB054600BFCD
:101FF000306880073FF575AFFFF714FB401B0228E0
:10200000F6D973E0A568306F052D51D0012D56D15A
:1020100040F0010059E0012002B0BDE8F08100204D
:10202000C4F247200021C0F8801EFFF7FBFA0546E6
:10203000706F80077FF55FAFFFF7F4FA401B02284F
:10204000F6D953E00027C4F2472700203866FFF78F
:10205000E9FA022D05460DD1306880015DD5FFF704
:10206000E1FA401B02284FF00300F5D902B0BDE8A9
:10207000F08100BF306880017FF56EAFFFF7D2FAC4
:10208000401B02284FF00300F4D9EFE70021016064
:10209000FFF7C8FA054600BF306880077FF528AF14
:1020A000FFF7C0FA401B02284FF00300F4D9DDE728
:1020B00040F004003067306F40F0010005E020F090
:1020C00001003067306F20F004003067FFF7AAFA94
:1020D000002D054641F2883713D000BF306F8007CE
:1020E00012D4FFF79FFA401BB842F7D9032002B081
:1020F000BDE8F081FFF796FA401BB8424FF00300AD
:10210000B4D8306F8007F5D4B8F1000F3FF5F6AEC4
:10211000306C20F080503064F0E604F11C052FCDC7
:10212000084340EA8210D9034FF6FF729143A1F5AC
:10213000803140EA05600843706001203866FFF78F
:1021400071FA0446306880013FF506AFFFF76AFA7E
:10215000001B02284FF00300F4D987E770B528B1BF
:10216000416A29B100210161142106E0012070BDFE
:102170004168B1F5827F02D01C2100224250002626
:10218000866290F8511029B980F85060054600F039
:102190003DF82846022180F8511090E82E0002F404
:1021A00082720C6803F4044324F040040C601A4467
:1021B00005F4006305691A4405F0020345691A44F1
:1021C00005F001038569C4691A4405F400731A44D3
:1021D00004F03803046A1A4404F08003846A1A4342
:1021E00004F400531A430A60436A042202EA1542C7
:1021F00003F010031A444A60CA6922F40062CA61FB
:102200000121466580F85110304670BD2DE9F0413E
:1022100086B00446006843F60041C4F2000100267F
:102220008842CDE90466CDE90266019631D043F2D9
:102230000001C4F20101884240F09080002043F682
:1022400030010090C4F202014A6942F480524A61AE
:102250004A6902F480520092009A00900A6842F0A3
:1022600001020A60096801F0010100910099E02172
:1022700001910221CDE90210032004900520059070
:102280000020C4F2020001A9FFF7FCF806B0BDE887
:10229000F08143F630000096C4F20200016946F274
:1022A000100841F4004101610169C4F2020801F41F
:1022B0000041009100990096016841F0040101601D
:1022C000006801A900F00400009000984FF4E0506D
:1022D00001900220CDE9020603200490062005901B
:1022E0000020C4F2020000F50060FFF7CBF840F2D6
:1022F0008C35C2F200054FF400304FF48067C5E919
:1023000008062846C5E90086C5E90266C5E90476DF
:10231000C5E90666FEF7F4FF002818BFFEF794FC37
:10232000E564AC6340F2EC3508F17800C2F20005D8
:102330000021402285E807004FF48030C5E90801FC
:102340002846C5E90317C5E90511E961FEF7D8FF7D
:10235000002818BFFEF778FCA564AC6306B0BDE8A2
:10236000F08100002DE9F04383B01E4615460F466C
:102370000446FFF757F994F851108146012908D116
:10238000002F4FF0010018BF002D0ED103B0BDE8A3
:10239000F0836068B0F5827F0DD104294FF0020010
:1023A000F4D1A1680029EBD0F0E7002EEED094F82C
:1023B0005000012803D1022003B0BDE8F0830120C2
:1023C00084F8500094F85100002104281CBF052017
:1023D00084F851006165A563E687A6872763E686D2
:1023E0002068A686216461640168490603D40168F7
:1023F00041F0400101606168731EE268B1FA81F149
:10240000B3FA83F3DDF8288049095B09B2F5006F60
:1024100041EA030137D131B137F8021BC1602763AC
:10242000E08E0138E086012608F10105E08E10B942
:10243000E08F00286CD02068816889070CD5E18E78
:1024400051B1012E08D1216B002631F8022BC26058
:102450002163E18E0139E1868168C9070AD0E18FE5
:1024600041B1C068A16B012621F8020BA163E08F86
:102470000138E087FFF7D6F8002DD7D0A0EB090090
:102480004045D3D33AE039B139780173206B01303C
:102490002063E08E0138E086012608F1010500BFC7
:1024A000E08E08B9E08F98B32068816889070DD560
:1024B000E18E59B1012E09D1216B002609780173F3
:1024C000206B01302063E08E0138E086206881684F
:1024D000C9070BD0E18F49B1C068A16B0126087014
:1024E000A06B0130A063E08F0138E087FFF79AF816
:1024F000002DD5D0A0EB09004045D1D3012084F8B0
:102500005100002084F85000032003B0BDE8F083A0
:102510002046022101224346CDF8009002F0DCFC67
:1025200060B1606D40F02000606520206065002093
:1025300084F85000012003B0BDE8F08340F20800A9
:10254000C2F20000006849F68171C1F25E61A0FB31
:102550000101480D4FF47A71484302906068B0F56C
:10256000827F0AD12046802100224346CDF8009088
:1025700002F0B2FC0028D4D108E0029830B10298F1
:1025800001380290206880680006F6D4A06838B947
:10259000002001902068C168019180680190019835
:1025A000012084F85100002084F85000606D00285C
:1025B00018BF012003B0BDE8F0830000411E0020D9
:1025C000B0EB116F1CBF012070474EF21002CEF22B
:1025D000000251604EF62351CEF20001F0230B7041
:1025E000072190601160704790F83C20012A4FF05D
:1025F000020255D010B5012380F83C3080F83D2010
:102600000268D2F804E0D2F808C00C682EF070031B
:10261000234341F2FF74C4F20004A24253600DDC74
:1026200040F2FF73C4F200039A4215DCB2F1804F0E
:1026300029D040F20043C4F2000322E040F2FF330D
:10264000C4F201039A4212DC41F60003C4F2000313
:102650009A4218D0002312E040F60003C4F20003AF
:102660009A4210D040F60043C4F2000309E044F25D
:102670000003C4F201039A4205D040F20043C4F2C1
:1026800001039A4204D149682CF0800319439160F8
:102690000121002280F83D1080F83C20BDE8104068
:1026A00010467047002804BF0120704710B504464B
:1026B00090F83D0028B9002084F83C00204600F046
:1026C0001FF8022084F83D002068211D02F044FD1F
:1026D000012084F8460084F83E0084F83F0084F826
:1026E000400084F8410084F8420084F8430084F8F4
:1026F000440084F8450084F83D00002010BD00002F
:1027000083B0006844F20001C4F2010188422DD078
:1027100040F60041C4F20001884216D040F2004168
:10272000C4F20001884230D10020029043F64000FC
:10273000C4F20200016841F002010160006800F08B
:1027400002000290029803B070470020019043F607
:102750004000C4F20200016841F008010160006815
:1027600000F008000190019803B07047002000902D
:1027700043F64000C4F20200416841F480314160F8
:10278000406800F480300090009803B0704700006B
:1027900090F83C20012A4FF002026ED080B5012350
:1027A00080F83C3080F83D20D0F800C04FF67772BA
:1027B000DCF8083023EA0202CCF808200B684F2B23
:1027C00028DC1F2B44DD202B45D0302B43D0402B61
:1027D00040F0AC80D1F804E0C968DCF82030DCF8C7
:1027E000202022F00102CCF82020DCF8182022F072
:1027F000F00242EA011123F00A0242EA0E02CCF88A
:102800001810CCF82020DCF8081041F0470121F026
:10281000300127E06F2B32DDB3F5005F73D0B3F5E5
:10282000805F21D0702B40F08180D1E901E3C9683D
:10283000DCF8082043EA0E0322F47F4243EA012138
:102840001143CCF80810DCF8081041F0770109E0DA
:102850000BB1102B6AD1DCF8081021F0700119437C
:1028600041F00701CCF808100022012180F83D104A
:10287000002180F83C10BDE8804010467047502B86
:1028800021D0602B52D1D1F804E0C968DCF82030A7
:10289000DCF8202022F01002CCF82020DCF81820F0
:1028A00022F4704242EA013123F0A00242EA0E1201
:1028B000CCF81810CCF82020DCF8081041F06701A3
:1028C00021F01001CEE7D1F804E0C968DCF820302F
:1028D000DCF8202022F00102CCF82020DCF81820BF
:1028E00022F0F00242EA011123F00A0242EA0E024B
:1028F000CCF81810CCF82020DCF8081041F0570173
:1029000021F02001AEE7D1E901E3C968DCF8082035
:1029100043EA0E0322F47F4243EA01211143CCF83B
:102920000810DCF8081041F480419BE701229CE785
:10293000002804BF012070472DE9F047044690F8B5
:102940003D000D4628B9002084F83C00204600F0E8
:1029500049F8022084F83D00206844F207028168AB
:1029600091438160211D02F0F7FB20684FF6FF784C
:1029700081688269D0F820C0D5E9003ED5E9026AB5
:1029800043EA0109AB6922EA080246EA03234FF64B
:10299000FC46B343D5E9076742EA0A0229691A43AC
:1029A00042EA062242EA01112CF0AA026B6942EACD
:1029B0000E0241EA073142EA0312C0F80890816131
:1029C0000262012084F8460084F83E0084F83F004B
:1029D00084F8420084F8430084F83D000020BDE8FC
:1029E000F0870000F0B587B0006840F60002C4F23E
:1029F000000200219042CDE90511CDE903110291B9
:102A00003ED0B0F1804F63D1002543F630000195F0
:102A1000C4F202000169002441F001010161016971
:102A2000C4F2020401F001010191019901950168CC
:102A3000022641F0010101600168012701F0010156
:102A4000019101990195016841F00201016000685E
:102A500002A900F00200019001984FF4004002909A
:102A60002046CDE9036505950697FEF70BFD082086
:102A7000CDE90206CDE90455069704F5806024E00F
:102A800043F630000191C4F20200026942F00402F0
:102A90000261026902F004020192019A0191026846
:102AA00042F008020260006800F0080001900198FE
:102AB0004FF4405002900220CDE90301CDE905100A
:102AC0000020C4F2020000F5406002A9FEF7DAFC23
:102AD00007B0F0BD80B586B0006844F20002C4F2D1
:102AE000010200219042CDE90411CDE902110191CA
:102AF00039D040F60041C4F2000188421DD040F2B6
:102B00000041C4F2000188424CD10020009043F6FD
:102B10003000C4F20200016841F002010160006867
:102B2000022100F002000090009813200190002084
:102B3000C4F2020000F580602BE00020009043F614
:102B40003000C4F20200016841F001010160006838
:102B5000022100F00100009000980C20019000205C
:102B6000C4F2020015E043F630000091C4F2020006
:102B7000016841F0100101600068032100F01000BD
:102B800000900098602001900020C4F2020000F53F
:102B90008050022202920022059101A9CDE9032270
:102BA000FEF770FC06B080BD90F83C30012B04BFEE
:102BB000022070474FEAB2020123032A80F83C301A
:102BC00000F2F8802DE9F043DFE802F002AF3D7D2E
:102BD000036840F200461C6A1A6A24F0020422F0DC
:102BE00001021A621A46D3F804C052F818EF8F682F
:102BF00043F48065C4F20106B54244EA070405D1F6
:102C0000CF6824F00C0427F004073C430F68B5425A
:102C100006D1D1E905582CF440762E4346EA080C3B
:102C20002EF073063743C3F804C09F614F680969EB
:102C30005F631C629F6947F008079F619F6927F0E7
:102C400004079F61B0E0036840F200481C6A1A6AFA
:102C500024F4007422F480721A621A46D3F804C075
:102C600052F81CEF8F6843F48065C4F201084545B3
:102C700044EA072408D1CF6840F2FF463F0224F41B
:102C8000406427EA06063443D1F80090454506D152
:102C9000D1E905562CF440572E4347EA061C2EF086
:102CA000730747EA0907C3F804C0DF614F68096981
:102CB000DF631C62DF6947F00807DF61DF6927F027
:102CC0000407DF6170E0036840F20045D3F820C0DC
:102CD0001A6A43F4806722F480521A621A465C68CA
:102CE00052F81C8FD1F800E08E68C4F20105AF42A3
:102CF00004D14D6924F4804444EA85142CF400572F
:102D000047EA063728F4E64646EA0E265C60DE61AE
:102D10004E6809691E641F62DF6947F40067DF615E
:102D2000DF6927F48067DF613DE0036840F2004817
:102D30001C6A1A6A24F0200422F010021A621A4651
:102D4000D3F804C052F818EF8F6843F48065C4F2DA
:102D50000108454544EA071407D1CF686FF04006E3
:102D600024F0C00406EA07163443D1F80090454524
:102D700006D1D1E905562CF440672E4347EA860C6C
:102D80002EF4E64747EA0927C3F804C09F614F685D
:102D900009699F631C629F6947F400679F619F698F
:102DA00027F480679F6109021368194300231160AB
:102DB000BDE8F043002180F83C1018467047000041
:102DC000002804BF0120704710B5044690F83D006C
:102DD00028B9002084F83C00204600F01FF80220AB
:102DE00084F83D002068211D02F0B6F9012084F826
:102DF000460084F83E0084F83F0084F8400084F8E0
:102E0000410084F8420084F8430084F8440084F8C8
:102E1000450084F83D00002010BD00007047000010
:102E2000002804BF0120704710B5044690F8410007
:102E300028B9002084F84000204600F021F8242022
:102E400084F841002068C16821F40051C160204627
:102E500002F01CFA2068016921F490410161416986
:102E600021F02A014161C16841F40051C160002094
:102E70002021606484F8411084F84210606310BD22
:102E800080B586B0006844F6FF31C4F20001884284
:102E90004FF000010591CDE90311CDE901112EDDBF
:102EA00041F20041C4F20101884251D041F20001D7
:102EB000C4F2010188426DD044F60041C4F2000121
:102EC000884240F0B380002043F630010090C4F205
:102ED00002010A6942F400220A610A6902F400222E
:102EE0000092009A0090086840F0010008600868AD
:102EF000082100F0010000900098032066E044F2F1
:102F00000041C4F20001884265D044F60001C4F2D9
:102F10000001884240F08A80002043F63001009092
:102F2000C4F202010A6942F480220A610A6902F4C9
:102F300080220092009A0090086840F00800086023
:102F4000086800F00800009000984FF440705CE0C2
:102F5000002043F630010090C4F202014A6942F0B9
:102F600020024A614A6902F020020092009A009011
:102F7000086840F0040008600868082100F00400B8
:102F800000900098C02001900020C4F2020000F5DB
:102F9000006041E0002043F630010090C4F20201DD
:102FA0004A6942F010024A614A6902F01002009236
:102FB000009A0090086840F0010008600868072146
:102FC00000F00100009000984FF4C06001900020D4
:102FD000C4F2020020E0002043F630010090C4F269
:102FE00002010A6942F400320A610A6902F40032FD
:102FF0000092009A0090086840F008000860086895
:1030000000F0080000900098602001900020C4F2B9
:10301000020000F540600721022202920022039282
:103020000322CDE9042101A9FEF72CFA06B080BDE8
:103030002DE9F04381B0044690F84100202809D1E1
:10304000884600294FF0010018BF002A06D101B0C0
:10305000BDE8F083022001B0BDE8F0830020606489
:1030600021201D4684F841001646FEF7DBFAA684AF
:10307000E684A1680646B1F5805F02D12069002888
:103080004DD0C1464FF00008E08C40B36F1C0BE000
:10309000B9F1000F1AD019F8010B21684860E08CD3
:1030A0000138E084E08CD0B1206800680006EFD4DD
:1030B000002FF9D0FEF7B6FA01464FF0030045B3F2
:1030C000891BA94225D82068C068EDE738F8020BB3
:1030D00021686FF35F2048604FF00009DFE7206848
:1030E0000068400614D46F1C04E000BF206800682C
:1030F00040060DD4002FF9D0FEF794FA01464FF0A8
:10310000030035B1891BA94203D82068C068EDE7E8
:103110000020202184F8411001B0BDE8F0834FF079
:103120000009B1E7FEE7000040F2A02440F2642568
:1031300040F64076C2F20004C2F20005C2F2000678
:10314000204629463246FDF7FDF90A2003F0BEFA73
:10315000F6E7000010B52DED068B00EE100A9FED8E
:10316000251AB8EE400A80EE010A91ED001A91EDA1
:10317000022A91ED013A144620EE019A92ED021ACC
:1031800020EE022A20EE03AA32EE010A82ED020AA4
:1031900004F022F894ED021AB0EE408AB0EE410A33
:1031A00003F00EFF2AEE000A29EE081A94ED012A18
:1031B00031EE001A94ED020A32EE011A84ED011A82
:1031C00003F0FEFE94ED021AB0EE408AB0EE410A22
:1031D00004F002F820EE0A0A29EE081A94ED002AFB
:1031E00031EE400A32EE000A84ED000ABDEC068B97
:1031F00010BD00BF00007A440021C0E90311416105
:10320000704700000000000070B52DED048B90EDBC
:10321000000A90ED011A90ED022A90ED033A30EE8B
:10322000014A31EE400A34EE024A30EE021A30EE24
:10323000420A34EE034AB5EE005A33EE411A30EE3C
:10324000030A92ED008A92ED019A24EE054A21EEDE
:10325000051A10EE100A0C4681ED004A81ED011AA4
:1032600005F022FA38EE090A054610EE100A0E465D
:1032700005F01AFA9FED080B53EC102B05F01CF823
:1032800002460B462846314604F032FE04F056FD55
:10329000A060BDEC048B70BD000000000000104079
:1032A00001720021C0E9031141614CF6CD41C3F622
:1032B000CC5180EC020AC0E90F1141647047000054
:1032C000137A92ED000A92ED011A012B21D0002B06
:1032D00018BF704790ED002A90ED013A90ED024A38
:1032E00030EE010A33EE422A24EE001A31EE021AC1
:1032F00081ED001A90ED001A90ED012A90ED023A4E
:1033000032EE011A23EE002A021D31EE421A034664
:103310001DE090ED002A90ED013A90ED024A30EE6A
:10332000010A32EE032A24EE001A32EE411A81ED30
:10333000001A90ED001A90ED012A90ED023A31EE5C
:10334000421A23EE002A031D32EE011A024681EDD5
:10335000011A92ED001A93ED002A90ED023A31EE37
:10336000421A23EE002A31EE421A81ED021A92ED42
:10337000001A93ED002A90ED023A31EE021A23EE84
:10338000000A30EE010A81ED030A70472DE9F04F83
:1033900081B02DED068B82B08146D0E900069A46B9
:1033A0001546019105F080F90746A8688B4605F09F
:1033B0007BF941EC180BB0EE480AF0EE680A03F016
:1033C0009BFDB0EE409A3046F0EE609A05F06CF945
:1033D000B0EE480AF0EE680A06460D4603F098FE85
:1033E00051EC100B32462B4604F066FF044688462B
:1033F00053EC192B3846594604F05EFF22464346EB
:1034000004F0CEFC04F09AFCB0EE480AF0EE680A34
:103410000AEE100A03F07CFEB0EE409AB0EE480AC5
:10342000F0EE609AF0EE680A03F066FD51EC100BC6
:1034300032462B4604F040FF04460D4653EC192B50
:103440003846594604F038FF02460B4620462946C6
:1034500005F03CF804F072FC9AF8081099ED020AA5
:103460009AED002A9AED013A012901EE100A1AD0CC
:10347000A1BB32EE032A31EE4A4A20EE023A3AEE7E
:10348000011A20EE420A019833EE045A30EE012A66
:1034900030EE040A80ED005A80ED012A80ED020A28
:1034A00033EE010A18E032EE032A3AEE014A20EE2A
:1034B000423A3AEE411A20EE020A019833EE045ADB
:1034C00030EE012A33EE011A30EE040A80ED005A84
:1034D00080ED012A80ED021A80ED030A02B0BDECF6
:1034E000068B01B0BDE8F08F2DE9F04140F20044B9
:1034F000C4F2020417460E46054620464FF480519A
:1035000000229846FEF788F82A2000F061FC204649
:103510004FF480510122FEF77FF8280A00F058FC92
:10352000E8B200F055FC380A00F052FCF8B200F0A6
:103530004FFC20464FF480510022FEF76DF82B20FF
:1035400000F046FC20464FF480510122FEF764F85B
:1035500006F11805A8B2000A00F03AFCE8B200F043
:1035600037FC08F11805A8B2000A00F031FCE8B2F7
:1035700000F02EFC20464FF480510022FEF74CF85C
:103580002C2000F025FC20464FF480510122BDE89C
:10359000F041FEF741B800002DE9F04381B00E463E
:1035A0008146501E591E9846154682B28BB2484637
:1035B0003146FFF799FF464512D2089C04E000BF50
:1035C0000136B0B240450BD2A945F9D24F4600BFF3
:1035D000204600F0F3FB0137B8B2A842F8D3EFE77A
:1035E00001B0BDE8F083000010B540F20044C4F221
:1035F000020420464FF480410022FEF70DF86420BB
:1036000003F064F820464FF480410122FEF704F8ED
:10361000642003F05BF804F540604FF48061012200
:10362000FDF7FAFF642003F051F820464FF4805173
:103630000022FDF7F1FF112000F0CAFB20464FF4F5
:1036400080510122FDF7E8FF782003F03FF8204683
:103650004FF480510022FDF7DFFFB12000F0B8FBEE
:1036600020464FF480510122FDF7D6FF052000F0DF
:10367000AFFB3C2000F0ACFB3C2000F0A9FB204657
:103680004FF480510022FDF7C7FFB22000F0A0FBED
:1036900020464FF480510122FDF7BEFF052000F0C7
:1036A00097FB3C2000F094FB3C2000F091FB20466F
:1036B0004FF480510022FDF7AFFFB32000F088FBEC
:1036C00020464FF480510122FDF7A6FF052000F0AF
:1036D0007FFB3C2000F07CFB3C2000F079FB0520C8
:1036E00000F076FB3C2000F073FB3C2000F070FB08
:1036F00020464FF480510022FDF78EFFB42000F0E9
:1037000067FB20464FF480510122FDF785FF03201F
:1037100000F05EFB20464FF480510022FDF77CFF55
:10372000C02000F055FB20464FF480510122FDF7E8
:1037300073FF0E2000F04CFB0E2000F049FB04202C
:1037400000F046FB20464FF480510022FDF764FF55
:10375000C12000F03DFB20464FF480510122FDF7CF
:103760005BFFC52000F034FB20464FF4805100225F
:10377000FDF752FFC22000F02BFB20464FF4805192
:103780000122FDF749FF0D2000F022FB002000F090
:103790001FFB20464FF480510022FDF73DFFC32060
:1037A00000F016FB20464FF480510122FDF734FF54
:1037B0008D2000F00DFB2A2000F00AFB20464FF47C
:1037C00080510022FDF728FFC42000F001FB2046B5
:1037D0004FF480510122FDF71FFF8D2000F0F8FA11
:1037E000EE2000F0F5FA20464FF480510022FDF75C
:1037F00013FFC52000F0ECFA20464FF4805101225F
:10380000FDF70AFF062000F0E3FA20464FF480514E
:103810000022FDF701FF362000F0DAFA20464FF4CF
:1038200080510122FDF7F8FE782000F0D1FA204601
:103830004FF480510022FDF7EFFE3A2000F0C8FA65
:1038400020464FF480510122FDF7E6FE552000F09E
:10385000BFFA20464FF480510022FDF7DDFEE02044
:1038600000F0B6FA20464FF480510122FDF7D4FE55
:103870000B2000F0ADFA172000F0AAFA0A2000F0A1
:10388000A7FA0D2000F0A4FA1A2000F0A1FA1920DE
:1038900000F09EFA162000F09BFA1D2000F098FA26
:1038A000212000F095FA262000F092FA372000F04F
:1038B0008FFA3C2000F08CFA002000F089FA0920F1
:1038C00000F086FA052000F083FA102000F080FA5C
:1038D00020464FF480510022FDF79EFEE12000F0CB
:1038E00077FA20464FF480510122FDF795FE0C2017
:1038F00000F06EFA192000F06BFA092000F068FA67
:103900000D2000F065FA1B2000F062FA192000F08B
:103910005FFA152000F05CFA1D2000F059FA212012
:1039200000F056FA262000F053FA392000F050FA41
:103930003E2000F04DFA002000F04AFA092000F085
:1039400047FA052000F044FA102000F041FA7820F0
:1039500002F0BCFE20464FF480510022FDF75CFED1
:10396000292000F035FA20464FF480510122BDE8AD
:103970001040FDF751BE00002DE9F04F87B0DDF893
:10398000448083464FEA58074FEA18101C46914678
:1039900001237A0718BF03EB181000FB08F50BEBA7
:1039A000580001EB08020138531E82B29BB2584600
:1039B0000E460691FFF798FD002D00F08D80A8F1CE
:1039C0000C00C1B2800140EA9100C3B2052B00F2A5
:1039D00083800120984010F02B0F00F07D802A4654
:1039E000A9F120000121C0B2012D98BF0A4649F279
:1039F0007431059200EB4002C0F6000101EB0211A8
:103A0000029148F68451C0F6000101EB00110191CA
:103A10004AF24451C0F600014FF0000A01EB801059
:103A20005E464FF0000903920090049308E04FF0C7
:103A3000000900BF05980AF1010A049B82454BD09A
:103A4000032B0DD0012B09D063B9039848F6101150
:103A5000C0F6000101EB800005E000BF019802E024
:103A6000029800E00098504405784FF0000815E0F7
:103A700028422046109908BF084600F09FF909F136
:103A800001095FFA89F0B0FBF7F101FB170000288C
:103A9000CDD008F10108B8F1080FCBD0129800285A
:103AA0004FF0010000FA08F0E2D0284209D0069950
:103AB000B0B289B202460B46FFF716FD204600F071
:103AC0007DF90136B0B2A0EB0B00B842E1D1069807
:103AD0005E4601300690ADE707B0BDE8F08F00000C
:103AE000002A08BF70472DE9F04F89B09FED3A1AC0
:103AF0001646139A20EE010A129DBDEEC00A10EE82
:103B0000107A4FEA520A4FF000090597CDE90613E3
:103B1000089037E0DDF84CB00899CDF804B0DDF836
:103B200018B0079F10FB0A1080B2594604922E224B
:103B30003B46002400950294FFF71EFF089CDDF829
:103B40004CE0049A4FF0000C59463B4609F101093C
:103B5000013602EB8200A8EB40005FFA89F212FB0B
:103B60000A4740F03002B8B2D2B2CDE9005ECDF8DB
:103B700008C0FFF701FF09F101095FFA89F0F1B20E
:103B8000884224D26FEA09003044010608D001219E
:103B9000013801EB810102064FEA4101F8D100E052
:103BA0000121059BF0B2B3FBF1F849F69A115FFAD7
:103BB00089F20238C1F699119042A8FB0112A9D0EE
:103BC00006ACDDF84CE01ACC4FF0000CC1E709B0B0
:103BD000BDE8F04F704700BF0000C8422DE9F04F2C
:103BE00083B09B461378CBB1DDE90C9ADDF83880C1
:103BF0000D4606464FEA5A07541E00BFB0B2DAB26D
:103C000029465B46CDE9009ACDF80880FFF7B4FE5F
:103C1000A3783E44002B04F10104EFD103B0BDE8CA
:103C2000F08F000084B04FF6FF77FFF7DDFC002037
:103C30000021A022502300970025FFF7ADFC40F2A1
:103C4000A02A4BF60C5440F2642BC2F2000A102654
:103C5000C0F60004C2F2000B0FF250180FF2541914
:103C60009AED000A0020142104224FF47843CDE994
:103C70000076FFF735FF3020142122464FF47843B9
:103C8000CDE900760295FFF7A9FF9AED010A3A20E7
:103C9000142104224FF47843CDE90076FFF720FF8A
:103CA0006A20282122464FF47843CDE90076029518
:103CB000FFF794FF9AED020A7420142104224FF4B6
:103CC0007843CDE90076FFF70BFF9BED000A00205B
:103CD000282104224FF47843CDE90076FFF700FF56
:103CE0003020282122464FF47843CDE90076029512
:103CF000FFF774FF9BED010A3A20282104224FF4BC
:103D00007843CDE90076FFF7EBFE6A2028212246B2
:103D10004FF47843CDE900760295FFF75FFF9BED06
:103D2000020A7420282104224FF47843CDE900765A
:103D3000FFF7D6FE40F64070C2F2000090ED000A98
:103D40000A203C2104224FF47843CDE90076FFF7A6
:103D5000C7FE34203C2122464FF47843CDE900765B
:103D60000295FFF73BFF3E203C2142464FF478434B
:103D7000CDE900760295FFF731FF64203C21224611
:103D80004FF47843CDE900760295FFF727FF6A20CC
:103D90003C214A464FF47843CDE900760295FFF77F
:103DA0001DFF642002F092FC5AE700BF6779726F32
:103DB00000000000616363656C00000010B50446FC
:103DC000000A00F005F8E0B2BDE81040AFF3008053
:103DD000F0B581B040F20046C4F2020606F5006577
:103DE000044628464FF4806100220027FDF714FCAA
:103DF00030464FF400510022FDF70EFCE0B2C2093C
:103E000030464FF40041FDF707FC30464FF40051B7
:103E10000122FDF701FC6400072F07F10107E7D33A
:103E200028464FF48061012201B0BDE8F040FDF763
:103E3000F3BB0000B0B584B040F2AC2042F2000108
:103E400001230024C2F20000C4F20101C0F6007395
:103E50000125CDE90244CDE900444FF480320476D7
:103E600080F82040C0E90A34C56180F8304080E81D
:103E70001600C0E903444561FCF784FF002818BF21
:103E8000FCF7E2FE0A20CDE9000540F2AC20C2F2C8
:103E9000000069460294FCF7DBFE002818BFFCF71F
:103EA000D3FE04B0B0BD0000B0B584B040F2F42041
:103EB00042F2001101230024C2F20000C4F2010109
:103EC000C0F600730125CDE90244CDE900444FF46A
:103ED0008032047680F82040C0E90A34C56180F859
:103EE000304080E81600C0E903444561FCF74AFF12
:103EF000002818BFFCF7A8FE0A20CDE9000540F213
:103F0000F420C2F2000069460294FCF7A1FE0028EA
:103F100018BFFCF799FE04B0B0BD000080B540F2B8
:103F20003C3046F20041C2F20000C4F2000103221C
:103F3000002380E80E0000F10C014FF4102C4FF428
:103F4000001E81E8085083618383FDF717F800287D
:103F500008BF80BDBDE88040FCF776BE80B540F26A
:103F6000643046F60001C2F20000C4F200010322F0
:103F7000002380E80E0000F10C014FF4102C4FF4E8
:103F8000001E81E8085083618383FCF7F7FF002857
:103F900008BF80BDBDE88040FCF756BE80B582B04A
:103FA0000020019043F63000C4F2020001680022B4
:103FB00041F4001101600068052100F40010019037
:103FC00001980B20FDF72CFD0B20FDF717FD1020AD
:103FD00005210022FDF724FD102002B0BDE880403D
:103FE000FDF70CBD80B588B00B4802AF01900AA068
:103FF00000F1040E9EE80E50806987E80E5007908D
:1040000001A8002101F016FE40F29C21C2F200013D
:10401000086008B080BD00BF0EBD000861500008F8
:104020000000000000000000800000000000000010
:10403000000000002DE9F04F87B0002443F6300067
:104040000694CDE90444CDE902440194C4F202008F
:10405000016840F6004841F0100101600168C4F2B7
:10406000020801F010010191019901940168A8F57D
:10407000406A41F0800101600168002201F0800186
:104080000191019901940168102541F0040101603A
:10409000016801F00401019101990194016841F066
:1040A00001010160016801F0010101910199019490
:1040B000016841F002010160016801F00201019113
:1040C00001990194016841F0080101600068102124
:1040D00000F00800019001985046FDF79DFA08F5A0
:1040E000806948464FF4044100224FF4044BFDF729
:1040F00093FAA8F5006630464FF47041012201277B
:10410000FDF78AFA40464FF492610122FDF784FAE6
:1041100040464FF440410022FDF77EFACDE90257B8
:1041200002AD50462946CDE90444FDF7ABF94846B7
:104130002946CDE902B7CDE90444FDF7A3F94FF4D0
:104140008050CDE902074FF0020930462946049419
:10415000CDF81490FDF796F94FF46040CDE90207D1
:1041600030462946CDE90479FDF78CF94FF480609B
:10417000CDE9020740462946CDE90449FDF782F919
:104180004FF44040CDE9020740462946CDE90444BA
:10419000FDF778F90C2002904FF48810CDE9030761
:1041A00040462946FDF76EF99020CDE902074046CA
:1041B0002946CDE90479FDF765F90820052100229B
:1041C000FDF72EFC0820FDF719FC0920052100222F
:1041D000FDF726FC0920FDF711FC07B0BDE8F08FC4
:1041E00080B540F24C4045F20041C2F20000C4F2FA
:1041F000000148F2A06200234FF4804CC0F201029B
:1042000080E80E00C0E9033CC0E90533C0E907338C
:10421000FDF70EFA002808BF80BDBDE88040FCF71E
:1042200013BD000080B540F2A04045F60001C2F287
:104230000000C4F2000148F2A06200234FF4804C59
:10424000C0F2010280E80E00C0E9033CC0E905337A
:10425000C0E90733FDF7ECF9002808BF80BDBDE8D1
:104260008040FCF7F1BC000080B540F2F44045F618
:104270000041C2F20000C4F2000148F2A062002333
:104280004FF4804CC0F2010280E80E00C0E9033C0C
:10429000C0E90533C0E90733FDF7CAF9002808BFB4
:1042A00080BDBDE88040FCF7CFBC000080B540F683
:1042B0002C2043F20001C2F20000C4F201014FF4CD
:1042C000827200234FF4007C80E80E000A21C0E9CE
:1042D0000333C0E9053CC361C0E90833C0E90A31D2
:1042E000FDF73CFF002808BF80BDBDE88040FCF71B
:1042F000ABBC0000B0B540F6842043F60041C2F2EA
:104300000000C4F200014FF48272002380E80E0026
:1043100000F10C014FF0020C4FF0010E4FF400744D
:10432000302581E808500A21C0E90645C0E9083374
:10433000C0E90A31FDF712FF002808BFB0BDBDE893
:10434000B040FCF781BC0000B0B58CB003AC204697
:104350002421FCF717F840F6DC200025C2F200000B
:104360004FF08041C0E9001501214FF0FF32CDE947
:104370000315CDE90515CDE909152146CDE900550F
:10438000C0E9025205618561CDE907550B95FEF73D
:10439000CFFA002818BFFCF757FC40F6DC20C2F229
:1043A00000006946CDE90055FEF71EF9002818BF48
:1043B000FCF74AFC0CB0B0BD10B58EB040F624300E
:1043C00040F200420021C2F20000C4F200024FF6A7
:1043D000FF730D91CDE90B11CDE90911CDE907115D
:1043E000CDE90511CDE90311CDE90111C0E90021A5
:1043F000C0E9021301618161FEF754F9002818BF7A
:10440000FCF722FC4FF480500A9040F62430C2F2B0
:1044100000000AA9FEF7BCF9002818BFFCF714FC3D
:1044200040F62430C2F20000FEF7CAFC002818BF94
:10443000FCF70AFC40F624300024C2F2000008A970
:10444000CDE90844FEF7D0F8002818BFFCF7FCFBC4
:104450006020CDE9010440F62430C2F2000001A939
:10446000002203940594FEF79FFB002818BFFCF779
:10447000EBFB40F62430C2F2000001A90822FEF74F
:1044800093FB002818BFFCF7DFFB40F62430C2F294
:10449000000001A90C22FEF787FB002818BFFCF7DB
:1044A000D3FB40F62430C2F20000FEF713FB0EB03F
:1044B00010BD0000B0B58CB003AC20462421FBF742
:1044C00061FF40F66C3040F600010025C2F20000AA
:1044D000C4F20001C0E9001501214FF6FF72CDE9D9
:1044E0000315CDE90515CDE909152146CDE900559E
:1044F000C0E9025205618561CDE907550B95FEF7CC
:1045000017FA002818BFFCF79FFB40F66C30C2F288
:1045100000006946CDE90055FEF766F8002818BF8F
:10452000FCF792FB0CB0B0BD10B58EB040F6B430C5
:1045300040F600420021C2F20000C4F200024FF037
:10454000FF330D91CDE90B11CDE90911CDE907112B
:10455000CDE90511CDE90311CDE90111C0E9002133
:10456000C0E9021301618161FEF79CF8002818BFC1
:10457000FCF76AFB4FF480500A9040F6B430C2F268
:1045800000000AA9FEF704F9002818BFFCF75CFB3D
:1045900040F6B430C2F20000FEF712FC002818BF4B
:1045A000FCF752FB40F6B4300024C2F2000008A928
:1045B000CDE90844FEF718F8002818BFFCF744FBC3
:1045C0006020CDE9010440F6B430C2F2000001A938
:1045D000082203940594FEF7E7FA002818BFFCF7B9
:1045E00033FB40F6B430C2F2000001A90C22FEF702
:1045F000DBFA002818BFFCF727FB40F6B430C2F204
:104600000000FEF767FA0EB010BD000080B58CB058
:1046100040F6FC3044F200020021C2F20000C4F275
:1046200001024FF6FF730B91CDE90911CDE9071196
:10463000CDE90511CDE90311CDE90111C0E9002152
:10464000C0E9021301618161FEF72CF8002818BF50
:10465000FCF7FAFA4FF48050089040F6FC30C2F2B2
:10466000000008A9FEF794F8002818BFFCF7ECFA40
:1046700040F6FC30C2F20000FEF7A2FB002818BF93
:10468000FCF7E2FA602001900020CDE902000590DD
:1046900040F6FC30C2F2000001A90022FEF784FAC5
:1046A000002818BFFCF7D0FA40F6FC30C2F2000038
:1046B00001A90422FEF778FA002818BFFCF7C4FA13
:1046C00040F6FC30C2F20000FEF704FA0CB080BDE8
:1046D00080B540F61C5044F60041C2F20000C4F21E
:1046E000000100234FF00C0C4FF4E13280E80E0083
:1046F000C0E90333C0E905C3C361FEF791FB00289D
:1047000008BF80BDBDE88040FCF79EBA80B540F68A
:10471000444041F20001C2F20000C4F20101002352
:104720004FF00C0C4FF4E13280E80E00C0E9033387
:10473000C0E905C3C361FEF773FB002808BF80BD55
:10474000BDE88040FCF780BA80B540F68C4044F26A
:104750000041C2F20000C4F2000100234FF00C0C33
:104760004FF4E13280E80E00C0E90333C0E905C32D
:10477000C361FEF755FB002808BF80BDBDE880403F
:10478000FCF762BA80B540F6D44044F60001C2F2AC
:104790000000C4F2000100234FF00C0C4FF4E13292
:1047A00080E80E00C0E90333C0E905C3C361FEF72A
:1047B00037FB002808BF80BDBDE88040FCF744BA45
:1047C00080B540F6645041F20041C2F20000C4F2EC
:1047D000010100234FF00C0C4FF4E13280E80E0091
:1047E000C0E90333C0E905C3C361FEF719FB002824
:1047F00008BF80BDBDE88040FCF726BA80B540F216
:104800004850C2F200004FF0A04101600421017144
:104810004FF40071C1800221C0F809100021C1814C
:10482000FDF73AF9002808BF80BDBDE88040FCF7DD
:104830000BBA0000FEE7000070470000FEE7000032
:1048400002F0CAF940F250260446C2F2000600BF48
:1048500002F0C2F9A1B2401AB0F1FF3518BF054607
:1048600002F0BAF904463068ADB22946FBF7B0FF52
:1048700030682946D0F8B02190470A2001F026FF81
:10488000E6E7000002F0A8F940F69C650446C2F293
:10489000000500BF02F0A0F9A1B2401AB0F1FF3646
:1048A00018BF064602F098F904462868B1B200F035
:1048B0004BFA322001F00AFFECE7000040F27026CC
:1048C00040F6A06740F69C6540F2902440F20C0848
:1048D0009FED238A4DF20A7BC2F20006C2F2000766
:1048E000C2F20005C2F200044FF03F494FF0000A47
:1048F000C2F20008C3F6234B0DE03868B0EE480A58
:10490000411C2868396021464246002300F072F8B5
:10491000C82001F0DBFE30680128F9D13868012891
:1049200012D00028F4D128689C3000F05FFB0028EA
:10493000EED04FF07C50C4E9000AC4F808A0C8E9E2
:1049400000BBC8F808B0D8E728689C3000F04EFBE0
:104950000028DDD0C4E90099C4F808A0CDE700BF65
:104960009A99993E80B545F69D6C45F6AD6E00F17D
:104970005C07C0F6000CC0F6000E87E80E5080EC15
:10498000030A80BD000000000000000000000000DD
:10499000EFF30980BFF36F8F154B1A681EF0100FED
:1049A00008BF20ED108A20E9F04F10602DE90900C2
:1049B0004FF0500080F31188BFF34F8FBFF36F8F1C
:1049C00001F02EFF4FF0000080F31188BDE80900D0
:1049D00019680868B0E8F04F1EF0100F08BFB0EC7F
:1049E000108A80F30988BFF36F8F704700BF00BF44
:1049F000A40E002070B584B0044600201546CDE911
:104A00000100039001AA20460E4600F021F8D4F8D8
:104A1000980095E80E00D0F8A4013C300EC00120AB
:104A200084F89D0096E80700E261C4E90501D4F826
:104A30009800D0F8A40100F10C030ECB04F19C0007
:104A4000C4E90212236104B070BD00000000000040
:104A50002DE9F0472DED0C8B00F19C0804464046F3
:104A60001D469146B0EE408A0F4600F0C5FA97ED1C
:104A7000009A55B1D4F8980097ED01CAD0F8A40176
:104A800097ED02BAFEF7B8FB13E0D4F8980097ED63
:104A9000023AD0F8A40190ED030A90ED041A90EDCB
:104AA000052A39EE409A97ED010A33EE42BA30EE0C
:104AB00041CAB5EE409AF1EE10FA0CD1B5EE40CAFB
:104AC000F1EE10FA07D1B5EE40BAF1EE10FA02D1CC
:104AD0009FED61DA33E02CEE0C0A29EE091A31EE73
:104AE000000A00F08DFA10EE100A03F0DDFD824698
:104AF00018EE100A0F4603F0D7FD9FED530B53EC51
:104B0000102B03F0D9FB06460D4650463946324677
:104B10002B4603F0EDF907461BEE100A20F000408B
:104B20008A4603F0C1FD32462B4603F0E1F93A46CE
:104B3000534603F035F903F001F90DEE100A1DEEAE
:104B4000100A04F1200503F0AFFD41EC180B19EE3B
:104B5000100A03F0A9FD41EC1A0BD9F8000003F08C
:104B6000A3FD9FED3B9B41EC150BB0EE490AB0EE67
:104B7000491AB0EE482AB0EE4A3AB0EE494A284601
:104B8000F0EE690AF0EE691AF0EE682AF0EE6A3A81
:104B9000F0EE694AFBF7A4FF1CEE100A04F1480589
:104BA00003F082FD41EC1A0BD9F8040003F07CFD00
:104BB00041EC150BB0EE490AB0EE491AB0EE482AA6
:104BC000B0EE4A3AB0EE494A2846F0EE690AF0EEF5
:104BD000691AF0EE682AF0EE6A3AF0EE694AFBF7DD
:104BE0007FFF1BEE100A04F1700503F05DFD41EC40
:104BF0001A0BD9F8080003F057FD41EC150BB0EE85
:104C0000490AB0EE491AB0EE482AB0EE4A3AB0EE80
:104C1000494A2846F0EE690AF0EE691AF0EE682A71
:104C2000F0EE6A3AF0EE694AFBF75AFF002184ED94
:104C300000DAA180404684F89D10BDEC0C8BBDE8E5
:104C4000F08700BF00BF00BF000000000000E03F91
:104C50000000000000000000000000000000000054
:104C6000B0B52DED028B9FED368B04460020B0EEE3
:104C7000480AB0EE481AB0EE482AB0EE483AB0EE14
:104C8000484AB0EE485A2060A080C4E90500E061BF
:104C900004F12000F0EE680AF0EE681AF0EE682ADF
:104CA000F0EE683AF0EE684AF0EE685A0D46FBF70F
:104CB00017FFB0EE480AB0EE481AB0EE482AB0EE40
:104CC000483AB0EE484AB0EE485A04F14800F0EED7
:104CD000680AF0EE681AF0EE682AF0EE683AF0EE34
:104CE000684AF0EE685AFBF7FBFEB0EE480AB0EEF9
:104CF000481AB0EE482AB0EE483AB0EE484AB0EE54
:104D0000485A04F17000F0EE680AF0EE681AF0EE0E
:104D1000682AF0EE683AF0EE684AF0EE685AFBF75F
:104D2000DFFE04F19C00C4F8985000F05BF901200C
:104D300084F89D00BDEC028BB0BD00BF00BF00BF7A
:104D4000000000000000000070B52DED068B84B05F
:104D500004468088014488B2A18003F099FA9FED4F
:104D60005C0B53EC102B03F0C3F802F0E7FF04F1E7
:104D70009C050646284600F039F9002840F0A4803A
:104D800094F89D0008EE106A012832D0002840F007
:104D90009B8004F12000B0EE480AFBF711FFB0EE53
:104DA000409A04F14800B0EE480AFBF709FFB0EE64
:104DB00040AA04F17000B0EE480AFBF701FFD4F8F6
:104DC0009800B0EE401AB0EE490AF0EE4A0A01210E
:104DD000FBF734FE94ED000AB4EE480AF1EE10FA47
:104DE00072DC284604B0BDEC068BBDE8704000F0D4
:104DF000FFB894ED000A04F12000B4EE480AF1EE89
:104E000010FAB8BFB0EE408AB0EE480AFBF736FEA3
:104E100094ED021A04F1480030EE010A8DED010A0A
:104E2000B0EE480AFBF72AFE94ED031A04F1700075
:104E300030EE010A8DED020AB0EE480AFBF71EFEC5
:104E4000D4F8980094ED041AD0F8A41130EE010AB9
:104E500001F13C0201A900238DED030AFBF718FDC7
:104E6000D4F8980094ED050AD0F8A40190ED031A47
:104E700090ED0F2A30EE410AB0EEC00AB4EE420ABD
:104E8000F1EE10FA20DA94ED060A90ED041A90ED96
:104E9000102A30EE410AB0EEC00AB4EE420AF1EE3A
:104EA00010FA11DA94ED070A90ED051A90ED112A27
:104EB00030EE410AB0EEC00AB4EE420AF1EE10FA4A
:104EC00002DA284600F094F804B0BDEC068B70BD01
:104ED0000000000000408F402DE9F04782B00A9C9E
:104EE000984615460E468146FCF79CFB201A00EBBF
:104EF0000804FCF797FB40F20801C2F200010968C0
:104F0000C1F3CB3161430191D9F800108968314078
:104F1000891BB1FA81F14909A94203D1002002B0ED
:104F2000BDE8F087824608F1010709E0D9F80000E2
:104F300080683040801BB0FA80F04009A842EDD074
:104F4000002FF3D0FCF76EFBA0EB0A00A04207D2C3
:104F500001980199002808BF0446481E0190E5E722
:104F6000D9E900014268B1F5827F22F0E002426097
:104F70000BD1D9F80810B1F5004F02D0B1F5806F10
:104F800003D1016821F040010160D9F82810B1F582
:104F9000005F07D1016821F400510160016841F40C
:104FA00000510160012089F85100002089F850006B
:104FB000032002B0BDE8F087000000000000000000
:104FC000074B19680868B0E8F04F80F30988BFF311
:104FD0006F8F4FF0000080F31188704700BF00BF53
:104FE000A40E002000210170704700000078704777
:104FF000012101707047000000210170704700001E
:10500000B5EE400AF1EE10FADCBF9FED140A7047CE
:1050100045F6DF1110EE100AC5F63771A1EB6000FE
:10502000BEEE002A01EE100A20EE020A20EE012A4E
:1050300022EE012AB7EE083A32EE032A22EE011AD6
:1050400020EE010A20EE010A30EE030A21EE000AEA
:10505000B7EE001A81EE000A704700BF00000000A2
:10506000012000F0D9FDFBE7DDF800C001604263DC
:1050700080F8383080ED0F0A80F840C0704700009B
:1050800080B5FCF747FC01F093FD012808BF80BD07
:10509000BDE8804001F0A0BC70B592B006AC2046DF
:1050A0003021FBF76FF9002543F640000595CDE967
:1050B0000355CDE901550095C4F2020001680226AE
:1050C00041F080510160006800F08050009000982D
:1050D00047F200000095C4F20000016841F48041ED
:1050E0000160006800F48040009000980120069064
:1050F0004FF4803007904FF480000D900C200E90FC
:10510000A820CDE90F060720119020460C96FCF749
:1051100077FE10B172B600BFFEE70F20CDE90106A1
:105120004FF4A05004904FF48050059001A8052141
:105130000395FCF759FD10B172B600BFFEE712B03F
:1051400070BD00004EF68850CEF20000016841F4B8
:10515000700101607047000010B540F6FF3E036823
:10516000C4F2000E40F2004C7045C4F2010C0FDC9A
:10517000B0F1804F19D040F20042C4F200029042D8
:1051800013D040F60002C4F2000290420DD010E0AD
:1051900040F60042C4F20002904206D0604504D0BE
:1051A0000022C4F20102904203D14A6823F0700346
:1051B000134341F6FF72C4F2000290420FDC7045C7
:1051C00021DCB0F1804F41D040F20042C4F2000235
:1051D00090423BD040F60002C4F2000234E043F6B5
:1051E000FF72C4F2010290421EDC42F20002C4F2DD
:1051F000000290422AD00022C4F20102904225D03F
:10520000604523D026E040F60042C4F200029042FE
:105210001CD041F60002C4F20002904216D041F6C2
:105220000042C4F200020FE044F20002C4F20102A4
:1052300090420BD044F60002C4F20102904205D025
:1052400044F20042C4F20102904203D1CA6823F43E
:105250004073134323F080024B69D1F800E08C685F
:105260001A430260C46240F48062C0F828E06245DC
:1052700004BF09690163012141610169C90708BFD0
:1052800010BD016921F00101016110BDB0B50446F6
:10529000006804F108030ECB0569194325F4405555
:1052A0002A4302616269E3691143C268194349F202
:1052B0000C639A431143C1604169A26921F44071B2
:1052C00041F20043114340F48062C4F201039A4268
:1052D000416102D1FCF74CFD01E0FCF735FDE169CD
:1052E0004FF69C7563681922C0F6FF75B1F5004F43
:1052F000A0FB02011CD15A00DB0FFAF7CBFF48F2EA
:105300001F51C5F2EB11A0FB01235A0905F180538F
:1053100002FB0300322303EBC000A0FB01014FF4AA
:10532000F87000EA111000EB0210C1F3421118E00E
:105330009A009B0FFAF7AEFF48F21F51C5F2EB112E
:10534000A0FB01235A0902FB0500322303EB0010E6
:10535000A0FB0101F02000EA511000EB0210C1F3A4
:105360004311084421688860B0BD000082B002F497
:105370007F42B2F5807F38D1826B4FF6BF7322F443
:1053800080328263C268CFF6BD731A40C260029B4E
:10539000C268DBB222F44012012BC26003D1C268A2
:1053A00042F48012C2600022009200BF009A0132D3
:1053B0000092009AB2F1706F3DD80269B2F1FF3FDE
:1053C000F4DC00220092026942F00102026100BF97
:1053D000009A01320092009AB2F1706F2BD80269E4
:1053E000D207F5D14FF0000C33E0C26842F0400222
:1053F000C2600022019200BF019A01320192019A1B
:10540000B2F1706F1AD80269B2F1FF3FF4DC0022EA
:105410000192026942F00102026100BF019A013269
:105420000192019AB2F1706F08D80269D207F5D1E2
:105430004FF0000C04E04FF0030C0AE04FF0030CB7
:10544000826B13F47F4F14BF22F4803242F4803217
:10545000826301F47F01B1F5803F07D1816841F09B
:1054600006018160816841F020018160604602B0E0
:10547000704700000146D0F8000E20F00300C1F88C
:10548000000ED1F8040840F002020020C1F8042800
:10549000704700002DE9F04F83B01B0C00F58077BA
:1054A0000F260025013E47F8045FFBD1DBB20093D5
:1054B0003BB1836B23F400138363836B43F40023BA
:1054C00010E0D0F8043843F00203C0F80438836BCE
:1054D00043F400138363836B23F400238363836BA0
:1054E00023F4802302F47F4783630023B7F5807F92
:1054F000C0F8003E07D1D0F80078B3EB116F07D1A8
:10550000C0F8007808E0D0F8003843F0030301E069
:1055100047F00103C0F8003800230193019B0133D9
:105520000193019BB3F1706F18D80369B3F1FF3F8A
:10553000F4DC002301934FF484630361019B4FF07B
:10554000000E01330193019BB3F1706F88BF4FF0E0
:10555000010E05D803699B06F0D401E04FF0010E5F
:1055600000230293029B01330293029BB3F1706FFD
:1055700018D80369B3F1FF3FF4DC00230293102332
:10558000036100BF029B4FF0000A01330293029BAC
:10559000B3F1706F88BF4FF0010A05D80469E406C3
:1055A000F0D401E04FF0010ACCB24FF00008C0F88F
:1055B0001088C0F81488C0F81C8894B300F51066F1
:1055C0004FEA441B4FF67F39002400BF33594FF098
:1055D0009045002C08BF4FF0006505EAE3733719CA
:1055E00033512034A345C7F81080C7F80890EDD197
:1055F00000F530664FF000094FF67F34002700BFFA
:10560000F5594FF0904C002F08BF4FF0006C0CEA9A
:10561000E575F319F5512037BB45C3F810909C6030
:10562000EED1D0F8103811F47F0F23F48073C0F856
:1056300010386FF08043C0F81880436103D181694E
:1056400041F010018161816943F60003C8F23C0317
:10565000194312F47F0F816103D0816941F0080181
:1056600081610099012905D1816941F0804141F0B2
:10567000040181614EEA0A0003B0BDE8F08F00002A
:105680000146806820F0010200208A607047000017
:10569000B0B50446C06820F0C040E06091B1012977
:1056A00026D1E068002540F00050E0600A20FBF7BA
:1056B000C7FE6069C00705F10A0014D1BE2D05467A
:1056C000F4D310E0E068002540F08040E06000BFC7
:1056D0000A20FBF7B5FE6069C00705F10A0002D099
:1056E000BE2D0546F4D3C838B0FA80F04009B0BDED
:1056F0000120B0BDFEE7000070B582B000F11C06CD
:1057000004250DF10604ADF8061000BF56F81C0C78
:105710002146FFF791F856F81C0C00F011F986EDC0
:10572000010A0436013DF1D102B070BD2DE9F0410E
:10573000FAF7A4FE8020FAF7CDFF5520FAF7CAFF4A
:105740005520FAF7C7FFFAF791FE9620FAF7D4FE34
:10575000FAF794FE8020FAF7BDFF5520FAF7BAFF5A
:105760005520FAF7B7FFFAF781FE9620FAF7C4FE44
:10577000FAF784FE7E20FAF7ADFFB620FAF7AAFF0B
:10578000FAF774FE5020FAF795FEFAF777FE8020BC
:10579000FAF7A0FF5520FAF79DFF5520FAF79AFF78
:1057A000FAF764FE9620FAF7A7FEFAF767FE802064
:1057B000FAF790FF5520FAF78DFF5520FAF78AFF88
:1057C0000446FAF753FE9620FAF796FE1E2C1CBFED
:1057D000FF20BDE8F0814BF61A580026C0F60008FD
:1057E000FAF74CFE06EB460018F8005008EB0007ED
:1057F0007C782846FAF76EFF2046FAF76BFFFAF737
:1058000035FE9620FAF778FEFAF738FE45F080006C
:10581000FAF760FF5520FAF75DFF5520FAF75AFFB7
:105820000546FAF723FE9620FAF766FEA54205D153
:105830000136062ED4D10020BDE8F081B878BDE84D
:10584000F08100002DE9F041FAF72AFE8020FAF7F6
:1058500041FF5520FAF73EFFFAF71AFE9620FAF7B5
:105860004BFEFAF71DFE8020FAF734FF5520FAF7B9
:1058700031FFFAF70DFE9620FAF73EFEFAF710FE1A
:105880001420FAF727FFB620FAF724FFFAF700FEF4
:105890005020FAF70FFEFAF703FE8020FAF71AFFFE
:1058A0005520FAF717FFFAF7F3FD9620FAF724FED2
:1058B000FAF7F6FD8020FAF70DFF5520FAF70AFFF8
:1058C0000446FAF7E5FD9620FAF716FE0F2C1CBFEA
:1058D000FF20BDE8F0814BF62C580026C0F60008EA
:1058E000FAF7DEFD06EB460018F8005008EB00075B
:1058F0007C782846FAF7EEFE2046FAF7EBFEFAF738
:10590000C7FD9620FAF7F8FDFAF7CAFD45F08000CA
:10591000FAF7E0FE5520FAF7DDFE0546FAF7B8FD86
:105920009620FAF7E9FDA54205D10136062ED7D11A
:105930000020BDE8F081B878BDE8F08100000000EB
:1059400070B50446B0F93A0002F08BFC9FED0E0BE7
:1059500053EC102B02F0B0FC0546E06B0E4602F053
:10596000A3FE02460B462846314602F0A5FC9FEDF9
:10597000080B53EC102B02F0BBFA02F0DFF900EE3B
:10598000100A70BD00BF00BF1F85EB51B81E094053
:105990000000000000004E40FBF7CAFFFFF77CFB51
:1059A000FEF748FBFEF7FAFAFEF7B8FAFEF77EFCC0
:1059B000FEF740FAFEF778FAFEF7D0FAFEF710FC91
:1059C000FEF730FCFEF750FCFEF794FCFEF7BCFC43
:1059D000FEF7F2FCFEF76EFDFEF7A6FDFEF716FEE3
:1059E000FEF776FEFEF792FEFEF7AEFEFEF7CAFE6B
:1059F000FEF7E6FEFEF702FF40F60044C4F20204A2
:105A000020464FF480410022FBF706FE20464FF46B
:105A100000410022FBF700FE00F006F8FEF7E2FA74
:105A200000F002F9FEE700002DE9F0472DED028BB2
:105A300082B000BFFAF77AFD0028FBD140F22404BF
:105A4000C2F2000440F6D4459FED5E8A2068C2F29F
:105A50000005002601212A460023B0EE480A0096E0
:105A60004FF00108FFF700FB606802212A4601237E
:105A7000B0EE480A0096FFF7F7FAA06804212A461C
:105A80000023B0EE480A00964FF0040AFFF7ECFA44
:105A9000E06803212A460123B0EE480ACDF80080D1
:105AA0004FF00309FFF7E0FA40F2502640F29C0065
:105AB000C2F20006C2F2000040F69C6740F6FC51BC
:105AC000306040F6F45540F6AC50C2F20007C2F226
:105AD00000019FED3D0AC2F20005C2F200003960EC
:105AE000F0EE000A01212860FDF7DAFB30682A6831
:105AF0002146FAF709FE38683168FFF7B1F840F23D
:105B0000980744F64100C2F20007C0F600002FA13A
:105B10004FF47A720023CDE9009700F075FF8146BB
:105B200040F6F85744F6BD00C2F20007C0F6000088
:105B30002AA14FF416720023CDE900A700F064FFFC
:105B4000054640F2602744F68500C2F20007C0F621
:105B5000000025A14FF416720023CDE900A700F044
:105B600053FF064640F2582743F22910C2F20007BD
:105B7000C0F6000020A14FF4C8720023CDE900A7B1
:105B800000F042FF074640F25C2443F62540C2F293
:105B90000004C0F600001CA14FF416720023CDE9EA
:105BA000008400F031FFB9F1010F08BF012D00D0D2
:105BB000FEE7012EFCD1012FFAD102B0BDEC028B21
:105BC000BDE8F0878FC2753D9A99193F43686173AC
:105BD0007369635F636F6E74726F6C006D61696E81
:105BE0005F63707000000000506C616E6E65725FE4
:105BF0007570646174650000494D555F526561645C
:105C00005F7461736B0000004C43445F53686F77AF
:105C10005F7461736B00000080B5012898BF01209C
:105C200000F054FD002080BD80B500F0B1FD0020E3
:105C300080BD0000B0B584B043698E4693B18469DD
:105C400084B10589D0E9001C026928B2843D18BFDF
:105C5000C51CCDE9005360467346029400F032FF44
:105C6000039010E00589D0E90013028A28B2843D30
:105C700018BFC51C03AC18467346CDE9005400F0AC
:105C8000C3FE012802D1039804B0B0BD002004B0C7
:105C9000B0BD000090ED154A30EEC02A9FED7E1A8F
:105CA000B5EE404AF1EE10FAB0EEC23A80ED080AC5
:105CB000C0ED050A80ED0B2A07D0B4EE443AF1EEB0
:105CC00010FA02DDB0EE410A704790ED164AB5EECB
:105CD000404AF1EE10FA04D0B4EE443AF1EE10FA74
:105CE000F0DBD0F85CC0BCF1040F54D0BCF1030F62
:105CF00040F0B98090ED013A90ED0A5A90ED0D6AAE
:105D000023EE023A90ED024A33EE066A32EE453A4D
:105D100090ED195A90ED001A24EE033AB8EE454A78
:105D200022EE011AB4EE446A80ED0C1A80ED0D6A81
:105D3000F1EE10FA80ED0E3AC8BF80ED0D4A90EDFD
:105D40000D5AB1EE444AB4EE445AF1EE10FAB8BF1F
:105D500080ED0D4A90ED0D4A90ED185A31EE041A7F
:105D600033EE013AB8EE451AB4EE413AF1EE10FACC
:105D700080ED0F3AC8BF80ED0F1A90ED0F3AB1EEEB
:105D8000411AB4EE413AF1EE10FAB8BF80ED0F1AA5
:105D9000C26B026467E090ED0A3A90ED094A32EE78
:105DA000431A33EE033A32EE433A90ED005A90ED47
:105DB000016A33EE043A90ED194A90ED027A25EE2D
:105DC000011A22EE065AB8EE444A27EE033AB4EE20
:105DD000445A80ED0C1A80ED0D5AF1EE10FA80ED68
:105DE0000E3AC8BF80ED0D4A90ED0D6AB1EE445AEF
:105DF000B4EE456AF1EE10FAB8BF80ED0D5A90EDA1
:105E00000D6A90ED137A31EE061A33EE011AB4EEF4
:105E1000441AD0ED181AF1EE10FAC8BFB0EE441AC9
:105E2000B4EE451AF1EE10FAB8BFB0EE451A37EEEF
:105E3000013A80ED111AB8EE611AB4EE413AF1EE72
:105E400010FA80ED123AC8BF80ED121A90ED123AA6
:105E5000B1EE411AB4EE413AF1EE10FAB8BF80ED5E
:105E6000121A826CC264C1690269836A8161482125
:105E7000436280ED0A2A80ED070AC260BCF1030F7D
:105E800008BF3C21014491ED001AC0ED040A80EDE9
:105E9000141AB0EE410A70470000000000F15C0CDB
:105EA0008CE80E0080EC030A7047000080EC030AC7
:105EB000704700002DE9F047044600F045FB44F62A
:105EC0005030C2F20000016840F6A4670131016061
:105ED000C2F20007396844F6186A40F6B466C2F2A6
:105EE000000AC2F2000651B1DAF8000000283DD1E4
:105EF0003868E16AC06A884298BF3C6036E03C601E
:105F00000068012832D10025701900F0D7FA143545
:105F10008C2DF9D144F66838C2F20008404600F0F2
:105F2000CDFA44F67C39C2F20009484600F0C6FAC0
:105F300044F60460C2F2000000F0C0FA44F6386093
:105F4000C2F2000000F0BAFA44F62460C2F2000087
:105F500000F0B4FA40F6A860C2F20000C0F8008079
:105F600040F6B060C2F20000C0F8009044F65C3029
:105F7000C2F20000016844F6603201310160E06A5B
:105F8000C2F20002012113688140194300EB800036
:105F9000116006EB8000211D00F0BEFA00F0F8FA57
:105FA000DAF8000088B13868E16AC06A884228BF20
:105FB000BDE8F0874EF60450CEF200004FF080515D
:105FC0000160BFF34F8FBFF36F8FBDE8F087000014
:105FD00044F6543540F6B46A4EF6045844F6386731
:105FE00044F65036C2F20005C2F2000ACEF20008B2
:105FF0004FF08059C2F20007C2F2000603E000BF72
:10600000204600F0DDFA2868C8B100F09DFAF86873
:10601000C468201D00F032FA30680138306028680A
:106020000138286000F0B4FA94F851000228EAD050
:106030000128E5D070B9206B00F0C2FAE0E7DAF889
:1060400000000228DFD3C8F80090BFF34F8FBFF3E2
:106050006F8FD8E74FF0500080F31188BFF36F8F38
:10606000BFF34F8FFEE7000008480068006880F328
:1060700008884FF0000080F3148862B661B6BFF361
:106080004F8FBFF36F8F00DF00BF000008ED00E00F
:1060900081B00020009040F22000C2F200000068B1
:1060A0004FF0500181F31188BFF36F8FBFF34F8F13
:1060B000013001D0FEE700BF00980028FCD001B0FD
:1060C00070470000F0B581B0044600F0A1FB40F637
:1060D000AC61C2F200010868002844F66430C2F2E4
:1060E000000028D140F64472C2F20002D31D5607C8
:1060F00002F5705618BF23F0070244F61C63C2F283
:1061000000030025C3E9002526F00703A3F10806D4
:106110000E6043E90255B31A0E68C2E9006344F603
:10612000EC52C2F20002136044F69032C2F2000256
:106130001360012202700278002A18BF4FF000425B
:10614000224238D13CB162071ABF24F0070202F1A3
:106150001004083400E0002444F6903EC2F2000E21
:10616000DEF80020631E934225D244F61C63C2F27F
:1061700000031E687568A54207D200BF326822B1CD
:10618000556833461646A542F8D30A68964212D09F
:10619000D3F800C037682A1B112A1F603FD3331978
:1061A0005D0719D04FF0500080F31188BFF36F8F57
:1061B000BFF34F8FFEE7002400F0D4FD600708D046
:1061C0004FF0500080F31188BFF36F8FBFF34F8FF4
:1061D000FEE7204601B0F0BD44F61C65C2F20005A2
:1061E0005A6074602C462D689D42FBD36268A718E4
:1061F0009F4203D15B681A44234662605A689F1825
:10620000AF4201D0294606E009688D4203D0D5E9A6
:1062100000152A445A609C42196018BF236044F656
:10622000EC517268DEF80030C2F200010C689A1A74
:10623000A242CEF8002038BF0A60007844F6F85237
:106240007168C2F20002002818BF41F000411368D3
:1062500000200CF10804C6E90001581C1060ABE7EF
:10626000034646F2910021F00101C0F600004FF014
:10627000807C03E903106FF00201A3F1440043E9BD
:1062800009127047000000002DE9F0412DED048B4C
:10629000B0EE409A9FED420A044629EE000A10EE45
:1062A000100AB0EE608A02F0FFF90546E06B8846FE
:1062B00002F0FAF99FED360B53EC102B01F0FCFFC6
:1062C00006460F462846414632463B4601F010FE40
:1062D00001F06AFF0546608718EE100A02F0E4F943
:1062E00032463B4601F004FE9FED2B0B53EC102B86
:1062F00001F0E2FF01F088FF94F83810B5F1FF3F9C
:1063000004DCB1FA81F149096A42628722682546B4
:1063100005F8412F35F8072CA970110AE970002102
:106320006971010EA971010CE971010A687240F2EC
:106330000110FD23297268816B2155F80D0C6B70DB
:106340002A71297329460D224FF47A73FCF770FEE7
:106350000120FBF775F815F8010C78B14FF60071C4
:10636000C6F66631606BC4F84110294604224FF42A
:106370007A73FCF75DFE0120FBF762F884ED099A61
:1063800084ED0A8ABDEC048BBDE8F08100BF00BF3C
:106390001F85EB51B81E0940000000000000A94015
:1063A000000070420000000070B59FED331A80EDD0
:1063B000090A20EE010A044610EE100A02F074F9F0
:1063C0000546E06B0E4602F06FF99FED290B53EC8A
:1063D000102B01F071FF02460B462846314601F0B2
:1063E00087FD01F0E1FE0128608703DB226894F855
:1063F000381006E094F838102268B1FA81F14909A2
:10640000404284F84120020A84F845004FF480702D
:10641000A4F846006B20F62384F84800606B04F172
:10642000410584F8423084F8431084F8442029461A
:1064300008224FF47A73FCF7FBFD0120FBF700F80C
:1064400094F84000002808BF70BD4FF60071C6F6F2
:106450006631606BC4F84110294604224FF47A7308
:10646000FCF7E6FD0120BDE87040FAF7E9BF00BF88
:106470001F85EB51B81E094000007042D0E901327F
:1064800001699A60D1F804C082688445536008BFEE
:106490004A60002202610868013808600868704795
:1064A00044F69853C2F20003036044F69430C2F2FB
:1064B0000000086080201060704700004FF0FF313E
:1064C000024642F8081F00214260C0E90322016031
:1064D00070470000002101617047000080B5D1F8CD
:1064E00000C01CF1010207D000F108039E465B6862
:1064F0001A686245FAD901E0D0F810E0DEF804200D
:1065000008614A609160C1F808E0CEF804100168A3
:106510000131016080BD0000D0F800C0436808610F
:106520009A684B608A609A68996051600CF1010129
:1065300001607047DFF80C00016841F470010160F0
:106540007047000088ED00E04FF0500080F31188A4
:10655000BFF36F8FBFF34F8F40F22000C2F20000F5
:1065600001684A1C026001B170474EF60450CEF239
:1065700000000068000608BF70474FF0500080F32D
:106580001188BFF36F8FBFF34F8F00BFFEE700008E
:1065900040F22000C2F20000016839B10139016007
:1065A00018BF7047002080F3118870474FF05000EB
:1065B00080F31188BFF36F8FBFF34F8FFEE70000AA
:1065C000B0B5002808BFB0BD44F66431C2F2000186
:1065D000097850F8042C002918BF4FF000411142EF
:1065E0000DD0A0F1080423689BB14FF0500080F358
:1065F0001188BFF36F8FBFF34F8F00BFFEE74FF0DF
:10660000500080F31188BFF36F8FBFF34F8F00BF2F
:10661000FEE722EA010140F8041C054600F0F8F804
:1066200044F69031C2F2000155F8040C0B682A467A
:106630001844086044F61C61C2F20001084609686B
:10664000A142FBD34368C518A54204D152F8042CDB
:1066500004461A4442606368E2188A4201D00A463E
:106660000AE040F6AC62C2F200021268914203D026
:10667000D1E9002119446160A042226018BF046082
:1066800044F6FC50C2F20000016801310160BDE82F
:10669000B04000F067BB00004EF21000CEF20000E8
:1066A00000210160816040F20801C2F20001096826
:1066B00044F6D352C1F26202A1FB02124FF0FF3145
:1066C00001EB9211416007210160704770B500280D
:1066D00052D044F65831C2F200010A684AB14FF074
:1066E000500080F31188BFF36F8FBFF34F8F00BF4F
:1066F000FEE70546086840F6A4640130086044F6E9
:106700004C60C2F20000C2F2000406682068043047
:10671000FFF7B4FE60B9206844F66032C06AC2F286
:1067200000020121136801FA00F023EA0000106062
:106730002068AD19456009D340F6B060C2F2000090
:10674000006821680431FFF7C9FE10E040F6A86038
:10675000C2F20000006821680431FFF7BFFE44F672
:10676000F050C2F2000001688D4238BF056000F0B1
:10677000F9FA002818BF70BD4EF60450CEF20000A2
:106780004FF080510160BFF34F8FBFF36F8F70BD2B
:10679000B0B586B0002405A804A903AACDE9044435
:1067A000FFF77EFEDDE90320059DCDE9004045F6BB
:1067B000D170C0F6000014A10023029500F082F908
:1067C00044F69450C2F200000560DDB14FF0500075
:1067D00080F31188BFF36F8FBFF34F8F44F6F050F3
:1067E000C2F200004FF0FF31016044F61860C2F2BF
:1067F00000000121016044F64C60C2F20000046018
:1068000000F052F806B0B0BD49444C45000000000D
:1068100044F65830C2F2000001680131016070474F
:1068200044F65830C2F20000006830B144F65060BF
:10683000C2F2000001210160704744F65060C2F2CC
:1068400000000021016044F66030C2F200000068E0
:10685000B0FA80F0C0B2C0F11F0040F6B46100EBA6
:106860008000C2F2000151F8202092B101EB8000BB
:10687000416800F1080249689142416001D14968CC
:106880004160406840F6A461C068C2F2000108603F
:1068900070474FF0500080F31188BFF36F8FBFF344
:1068A0004F8F00BFFEE70000B0B584B04EF200404D
:1068B000CEF200004CF27021C4F20F11D0F8002982
:1068C0004B1C9A4209D14FF0500080F31188BFF35E
:1068D0006F8FBFF34F8F00BFFEE7D0F800298A42C9
:1068E00009D14FF0500080F31188BFF36F8FBFF3D1
:1068F0004F8F00BFFEE7017844F644320291FF213A
:1069000001700178C2F200028DF807109DF807109F
:1069100001F05001117044F64831C2F20001072223
:106920000A609DF90720B2F1FF3F0CDC062200BF90
:106930000A609DF80730013A5B008DF807309DF939
:106940000730002BF4D40A68032A3BD14FF440727D
:106950000A6002990170D0F8201941F47001C0F862
:106960002019D0F8201941F07041C0F82019FFF724
:1069700093FE40F22004C2F2000400252560FFF7D8
:10698000D9FD4EF63470CEF20000016841F040416E
:106990000160FFF769FBFFF743FF039520684FF0A5
:1069A000500181F31188BFF36F8FBFF34F8F013018
:1069B00002D000BFFEE700BF03980028FCD00020F3
:1069C00004B0B0BD4FF0500080F31188BFF36F8F5B
:1069D000BFF34F8FFEE7000080B54FF0500080F30B
:1069E0001188BFF36F8FBFF34F8F00F0FBF830B10A
:1069F0004EF60450CEF200004FF0805101600020AE
:106A000080F3118880BD00002DE9F0478146900099
:106A1000984614460F46FFF755FB70B105465420C3
:106A2000FFF750FB30B1064605634EB94FF0FF301B
:106A3000BDE8F0872846FFF7C3FD0026002EF5D0FD
:106A4000306BDDE9085A00EB84000438002120F0A7
:106A5000070406F1340086F851105FB17A5C4254A5
:106A60007A5C1AB10F2901F10101F7D1002086F8F3
:106A7000430000E001700027301D062D28BF0625C9
:106A8000F562C6E91157FFF725FD06F11800FFF77B
:106A900021FD85F00700B061204649464246366137
:106AA0007662F76486F85070FFF7DAFB30603046A4
:106AB000BAF1000F18BFCAF80060FFF7FBF9012018
:106AC000BDE8F0872DE9F04782B0DDF82CC0BCF1BD
:106AD000000F21D00C9C44B354270197019F542FE1
:106AE0002DD1DDF828A0019F022704F13406C4F857
:106AF00030C084F8517061B3002700BFCD5DF555FB
:106B0000CD5D1DB10F2F07F10107F7D181460020A0
:106B1000984684F8430020E04FF0500080F311883D
:106B2000BFF36F8FBFF34F8FFEE74FF0500080F33E
:106B30001188BFF36F8FBFF34F8F00BFFEE74FF099
:106B4000500080F31188BFF36F8FBFF34F8F00BFEA
:106B5000FEE781469846002030700CEB8200043836
:106B600020F007070025201DBAF1060F28BF4FF0BF
:106B7000060AC4F82CA0C4E911A5FFF7ABFC04F188
:106B80001800FFF7A7FC8AF00700A06138464946C5
:106B9000424624616462E56484F85050FFF760FB6C
:106BA00020602046FFF786F9204602B0BDE8F08756
:106BB00044F61860C2F200000068002804BF0120FB
:106BC000704744F65830C2F200000068B0FA80F016
:106BD000400940007047000044F64C60C2F20000DB
:106BE000006870472DE9F04F81B044F65830C2F28A
:106BF0000000006840B144F60060C2F20000016885
:106C0000002401310160A9E044F64C60C2F20000AA
:106C100001684E1C06602ED340F6A860C2F2000048
:106C20000168096849B14FF0500080F31188BFF343
:106C30006F8FBFF34F8F00BFFEE740F6B062C2F226
:106C40000002016813680360116044F6F451C2F257
:106C500000010A6801320A600168096821B1006810
:106C6000C068C068406801E04FF0FF3044F6F05162
:106C7000C2F20001086044F6F051C2F20001086857
:106C800040F6A46A8642C2F2000A01D200244FE014
:106C900040F6A86BC2F2000BDBF80000002400688D
:106CA000E0B344F660390127C2F2000920E000BFDA
:106CB000D8F82C00D9F8001007FA00F21143C9F8EF
:106CC000001040F6B46100EB8000C2F2000101EB5D
:106CD00080002946FFF720FCD8F82C00DAF80010D5
:106CE000C96ADBF800208842106828BF3C46C0B162
:106CF000DBF80000C068D0F80C80454655F8040F5A
:106D0000864210D32846FFF7B9FBD8F828000028A0
:106D1000CED008F11800FFF7B1FBC9E74FF0FF3004
:106D200005E04FF0FF3044F6F051C2F20001086078
:106D3000DAF8000040F6B461C06AC2F2000100EB6C
:106D4000800051F82000012844F65060C2F2000093
:106D500088BF01240068002818BF0124204601B024
:106D6000BDE8F08F2DE9F04F81B044F65834C2F2FF
:106D70000004206868B1FFF7E7FB20680138206055
:106D8000206880B10024FFF703FC204601B0BDE875
:106D9000F08F4FF0500080F31188BFF36F8FBFF377
:106DA0004F8F00BFFEE744F65030C2F2000000688B
:106DB0000028E7D044F60466C2F20006306844F6C4
:106DC00050680028C2F2000844D044F6603540F60E
:106DD000B46940F6A46A4FF0010BC2F20005C2F29A
:106DE0000009C2F2000A00BFF068C76807F1180086
:106DF000FFF744FB3C1D2046FFF740FBF86A29687B
:106E00000BFA00F2114300EB8000296009EB8000CF
:106E10002146FFF781FBF86ADAF80010C96A884258
:106E200028BFC8F800B030680028DDD197B140F61F
:106E3000A860C2F200000168096821B10068C0685A
:106E4000C068406801E04FF0FF3044F6F051C2F2F4
:106E50000001086044F60064C2F2000425685DB1D8
:106E6000012600BFFFF7BEFE002818BFC8F800606B
:106E7000013DF7D100202060D8F8000000283FF441
:106E800081AF4EF60450CEF200004FF08051016009
:106E9000BFF34F8F0124BFF36F8F74E703B40198E2
:106EA0004100009850EAC12018BF04204A0D18BFC5
:106EB00040F0010040F2FF72B2EB515F08BF40F0BA
:106EC0000200012808BF052002B0704741000802F7
:106ED00018BF04200A0E18BF40F001004FF07F4297
:106EE00032EA010108BF40F00200012808BF052076
:106EF000704700000000000010B52F499FED2C1BCB
:106F00002DED020B84B0059820F000408842D8BFD8
:106F10009DED040B2DDD2949884209D1049840B923
:106F20004FF00100F9F75DFA00F012FE06B010BD57
:106F300005DB9DED040B00F0FFFD06B010BD6846BB
:106F40009DED040B00F010FA10F0030004BF9DED5E
:106F5000021B9DED000B0CD001280ED09DED021BF5
:106F60009DED000B022817D0012000F04DFD06B06A
:106F700010BD00F015FC06B010BD9DED021B9DED8F
:106F8000000B012000F040FD51EC100B00F0CAFE98
:106F900006B041EC100B10BD00F002FC51EC100BE0
:106FA00000F0C0FE06B041EC100B10BD0000000068
:106FB0000000000000000000FB21E93F0000F07F1E
:106FC00010EE101A08B5444A6846B2EB410F28D9B2
:106FD0004FF0E640B0EB410F94BF00204FF0FF3080
:106FE00000900098002861DB60EE000A10F0010FAD
:106FF00045D010F0020FDFED391A9FED391A00EE7F
:10700000A11ADFED381A40EE811A21EEA01AF0EE37
:10701000400A40EE010A08BFF1EE600AB0EE600AD5
:1070200008BD314B21F0004293423CD911F0004F92
:10703000DFED2E0A20EE201ADFED2D0A19BF31EE0A
:10704000601A71EE200A31EE201A71EE600ABDEE70
:10705000E01A11EE100A9FED271A00F0030000EE6F
:10706000C10A9FED251A009000EEC10A9FED231A78
:1070700000EEC10A9FED221A00EEC10AB1E79FEDB2
:10708000211A9FED210A10F0020F00EE810A9FEDF8
:107090001F1A00EE801AB7EE000A00EE810A18BF30
:1070A000B1EE400A08BD00F087FD9AE710EE100A25
:1070B0004000B0F17F4F3CBFB7EE000A08BD07D1DA
:1070C0004FF00100F9F78DF9BDE8084000F064BD0C
:1070D000BDE8084000F05CBDB61F927E336D4CB930
:1070E000DA82083CA0AA2ABE490E494683F9223F0B
:1070F0000000004B0000C93F00A0FD390020A23372
:107100001A61342CB93AB2BACA9F2A3DDDFFFFBEDC
:1071100010B52F499FED2C1B2DED020B84B0059867
:1071200020F000408842DCBF00209DED040B32DDE2
:107130002849884209D1049840B94FF00100F9F775
:1071400050F900F005FD06B010BD05DB9DED040B08
:1071500000F0F2FC06B010BD68469DED040B00F097
:1071600003F910F0030011D0012818D09DED021B87
:107170009DED000B02281AD000F012FB51EC100B11
:1071800000F0D0FD06B041EC100B10BD9DED021BD0
:107190009DED000B012000F037FC06B010BD9DED09
:1071A000021B9DED000B00F0FBFA06B010BD0120A4
:1071B00000F02AFC51EC100B00F0B4FD06B041ECDD
:1071C000100B10BD000000000000000000000000D7
:1071D000FB21E93F0000F07F00B510EE101A2DED05
:1071E000028B81B0524A6846B2EB410F2ED94FF064
:1071F000E640B0EB410F94BF00204FF0FF3000900D
:107200000098B0EE408A00286ADB10F0010F4BD0E6
:1072100068EE080A9FED471A9FED470A00EE810AC3
:107220009FED461A10F0020F00EE801AB7EE000A2A
:1072300000EE810A02BF01B0BDEC028B00BD00BFB1
:1072400001B0B1EE400ABDEC028B00BD3C4B21F019
:107250000042934241D911F0004FDFED3A0A20EE8F
:10726000201ADFED390A19BF31EE601A71EE200ADB
:1072700031EE201A71EE600ABDEEE01A11EE100A2E
:107280009FED321A00F0030000EEC10A9FED301AA4
:10729000009000EEC10A9FED2F1A00EEC10A9FED8B
:1072A0002E1A00EEC10AABE728EE080A9FED2B1A52
:1072B000DFED2B0A10F0020F40EE010A9FED291AB4
:1072C00000EE201A61EE000AB0EE480A08EE200A2D
:1072D000B6D101B0BDEC028B00BD00F06DFC8FE7B4
:1072E00018EE100A4000B0F17F4F0DD218EE100AD0
:1072F000FFF7ECFD042808BF00F056FCB0EE480A8A
:1073000001B0BDEC028B00BD09D10120F9F769F88D
:1073100001B0BDEC028B5DF804EB00F03DBC01B0A8
:10732000B0EE480ABDEC028B5DF804EB00F030BC17
:10733000B61F927EB93AB2BACA9F2A3DDDFFFFBEA0
:10734000490E494683F9223F0000004B0000C93F27
:1073500000A0FD390020A2331A61342C336D4CB9E2
:10736000DA82083CA0AA2ABE2DE9F14F04462DED91
:10737000020B2DED088B8AB09FEDE70B80ED020B21
:10738000139EE74826F0004585420ADC9DED120B6E
:10739000002084ED000B0AB0BDEC088B03B0BDE803
:1073A000F08FE0489FEDE0AB9FEDE1BBA84247DDE9
:1073B000E14F9FEDE39B9FEDE48B9DED120B53ECB2
:1073C0001A2B51EC100B002E1CDD01F07FF841EC64
:1073D000100BBD4208D053EC1B2B51EC100B01F0ED
:1073E00075F8C4E900010BE053EC192B51EC100BBC
:1073F00001F06CF853EC182B01F068F8C4E90001B7
:107400000120C8E700F0CCFC41EC100BBD4208D0D5
:1074100053EC1B2B51EC100B00F0C2FCC4E9000133
:107420000BE053EC192B51EC100B00F0B9FC53ECB2
:10743000182B00F0B5FCC4E900014FF0FF30AAE7BB
:10744000C348A84279DB9DED120B51EC100B00F004
:107450005DFC41EC180B9FEDC00B53EC102B00F0C2
:107460002BFF9FEDBF1B53EC112B00F099FC00F09C
:107470009BFE074600F0F5FE41EC190B53EC1A2B6E
:1074800000F01AFF53EC182B01F014F841EC180B24
:1074900053EC1B2B51EC190B00F00EFFDFF8C8A2C8
:1074A00041EC100B4FEA15580125FA4453EC102B10
:1074B00051EC180B01F00AF8032DC4E900013DD08E
:1074C000C1F30A5005EB4511A8EB000011398142C8
:1074D00034DA0AEB051BB0EE48AA9BED000BF0EE88
:1074E00068AA53EC102B51EC190B00F0E5FE41ECAF
:1074F0001B0B51EC1A0B53EC1B2B00F0E7FF41EC7C
:10750000180B51EC1A0B53EC182B00F0DFFF53EC67
:107510001B2B00F0DBFF9BED020B41EC1A0B53EC35
:10752000102B51EC190B00F0C7FE53EC1A2B00F096
:10753000CDFF41EC100B6D1CB8E70EE0002EA8BF8C
:107540003846BFF628AF94ED000B51EC100B00F05D
:10755000E9FBC4E9000178421DE7C6F3130040F4DB
:10756000801EC6F30A50A0F2F530471100F01F0547
:10757000C5F12000DDF848B0089000200690079083
:107580000520EC467949002D07EB0002794408BF3D
:1075900051F8221009D051F8223001EB8201AB40A2
:1075A0004A68089922FA01F11943A1FB0E26A1FBB2
:1075B0000B131A449A4234BF0123002303EB06083D
:1075C0000CEB8003D3E901A60E448E4234BF0121A7
:1075D000002192448A4411B1924502D903E09245B8
:1075E00001D2012100E00021C3E901A641444CF889
:1075F0002010011EA0F10100C4DC029800F100502F
:10760000850F0298DDE903678000DDF8148000F043
:1076100028FE41EC1A0B304600F03AFE9FED541B59
:1076200053EC112B00F048FE41EC1B0B384600F0E8
:107630002FFE9FED511B53EC112B00F03DFE41EC52
:10764000180B404600F024FE9FED4D1B53EC112B10
:1076500000F032FE41EC190B51EC180B53EC192BD6
:1076600000F09EFB53EC1B2B00F09AFB53EC1A2B03
:1076700000F096FBCDE90801002008909DED080B75
:1076800053EC1A2B51EC100B00F020FF53EC1B2B8A
:1076900000F01CFF53EC182B00F018FF53EC192BD3
:1076A00000F008FF9FED381B53EC112B00F004FE97
:1076B0009FED370B41EC180B53EC102B9DED080B95
:1076C00051EC100B00F0F8FD53EC182B00F068FBA8
:1076D0009FED310B41EC180B53EC102B9DED080B7B
:1076E00051EC100B00F0E8FD53EC182B00F058FBA8
:1076F00041EC100B139810F0004F06D06D4251EC86
:10770000100B00F00FFB41EC100B284684ED000B32
:1077100041E6000000000000000000000000000042
:10772000FB21E93F7CD9024000004054FB21F93F96
:107730003163621A61B4D03DFB21F93F00000000C3
:107740000000601A61B4D03D7370032E8A19A33B08
:10775000FB2139410000000083C8C96D305FE43F60
:10776000000000000000E03F321300008012000023
:10777000000000000000103E000000000000103C6F
:10778000000000000000103A182D4454FB21F93D80
:107790003326A611460B113C00000054FB21F93D95
:1077A00010B52DED040B2DED088B82B0B0EE419A93
:1077B000F0EE619A0B9820F000449FED4BABB4F1D2
:1077C000795F11DA9DED0A0B51EC100B00F0ECFC27
:1077D000002801BFB0EE4A0AF0EE6A0A02B0BDEC22
:1077E000088B04BF04B010BD9DED0A0B53EC102BA9
:1077F00051EC100B00F060FD41EC180B3C480621E9
:10780000B0EE480AF0EE680A784400F081F853ECD4
:10781000182B51EC100B00F04FFD9DED0A0B41ECC5
:107820001B0B53EC192B51EC100B00F045FD41ECF8
:10783000190B53EC1B2B51EC180B00F03DFD53ECD6
:10784000192B00F043FE9FED2C0B41EC190B53EC70
:10785000102B51EC180B00F02FFD41EC100B2848B9
:10786000844210DA53EC192B51EC100B00F02EFE71
:1078700053EC1A2B00F01EFE41EC100B02B0BDECD5
:10788000088B04B010BD1F48A042BCBF9FED1E1B5B
:107890008DED001B06DBA4F5001001900020009088
:1078A0009DED001B51EC100B53EC112B00F00EFE64
:1078B0009DED000B41EC180B53EC102B51EC1A0B07
:1078C00000F004FE41EC1A0B53EC192B51EC180B91
:1078D00000F0FCFD53EC1A2B00F0ECFD41EC100B1A
:1078E000CCE7000000000000000000000000F03FB6
:1078F000A40F000000000000000000000000E03FB6
:107900003333D33F0000E93F000000000000D23FC6
:1079100070B504462DED028B4D1E00EBC500B0EE98
:10792000408AF0EE608A90ED000B35F0060017D02B
:1079300053EC182B51EC100B00F0BEFC41EC100B7B
:107940006D1E04EBC50090ED001B51EC100B53ECC9
:10795000112B00F025FA41EC100B35F00600E7D1B1
:10796000022D36D0042D1CD0062D1CBFBDEC028B81
:1079700070BD53EC182B51EC100B00F09DFC94EDF6
:107980000A1B53EC112B00F00BFA53EC182B00F0F0
:1079900093FC94ED081B53EC112B00F001FA41EC21
:1079A000100B53EC182B51EC100B00F085FC94EDF0
:1079B000061B53EC112B00F0F3F953EC182B00F0DD
:1079C0007BFC94ED040B53EC102B00F0E9F941EC37
:1079D000100B53EC182B51EC100B00F06DFC94EDD8
:1079E000021B53EC112B00F0DBF953EC182B00F0C9
:1079F00063FC94ED001B53EC112B00F0D1F9BDECAE
:107A0000028B41EC100B70BD31B504462DED040B1B
:107A10002DED0A8BB0EE41BAF0EE61BA0B989DEDF8
:107A20000A0B20F00040B0F1795F0DDA51EC100B39
:107A3000FFF734FA042808BF00F09AF89DED0A0B0E
:107A4000BDEC0A8B05B030BD53EC102B51EC100B84
:107A500000F032FC41EC180B9DED0A0B53EC182B97
:107A600051EC100B00F028FC41EC190B2C48B0EE47
:107A7000480AF0EE680A05217844FFF749FF9FEDB8
:107A80002ACBB0EE40AAF0EE60AA9CB353EC1C2BBC
:107A900051EC190B00F010FC41EC1C0B53EC1A2BB1
:107AA00051EC190B00F008FC9FED210B41EC190B78
:107AB00053EC102B51EC1B0B00F0FEFB53EC192B7D
:107AC00000F004FD53EC182B00F0F6FB53EC1B2BDD
:107AD00000F0FCFC53EC1C2B00F0F8FC9DED0A1BA5
:107AE00053EC112B00F0E6FCBDEC0A8B05B041EC29
:107AF000100B30BDFFE753EC1A2B51EC180B00F0C4
:107B0000DBFB53EC1C2B00F04BF953EC192B00F072
:107B1000D3FB9DED0A1B53EC112B00F041F9E3E779
:107B2000540E000000000000495555555555C5BF7D
:107B3000000000000000E03F10B553EC102B51ECAA
:107B4000100B00F02DF941EC100B10BD00000000EF
:107B50009FED050B10B553EC102B51EC100B00F002
:107B6000C7F941EC100B10BD000000000000000040
:107B70009FED050B10B553EC102B51EC100B00F0E2
:107B80009BFB41EC100B10BD00000000000000103A
:107B900030EE000A70470000DFED020A80EEA00A16
:107BA00070470000000000009FED020A20EE000A6E
:107BB00070470000000000102DE9F0014FF07F42F7
:107BC000B2EB410F9FBF4FF0FF310160BDE8F00104
:107BD00070474FF0004242EA0123C1F3C752783A9E
:107BE000551112F01F0C434CCCF120067C44C1F31C
:107BF000C752A2F178024FEA621204EB820254F8F3
:107C0000254008BFD2E9015612D0556804FA0CF499
:107C100025FA06F73C43976805FA0CF527FA06F8AB
:107C2000D26807FA0CFCF24045EA08054CEA020665
:107C3000A4FB034CA5FB0352A6FB03631D449D421A
:107C400034BF012600261319334416B1934202D9DA
:107C500003E0934201D2012200E00022624402F1DB
:107C6000200C9206DC0C42EA443200EE102A5B0340
:107C7000DFED210AF8EEC01A00EE103A4FEA9C1C24
:107C800011F0004FB8EE400AC0F800C020EE201AF4
:107C900000EE105ADFED190AB8EE400A20EE200A75
:107CA00071EE810A70EE800A10EE902A02F50062F1
:107CB0006FF30B0200EE902A70EEE11A31EEC11A5A
:107CC000DFED101A30EE411A9FED0D0A20EE800A0A
:107CD00001EE210A9FED0C1A00EE810A04BFBDE8F7
:107CE000F0017047CCF180510160BDE8F001B1EEC8
:107CF000400A7047BC0C0000000000360000802CD9
:107D000022AAFD29DB0FC92F0000C92F82B0CDE9BF
:107D1000000121F0004001909DED000B02B051ECFC
:107D2000100B704781F00041704780F000407047B1
:107D300021F00041704720F00040704721F00042E0
:107D400001F00043A2F16052B2F5801F28BFD2F1CA
:107D50007F6C0BD95FEA001C43EAC20242EB507011
:107D600018BF704728BF20F001007047B2F5801F90
:107D7000BCBF184670474FEA410C1CF5001F02D2E9
:107D8000084600F00FBD70B500F040FB0000008910
:107D9000FFF7F6BF4FF00040A0F5800070470000ED
:107DA00010B591EA030F48BF83F0004300F19683BA
:107DB000841A71EB030C05D2121943EB0C03001B60
:107DC00061EB0C014FEA1154A4EB135CDFF81CE1EA
:107DD0001EEA430F18BF9EEA445F00F0748021EA58
:107DE000045123EA0E0343F48013DCF1200E32D356
:107DF00022FA0CFE10EB0E0023FA0CFE41EB0E01F2
:107E0000CCF1200E03FA0EFE10EB0E00CCF1200E8A
:107E100051F10001B1F5801F32D201EB045112FA89
:107E20000EF2BDE8104058BF7047401C38BF5FEAF3
:107E3000420218BF7047002814BF20F0010041F132
:107E400000014FEA410313F5001F38BF7047A1F14D
:107E5000C04100F029BB012A43EB0302ACF1200C26
:107E6000DCF11F0E32BF4FF0000E23FA0CF310EBC3
:107E7000030041EB0451B4EB115FD0D0A1EB0451EE
:107E800001F58011490801EB04515FEA30000ED37F
:107E900050F1000038BF12FA0EFE08D1BDE81040C4
:107EA000C9E7401C38BF5FEA4202CAD1C3E7BDE858
:107EB00010404FEA410313F5001F38BF7047A1F18E
:107EC000C04100F0F1BA9EEA445F08D011EA5E0FAB
:107ED000BDE8104004BF01F0004100207047BDE83C
:107EE000104070B500F092FA64FBBE3E0000E0FF67
:107EF0002DE9C04130B4DFF8A8C23CEA111418BF24
:107F00003CEA131400F0F0801CEA111481EA030526
:107F100044EAD57418BF1CEA131500F0CB80A4EB1B
:107F2000050404F17F7404F500344FF0004545EA80
:107F3000C12145EAC32341EA505143EA52534FEA73
:107F4000C0204FEAC222994208BF904200F0A080B0
:107F50004FEA13650FF24816765D4FEA134506FBAC
:107F600005F7C7F1807706FB07F74FEAD737A7FB7E
:107F700003687642A7FB06CEC8F5803838BFA8F163
:107F8000010807FB08E6A6FB028C4FF0000EE6FB9B
:107F900003CED8F100086FEA0C0C5CF1000C6FEA1C
:107FA0000E0E4EF1004EA6FB0C584FF00007E6FBFC
:107FB0000E87A1FB08C6A0FB07CE16EB0E064FF0FE
:107FC000000545F10005E1FB076515F1E04E7EBFB8
:107FD000A4F580345FEA46066D4116F1800745F14D
:107FE00000054FEA172747EA05674FEA15254FEACC
:107FF0000666A6F1DE46B6F1805F20D9384605EB6D
:10800000C47124F0010C01EB0C11BCF1FE6F02D81D
:10801000F0BCBDE8008124425CBF01F5801E9EEAF1
:10802000C47F02D4F0BCBDE80081244200F1398055
:10803000A1F1C041F0BCBDE8004100F035BA4FEA03
:10804000D02040EA41504FEAD1214FEAD22242EA01
:1080500043524FEAD323A7FB028607FB036605FBC7
:1080600002661EEA0E0F58BFA6EB0056B6EB00568E
:108070004FEA520E4EEAC37E18EB0E0E56EB530E2D
:10808000BCD518EB02085E417F1C55F10005B5E731
:108090004FF480154FF000074FF000064FF0000836
:1080A000ACE701F1C04101F000414FF00000F0BC2D
:1080B000BDE800810CEA131511EA0C1F00D00CE09A
:1080C00013EA0C1F00F025804FF0000081EA030145
:1080D00001F00041F0BCBDE80081F0BCBDE800410A
:1080E00081EA030100F0E0B9F0BCBDE8004170B5E1
:1080F00000F08CF9097EFC3E00F007B84FF000005C
:1081000081EA030101F00041704781EA030100F0B8
:10811000CBB9F0BCBDE8004122494FF000007047E8
:10812000FFFDFBF9F7F5F4F2F0EEEDEBE9E8E6E43C
:10813000E3E1E0DEDDDBDAD8D7D5D4D3D1D0CFCDC3
:10814000CCCBCAC8C7C6C5C4C2C1C0BFBEBDBCBBFC
:10815000BAB9B8B7B6B5B4B3B2B1B0AFAEADACABF7
:10816000AAA9A8A8A7A6A5A4A3A3A2A1A09F9F9ED1
:108170009D9C9C9B9A999998979796959594939383
:10818000929191908F8F8E8E8D8C8C8B8B8A89891A
:10819000888887878685858484838382828181809D
:1081A0000000FF070000F87F4FEA41034FEA5353F6
:1081B000A3F58063D3F11E03C8BFD3F1210C0CDDFE
:1081C0004FF0004242EAC12242EA505232FA03FC26
:1081D0008CEAE17CACEBE1707047102BC4BF00204F
:1081E000704703F5787CBCF1FF3F04D06FF000428C
:1081F00082EA2100704770B500F008F949922480A6
:1082000000207047F2E700004FEA1153A3F58063A6
:10821000D3F11E03A8BFD3F1200C08DB4FF00042BE
:1082200042EAC12252EA505232FA03F07047094240
:108230000BD4102BC4BF0020704703F5787CBCF131
:10824000FF3F05D04FF0FF3070474FF00000704700
:1082500070B500F0DBF800BF499224800020704721
:10826000F0E710F0004248BF4042B0FA80F310FA45
:1082700003F10AD0C3F11D0303F5806302EB03523F
:108280004FEA415002EBD12170474FF00000704798
:10829000B0FA80F310FA03F10AD0C3F11D0303F51D
:1082A00080634FEA03524FEA415002EBD1217047FD
:1082B0004FF000007047000070B5DFF848C11CEABD
:1082C000111E1EBF1CEA13159EEA0C0F95EA0C0F37
:1082D00000F06F8081EA03044EEAD47EAE4421EAC6
:1082E0004C1123EA4C1341F4801143F48013AEF196
:1082F0007F7EA1FB024CA0FB0365361955EB0C05F4
:10830000A1FB034C4CF10003A0FB021C16EB0C0676
:10831000654153F10003094218BF46F0010613F40A
:10832000007F0BD14FEA03314FEA053041EA155186
:1083300040EA165034036FF003020AE04FEAC3210B
:108340004FEAC52041EA555140EA5650F4026FF019
:10835000020202EB2E4201EB025585EACE710AD0F1
:108360005FEA440C18BF24F0004450F1000041F1D2
:10837000000120EAD47040F2FE7C624500D270BD5C
:10838000A84214BF4FF080444FF04044002E08BF75
:108390000024BEF1806FA8BFA1F1C041BDE87040CC
:1083A00080F2828001F1C04101F000414FF00000F5
:1083B00070470CEA13159EEA0C0F18BF95EA0C0FD4
:1083C00006D081EA030E4FF000000EF0004170BDB0
:1083D00000F01CF88900013E00F007B800F009B871
:1083E0004FEA430C5FEA5C5C08D081EA030100F0CD
:1083F0005BB84FEA410C5FEA5C5CF6D102494FF092
:10840000000070470000FF070000F87F0EF1020E29
:108410002EF0030E5EF8046B364205D4012A43EBBE
:10842000030515F5001F12D8012841EB010C1CF5BE
:10843000001F0CD80ED14FEAD17C0CEB4C0C0CF188
:10844000020C15F5001F08BF4CEBD37C04E04FF085
:10845000080C01E04FEAD37C0CEB4C0526FA05F63C
:1084600006F00706B6F1040C06D20EEB860CBDE84A
:1084700070404CF0010C6047DFE80CF0090B020281
:108480004FF00041A1F500214FF0000070BD1946EA
:108490001046012851EB010418BFD4F5001484BF25
:1084A000002001F0004170BD0808A0F500114FEA5E
:1084B0003101704710B591EA030F81F000413FF59B
:1084C00077AC83F0004300F009B8000010B591EAE2
:1084D000030F48BF83F000433FF56AAC841A71EB89
:1084E000030C07D28CF0004C121943EB0C03001B59
:1084F00061EB0C014FEA1154A4EB135CDFF8A4E12B
:108500001EEA430F18BF9EEA445F00F0B48021EAE0
:10851000045123EA6E035242C3EB6E0338BF5B1E65
:10852000DCF1200E25D322FA0CFE10EB0E0043FAEC
:108530000CFE41EB0E01CCF1200E03FA0EFE10EB07
:108540000E00CCF1200E51F1000129D401EB0451B1
:1085500012FA0EF2BDE8104058BF7047401C1CBF15
:10856000B2F1004F704700280CBF491C20F00100F9
:10857000704712EB020E43EB030218BF4FF0010EDF
:108580004EEA4202ACF1200CDCF11E0E56D943FA41
:108590000CFE10EB0E00CCF11E0E51F1FF31D5D5C3
:1085A0000EF1010E12FA0EFE404141EB010101EB0A
:1085B000445C5FEA5C5C10D901EB045110EBDE70A7
:1085C00038BFBEF1004FBDE8104018BF704700280B
:1085D0000CBF491C20F00100704734D24FEAD42C64
:1085E00024F4006411F500111BD0B1FA81F20B3AAA
:1085F000A41AA41ED2F12003914030FA03F31943C8
:10860000904001EBCC7101EB0451002CBDE810400F
:10861000A8BF704701F1C04101F000414FF00000D8
:108620007047B0FA80F310FA03F102D1BDE81040B0
:108630007047E41A173C4805C90AE2E701EB045108
:10864000BDE81040704749104FEA300001EB04517B
:10865000BDE8104002E04FF0000170474A0008BF3B
:108660000042F8D0B2F5001F28BF704701F000416A
:108670004FF0000070479EEA445F07D011EA5E0F9A
:10868000BDE8104004BF002100207047BDE8104045
:1086900070B5FFF7BBFE00BF40DFF63E104683F02B
:1086A000004170470000E0FF43004FEAD30C4FEA5F
:1086B0003C0C43401FBF40070CF1605113F0FE4FCC
:1086C00070471CF0006F03D10CF000410020704790
:1086D0000CF0004343EA507040EACC0010B500F0C3
:1086E0000EF800BF000000924FEA0001FFF7DCBE69
:1086F0004FF00041A1F500214FF0000070470EF14E
:10870000020E2EF0030E5EF8044B244204D44FEA0E
:108710004102B2F17F4F11D84FEA4003B3F17F4FCE
:108720000CD80ED14FEAD07C0CEB4C0C0CF1020CA7
:10873000B2F17F4F08BF4CEBD17C04E04FF0080C46
:1087400001E04FEAD17C0CEB4C0324FA03F404F073
:108750000704B4F1040C06D20EEB840CBDE8104003
:108760004CF0010C6047DFE80CF0070802024FF004
:108770000040A0F5800010BD0846420018BFD2F1AD
:10878000807288BF00F0004010BDF1EE100A4FF675
:10879000FF71C0F2C03120EA010040F04070E1EE0C
:1087A000100A7047FF2141EAD050C0057047000011
:1087B0004C5555555555A53F7751C1166CC156BFFF
:1087C0009015CB19A001FA3EAD529C804F7E92BE0F
:1087D000C4B1B4BD9EEE213ED43888BEE9FAA8BD2E
:1087E00000004054FB21F93F3163621A61B4D03D6F
:1087F0000000601A61B4D03D7370032E8A19A33B48
:108800000000002E8A19A33BC14920259A837B3999
:1088100000000000000000006E83F9A22915444EFC
:10882000D15727FCC0DD34F5999562DB4190433C7C
:10883000AB6351FE61C5BBDE3A6E24B7E0D24D4258
:10884000EA2E49061C92D1091CEB1DFE3EA729B158
:10885000F53582E88444BB2E26709CE9417E5FB4E6
:1088600039D69139F43953838B5F849C3B28F9BD09
:10887000FF97F81F0F9805DE8B112FEF1F6D0A5A17
:10888000CF7E366DB709CB27663F464F2DEA5F9EF8
:10889000C7BA27757BF1E5EBF739073DEA92528AB3
:1088A000B15FFB6B085D8D1F463003560000000072
:1088B0006E83F9A22915444ED15727FCC0DD34F54B
:1088C000999562DB4190433CAB6351FE0000000090
:1088D000A6F810111111813FD561C119A0012ABF5D
:1088E0007DFEB157E31DC73EEB9C2B8AE6E55ABEE1
:1088F0007CD5CF5A3AD9E53D0000000000000000C9
:108900000102030406070809000000000102030435
:10891000000000000000000000000000000004044F
:10892000040404000004000014140A000000000005
:108930000000000000000A0A1F0A0A1F0A0A0000BD
:1089400000040E1505060C14150E04000000121587
:108950000D152E2C2A1200000000040A0A361515E7
:1089600029160000020201000000000000000000C3
:108970001008080404040404080810000204040891
:10898000080808080404020000000004150E0E1573
:108990000400000000000008083E08080000000075
:1089A00000000000000000000202010000000000C2
:1089B000003F000000000000000000000000000078
:1089C0000002000000201010080804040202010048
:1089D00000000E1111111111110E0000000004060B
:1089E00004040404040E000000000E111108040227
:1089F000011F000000000E11100C1010110E0000DD
:108A00000000080C0C0A091F081C000000001F01D0
:108A1000010F1110110E000000000C12010D1311B6
:108A2000110E000000001E100808040404040000D9
:108A300000000E11110E1111110E000000000E1198
:108A400011191610090600000000000004000000C3
:108A50000004000000000000000400000004040006
:108A600000001008040202040810000000000000CA
:108A70003F003F0000000000000002040810100842
:108A80000402000000000E1111080404000400009C
:108A900000001C22292D2D1D221C000000000404B2
:108AA0000C0A0A1E1233000000000F12120E1212DE
:108AB000120F000000001E1101010101110E000043
:108AC00000000F1212121212120F000000001F12EB
:108AD0000A0E0A02121F000000001F120A0E0A02EC
:108AE0000207000000001C1201013911120C0000E5
:108AF00000003312121E12121233000000001F0475
:108B000004040404041F000000003E0808080808CC
:108B100008080907000037120A060A121237000077
:108B20000000070202020202223F000000003B1B7D
:108B30001B1B15151535000000003B1216161A1ADE
:108B40001217000000000E1111111111110E00007A
:108B500000000F12120E02020207000000000E11A8
:108B600011111117190E180000000F12120E0A121F
:108B70001237000000001E1101060810110F00003E
:108B800000001F1504040404040E0000000033124A
:108B900012121212120C000000003312120A0A0CF8
:108BA000040400000000151515150E0A0A0A00003D
:108BB00000001B0A0A04040A0A1B000000001B0A2A
:108BC0000A0A0404040E000000001F09080404023D
:108BD000121F00001C0404040404040404041C0008
:108BE0000002020404040808081010000E08080817
:108BF0000808080808080E00040A00000000000029
:108C00000000000000000000000000000000003F25
:108C1000020400000000000000000000000000004E
:108C2000000C121C123C000000030202020E121281
:108C3000120E000000000000001C1202120C0000C6
:108C400000181010101C1212123C0000000000004E
:108C5000000C121E021C000000182404041E040450
:108C6000041E000000000000003C120C021C221C2C
:108C700000030202020E1212123700000004040068
:108C800000060404040E000000080800000C080898
:108C90000808080700030202021A0A060A13000065
:108CA0000007040404040404041F00000000000082
:108CB000000F15151515000000000000000F12121E
:108CC0001237000000000000000C1212120C00000D
:108CD00000000000000F1212120E02070000000038
:108CE000001C1212121C103800000000001B0602AB
:108CF0000207000000000000001E020C101E000011
:108D000000000004041E0404041C00000000000015
:108D1000001B1212123C000000000000001B0A0A97
:108D200004040000000000000015150E0A0A0000EF
:108D300000000000001B0A040A1B000000000000E5
:108D4000003312120C08040300000000001E080487
:108D5000041E000018080808080C08080808180075
:108D60000808080808080808080808080604040491
:108D700004080404040406001609000000000000B2
:108D800000000000000000000000000000000000E3
:108D9000000000000000000808080808080800009B
:108DA0001818000000486C241200000000000000A9
:108DB000000000000000002424247F1212127F1201
:108DC000121200000000081C2A2A0A0C1828282A5F
:108DD0002A1C080800000022251515152A5854548D
:108DE000542200000000000C1212120A76252911EC
:108DF000916E000000060604030000000000000061
:108E000000000000004020101008080808080810A2
:108E10001020400000020408081010101010100864
:108E2000080402000000000008086B1C1C6B080806
:108E30000000000000000000080808087F0808087B
:108E4000080000000000000000000000000000001A
:108E5000060604030000000000000000FE00000001
:108E60000000000000000000000000000000000002
:108E70000606000000008040402020101008080472
:108E800004020200000000182442424242424242D0
:108E900024180000000000080E0808080808080848
:108EA000083E00000000003C42424220201008041E
:108EB000427E00000000003C424220182040404218
:108EC000221C0000000000203028242422227E20C2
:108ED000207800000000007E0202021A2640404274
:108EE000221C0000000000382402021A26424242DE
:108EF000241800000000007E222210100808080834
:108F0000080800000000003C42424224182442426B
:108F1000423C000000000018244242426458404095
:108F2000241C0000000000000000181800000000D1
:108F300018180000000000000000000800000000F9
:108F40000008080400000040201008040204081073
:108F5000204000000000000000007F0000007F00B3
:108F6000000000000000000204081020402010084B
:108F7000040200000000003C424246402010100065
:108F8000181800000000001C225A555555552D4256
:108F9000221C00000000000808181414243C22427F
:108FA00042E700000000001F2222221E224242420D
:108FB000221F00000000007C424201010101014229
:108FC000221C00000000001F224242424242424254
:108FD000221F00000000003F4212121E1212024225
:108FE000423F00000000003F4212121E1212020215
:108FF000020700000000003C222201010171212231
:10900000221C0000000000E7424242427E424242EF
:1090100042E700000000003E0808080808080808A9
:10902000083E00000000007C1010101010101010FE
:109030001010110F0000007722120A0E0A121222DD
:109040002277000000000007020202020202020270
:10905000427F000000000077363636362A2A2A2A58
:109060002A6B0000000000E346464A4A5252526210
:10907000624700000000001C224141414141414142
:10908000221C00000000003F424242423E02020217
:10909000020700000000001C2241414141414D53A4
:1090A000321C60000000003F4242423E1212222267
:1090B00042C700000000007C4242020418204042E7
:1090C000423E00000000007F490808080808080820
:1090D000081C0000000000E7424242424242424275
:1090E000423C0000000000E74242222424141418ED
:1090F000080800000000006B4949494955553622CF
:1091000022220000000000E742242418181824241A
:1091100042E7000000000077222214140808080823
:10912000081C00000000007E2120101008040442EA
:10913000423F0000007808080808080808080808E6
:109140000808780000000202040408080810102033
:1091500020204040001E1010101010101010101091
:1091600010101E0000384400000000000000000045
:1091700000000000000000000000000000000000EF
:10918000000000FF000608000000000000000000D2
:1091900000000000000000000000003C4278444253
:1091A00042FC0000000000030202021A2642424272
:1091B000261A0000000000000000003844020202ED
:1091C0004438000000000060404040784442424281
:1091D00064D80000000000000000003C427E020253
:1091E000423C0000000000F08808087E08080808DB
:1091F000083E0000000000000000007C22221C024B
:109200003C42423C000000030202023A4642424213
:1092100042E700000000000C0C00000E08080808DF
:10922000083E0000000000303000003820202020E0
:109230002020221E0000000302020272120A1612EF
:10924000227700000000000E080808080808080837
:10925000083E0000000000000000007F9292929201
:1092600092B70000000000000000003B464242426E
:1092700042E70000000000000000003C4242424281
:10928000423C0000000000000000001B2642424259
:10929000221E020700000000000000784442424203
:1092A000447840E000000000000000774C04040413
:1092B000041F0000000000000000007C42023C404F
:1092C000423E0000000000000008083E08080808B0
:1092D00008300000000000000000006342424242EB
:1092E00062DC000000000000000000E742242414BB
:1092F0000808000000000000000000EB4949555537
:109300002222000000000000000000762418181837
:10931000246E000000000000000000E74224241436
:1093200018080807000000000000007E221008084E
:10933000447E000000C0202020202010202020207B
:109340002020C0001010101010101010101010105D
:10935000101010100006080808080810080808086F
:10936000080806000C32C2000000000000000000E7
:1093700000000000000000000000000000000000ED
:1093800000000000000000000000000000000000DD
:1093900000000000000000000000000000000000CD
:1093A00000000000000000000000000060006000FD
:1093B000600060006000600060004000200020004D
:1093C000200000000000000060006000600000005D
:1093D00000000000000000006006600630039801F5
:1093E00088004400000000000000000000000000B1
:1093F000000000000000000000000000000000006D
:109400000000000000000000000000001002100238
:1094100010021002FE07FE070802080108010801F9
:109420000801FE07FE070401040104010401000015
:109430000000000000000000000040004000F001BB
:1094400058034C03CC034C0058007000E000C001EE
:10945000C00140034C035C034C034801F000400092
:109460004000000000000000000000000E010A01A2
:10947000910091009100510051003A00AE03A0020A
:109480005004500448044804480484028403000043
:1094900000000000000000000000000038006C0028
:1094A0006C006C006C006C002C0098071C011A0109
:1094B000330133016301E300C308C6093C07000020
:1094C00000000000000000000C001C001000100054
:1094D0000800040000000000000000000000000080
:1094E000000000000000000000000000000000007C
:1094F00000000000000000000004000200018000E5
:1095000080004000400020002000200020002000BB
:109510002000200040004000800080000001000288
:109520000004000000000000020004000800100019
:10953000100020002000400040004000400040009B
:10954000400040002000200010001000080004002F
:109550000200000000000000000000000000000009
:109560004000C0004000460C4E0FD001F0015E0FDD
:10957000460C4000400040000000000000000000D9
:1095800000000000000000000000000000000000DB
:10959000000040004000400040004000FE0F40003E
:1095A00040004000400040000000000000000000BB
:1095B00000000000000000000000000000000000AB
:1095C000000000000000000000000000000000009B
:1095D00000000000000000000C001C001000100043
:1095E000080004000000000000000000000000006F
:1095F000000000000000000000000000FE07000066
:10960000000000000000000000000000000000005A
:10961000000000000000000000000000000000004A
:10962000000000000000000000000000000000003A
:1096300000000000000000001C001C001C000000D6
:10964000000000000000000000040006000200030B
:109650000001000180008000400040006000200008
:10966000200010001000080008000C000400060094
:109670000200000000000000000000000000F000F8
:1096800098010C030C0306060606060606060606E7
:109690000606060606060C030C039801F0000000FF
:1096A000000000000000000000000000000040007A
:1096B0007C0060006000600060006000600060008E
:1096C000600060006000600060006000FC0300005B
:1096D0000000000000000000000000000000F80092
:1096E0008401020306030603000300018001C00099
:1096F000600020001000080204020602FE030000C1
:1097000000000000000000000000000000007800E1
:10971000C6008601860180018001C00070008001C2
:10972000000100030003060306038601F8000000A1
:1097300000000000000000000000000000008001A8
:109740008001C001A001A00190018801880184016D
:109750008201FE0F8001800180018001E00700008E
:109760000000000000000000000000000000FC03FA
:1097700004000400040004000400F4008C0104034D
:10978000000300030603060382018401F8000000C1
:109790000000000000000000000000000000E001E8
:1097A00018030C030C0004000600E60116030E0665
:1097B00006060606060604060C021803F000000062
:1097C0000000000000000000000000000000F8079A
:1097D0000C0604020401000100018000800040002A
:1097E0004000400060006000600060006000000019
:1097F0000000000000000000000000000000F80170
:109800000C030606060606060C021C03F000C8013F
:109810000C0306060606060606060C03F001000009
:109820000000000000000000000000000000F00048
:109830000C010C03060206060606060606078C0641
:1098400078060006000300030C018C01780000007C
:109850000000000000000000000000000000000008
:109860000000000000000000E000E000E000000058
:109870000000000000000000E000E000E000000048
:1098800000000000000000000000000000000000D8
:109890000000000000000000600060000000000008
:1098A00000000000000000000000600060004000B8
:1098B0002000200000000000000000000004000262
:1098C0000001800040002000100008000400080093
:1098D0001000200040008000000100020004000091
:1098E0000000000000000000000000000000000078
:1098F0000000000000000000FE0700000000000063
:10990000FE07000000000000000000000000000052
:10991000000000000000000000000000040008003B
:10992000100020004000800000010002000400023E
:10993000000180004000200010000800040000002A
:109940000000000000000000000000000000E00334
:109950001806040C040C0C0C0C0C000780014000D1
:109960004000400000000000E000E000E0000000D7
:10997000000000000000000000000000E0001803EC
:109980000C02CC0564056605A605B604B604B6044B
:10999000B604B602E4010C040C021803F000000047
:1099A0000000000000000000000000000000600057
:1099B00060005000D00090009000880088010801ED
:1099C000F801040304030402020202060F0F000060
:1099D0000000000000000000000000000000FE0089
:1099E0008C030C030C030C030C038C01FC000C0314
:1099F0000C020C060C060C060C060C03FE01000003
:109A00000000000000000000000000000000E00373
:109A100018030C060C0404040600060006000600E9
:109A20000600060006040C040C021803F0000000F7
:109A300000000000000000000000000000007F00A7
:109A40008C010C030C030C060C060C060C060C0611
:109A50000C060C060C060C030C038C017F000000A6
:109A60000000000000000000000000000000FF03F4
:109A7000060306040604060086008600FE00860033
:109A8000860086000600060406040602FF030000A6
:109A90000000000000000000000000000000FF03C4
:109AA000060306040604060086008600FE00860003
:109AB0008600860006000600060006001F00000063
:109AC0000000000000000000000000000000F000A6
:109AD00018010C020C020402060006000600060033
:109AE000C60F060306030C030C031803F000000066
:109AF00000000000000000000000000000000F0F48
:109B0000060606060606060606060606FE070606FC
:109B10000606060606060606060606060F0F0000DF
:109B20000000000000000000000000000000FC0336
:109B30006000600060006000600060006000600025
:109B4000600060006000600060006000FC030000D6
:109B50000000000000000000000000000000F80706
:109B6000C000C000C000C000C000C000C000C000F5
:109B7000C000C000C000C000C000C000C000C600DF
:109B800066003C0000000000000000000000CF0361
:109B90008601C60046002600160036002E006E0024
:109BA0004600C60086008601060106038F070000F6
:109BB00000000000000000000000000000001F0086
:109BC0000600060006000600060006000600060065
:109BD000060006000600060406040602FF03000055
:109BE0000000000000000000000000000000070767
:109BF000860386038E038E034E034E034A035A03E5
:109C00005A033A0332033203320312038707000078
:109C100000000000000000000000000000008E0FA7
:109C20000C021C021C02340234026402640244026C
:109C3000C402840284038403040304031F0200009B
:109C40000000000000000000000000000000F00024
:109C500098010C030C020606060606060606060612
:109C60000606060606060C020C039801F00000002A
:109C70000000000000000000000000000000FF00E5
:109C80000603060606060606060606068603FE0008
:109C90000600060006000600060006001F00000081
:109CA0000000000000000000000000000000F000C4
:109CB00098010C030C0206060606060606060606B2
:109CC0000606060676064C02CC039801F0008007D3
:109CD0000003000000000000000000000000FF0181
:109CE000060306060606060606060603FE004600EE
:109CF000C600860086010603060306060F0E000056
:109D00000000000000000000000000000000F80259
:109D10000C030602060206000E003C00F800E003F9
:109D2000800300070206020606060C03F00100008D
:109D30000000000000000000000000000000FE071E
:109D400062046108610860006000600060006000FB
:109D5000600060006000600060006000F8010000CA
:109D600000000000000000000000000000001E07CE
:109D70000C020C020C020C020C020C020C020C0273
:109D80000C020C020C020C020C021801F000000084
:109D900000000000000000000000000000000F07AD
:109DA0000602040104010C010C01880088009800DF
:109DB000980050005000700030002000200000008B
:109DC0000000000000000000000000000000F70E8E
:109DD000620442044604460464026402E402E402AB
:109DE0009C029C019801980188018800880000006D
:109DF00000000000000000000000000000009E07BE
:109E00000C01080118019000B00060002000600003
:109E10006000D00090008801080104038E07000054
:109E200000000000000000000000000000000F0F14
:109E3000060404020C0208011801B800B00070000A
:109E4000600060006000600060006000F8010000D9
:109E50000000000000000000000000000000FC07FF
:109E60000C02060302018001800040004000200037
:109E700020001000180008040C040402FE03000077
:109E80000000000000000000E0032000200020008F
:109E900020002000200020002000200020002000C2
:109EA00020002000200020002000200020002000B2
:109EB000E0030000000000000000000004000400B7
:109EC00008000800100010001000200020004000D2
:109ED0004000C0008000800000010001000200027C
:109EE00000020004000000007C0040004000400030
:109EF0004000400040004000400040004000400062
:109F00004000400040004000400040004000400051
:109F10007C000000000060009000080100000000CC
:109F20000000000000000000000000000000000031
:109F30000000000000000000000000000000000021
:109F40000000000000000000000000000000000011
:109F50000000000000000000000000000000000001
:109F600000000000000000000000000000000000F1
:109F70000000FF0F0000000018006000000000005B
:109F800000000000000000000000000000000000D1
:109F900000000000000000000000000000000000C1
:109FA00000000000000000000000000000000000B1
:109FB0000000000000000000F0010C030C0300038F
:109FC000E0031C030E03060306038E0B7C0E000049
:109FD00000000000000000000000000008000E006B
:109FE0000C000C000C000C00CC013C031C060C0601
:109FF0000C060C060C060C060C021C03E401000007
:10A000000000000000000000000000000000000050
:10A010000000000000000000F0008C018C018601AF
:10A0200006000600060006020C020C01F00000000B
:10A030000000000000000000000000000002C0035B
:10A04000000300030003000378038C030C030603E2
:10A05000060306030603060304038C0778010000C9
:10A0600000000000000000000000000000000000F0
:10A070000000000000000000E001180308020C06C8
:10A080000C06FC070C000C0018041802E00100008C
:10A090000000000000000000000000000000C003FD
:10A0A0006006300630003000FE0130003000300025
:10A0B000300030003000300030003000FC01000083
:10A0C0000000000000000000000000000000000090
:10A0D0000000000000000000F007D8068C018C0191
:10A0E0008C019801F8000C00FC00CC030603060369
:10A0F0008E03F800000000000000000008000E00C1
:10A100000C000C000C000C00EC011C030C030C03F5
:10A110000C030C030C030C030C030C039E07000040
:10A1200000000000000000000000000000006000CF
:10A1300060000000000040007C00600060006000E3
:10A14000600060006000600060006000FC030000D0
:10A150000000000000000000000000000000C0013E
:10A16000C001000000000001F001800180018001B9
:10A1700080018001800180018001800180018001D7
:10A18000CC007C00000000000000000008000E0071
:10A190000C000C000C000C008C038C008C004C009C
:10A1A0006C005C008C008C010C010C039E0700000D
:10A1B00000000000000000000000000040007C00E3
:10A1C000600060006000600060006000600060008F
:10A1D000600060006000600060006000FC03000040
:10A1E000000000000000000000000000000000006F
:10A1F00000000000000000003707EE066606660655
:10A20000660666066606660666066606FF0F0000B8
:10A21000000000000000000000000000000000003E
:10A220000000000000000000EE011C030C030C0302
:10A230000C030C030C030C030C030C039E0700001F
:10A24000000000000000000000000000000000000E
:10A250000000000000000000F00098010C0306065A
:10A2600006060606060606060C030C03F0000000B0
:10A2700000000000000000000000000000000000DE
:10A280000000000000000000EE011C030C060C069C
:10A290000C060C060C060C060C031C03EC010C004F
:10A2A0000C003E0000000000000000000000000064
:10A2B000000000000000000078028C030C0306037D
:10A2C000060306030603060304038C037803000356
:10A2D0000003C007000000000000000000000000B4
:10A2E00000000000000000009F0358063806180018
:10A2F000180018001800180018001800FF000000CF
:10A30000000000000000000000000000000000004D
:10A310000000000000000000F0031C030C020C020F
:10A320003800F000C003040304038C03FC010000A8
:10A33000000000000000000000000000000000001D
:10A340002000200030003000FE01300030003000DE
:10A35000300030003000300030023002E0010000F8
:10A3600000000000000000000000000000000000ED
:10A3700000000000000008028E030C030C030C0315
:10A380000C030C030C030C030C039C077801000066
:10A3900000000000000000000000000000000000BD
:10A3A00000000000000000001E070C020801080168
:10A3B00018019000B000B0006000600020000000B4
:10A3C000000000000000000000000000000000008D
:10A3D0000000000000000000F70E62044604640262
:10A3E0006402EC029C0198019801980108000000A9
:10A3F000000000000000000000000000000000005D
:10A400000000000000000000BC0718011001B000AF
:10A4100060006000E0009000080108039E07000053
:10A42000000000000000000000000000000000002C
:10A4300000000000000000009E070801080108015C
:10A4400090009000B00060006000600020002000DC
:10A4500024001C00000000000000000000000000BC
:10A460000000000000000000FC018401C400440062
:10A47000600020003000180208020C03FC010000FC
:10A480000000000000000000000380008000800049
:10A49000800080008000800080004000200040009C
:10A4A00080008000800080008000800080008000AC
:10A4B0000003000040004000400040004000400019
:10A4C000400040004000400040004000400040008C
:10A4D000400040004000400040004000400040007C
:10A4E00040004000000000000C00100010001000B0
:10A4F000100010001000100010002000400020008C
:10A5000010001000100010001000100010001000CB
:10A510000C00000000001C002204C20480030000A4
:10A52000000000000000000000000000000000002B
:10A53000000000000000000000000000000000001B
:10A54000000000000000000000000000000000000B
:10A5500000000000000000000000000000000000FB
:10A5600000000000000000000000000000000000EB
:10A5700000000000000000000000000000000000DB
:10A580000000000000000000000000000000C0010A
:10A59000C001C001C001C001C001C0018000800035
:10A5A000800080008000800080000000000000002B
:10A5B00000008001C003C003800100000000000013
:10A5C00000000000000000000000E01CE01CF01E85
:10A5D000700E380718030801840000000000000016
:10A5E000000000000000000000000000000000006B
:10A5F000000000000000000000000000000000005B
:10A60000000000000000000000000000000000004A
:10A6100020102010201020102010FE7FFE7F100838
:10A62000100810081008100810081008FE7FFE7FA0
:10A6300008040804080408040804000000000000DE
:10A640000000000000000000000000000001000108
:10A65000C0076019103118311839183938017001E4
:10A66000E001C0038007000F001D003900311C31DC
:10A670001C310C310C11180DE00700010001000124
:10A6800000000000000000000000000000000000CA
:10A690001C1036186308630C6304630463026302CE
:10A6A0006301361D9C3780228063406340632063D2
:10A6B0002063306310221836081C000000000000E0
:10A6C000000000000000000000000000000000008A
:10A6D000F00098018C018C018C018C018C00CC0065
:10A6E0007800183E1C083608320863046304C3046B
:10A6F000C303834306438E26781C0000000000003D
:10A70000000000000000000000001C003C003C00B5
:10A710003000300010000C000600000000000000B7
:10A720000000000000000000000000000000000029
:10A730000000000000000000000000000000000019
:10A740000000000000000000000000400020001099
:10A750000008000C00040006000300030003800151
:10A76000800180018001800180018001800100035F
:10A770000003000300060006000C00080010002083
:10A78000004000000000000000000200040008007B
:10A790001000300020006000C000C000C000800138
:10A7A0008001800180018001800180018001C00062
:10A7B000C000C0006000600030001000080004000D
:10A7C0000200000000000000000000000000000087
:10A7D0000000000000018003800300011C713C792F
:10A7E000783DC0070001C007783D3C791C7100012D
:10A7F00080038003800100000000000000000000D2
:10A800000000000000000000000000000000000048
:10A810000000000000000001000100010001000133
:10A8200000010001FC7F00010001000100010001A6
:10A830000001000100000000000000000000000016
:10A840000000000000000000000000000000000008
:10A8500000000000000000000000000000000000F8
:10A8600000000000000000000000000000000000E8
:10A87000000000001C003C003C00300030001000D4
:10A880000C000600000000000000000000000000B6
:10A8900000000000000000000000000000000000B8
:10A8A00000000000FE7F000000000000000000002B
:10A8B0000000000000000000000000000000000098
:10A8C0000000000000000000000000000000000088
:10A8D0000000000000000000000000000000000078
:10A8E0000000000000000000000000000000000068
:10A8F000000018003C003C001800000000000000B0
:10A900000000000000000000000000400060002087
:10A910000030001000180008000C000400060002BF
:10A920000003000180018000C000400060002000A2
:10A9300030001000180008000C000400060002009F
:10A940000000000000000000000000000000000007
:10A95000C007600C30181830183018200C600C60DC
:10A960000C600C600C600C600C600C600C601820BB
:10A97000183018303018600CC007000000000000CC
:10A9800000000000000000000000000000000000C7
:10A9900000018001F80180018001800180018001B7
:10A9A000800180018001800180018001800180019F
:10A9B000800180018001C003F81F0000000000003A
:10A9C0000000000000000000000000000000000087
:10A9D000E007101C0818043004300C300C30003034
:10A9E0000018000800040002000180004000202040
:10A9F000102008200430FC1FFC1F00000000000095
:10AA00000000000000000000000000000000000046
:10AA1000E003180E0C0C0C180C180C180018000C85
:10AA20000006C003000E00180010003000300C308B
:10AA30000C300C100C18180CE00300000000000093
:10AA40000000000000000000000000000000000006
:10AA5000000C000E000E000F800E800E400E600EE7
:10AA6000200E100E100E080E040E040EFE7F000EB7
:10AA7000000E000E000E000E000EC07F0000000051
:10AA800000000000000000000000000000000000C6
:10AA9000F03FF03F10001000100008000800C80749
:10AAA000280C1818081000300030003000300C302E
:10AAB0000C3004180418080CF0030000000000001B
:10AAC0000000000000000000000000000000000086
:10AAD000800FC010203010301800180008000C0043
:10AAE0008C0F6C183C301C600C600C600C600C60AF
:10AAF0001860182030306018C00700000000000007
:10AB00000000000000000000000000000000000045
:10AB1000F83FF83F1C100C0804080404000400026D
:10AB20000002000100010001800080008000C000E0
:10AB3000C000C000C000C000C00000000000000055
:10AB40000000000000000000000000000000000005
:10AB5000E007300C18180C300C300C301C30381852
:10AB60007008E007B007180E0C1C063806300630D7
:10AB7000063006300C18180CE0030000000000003E
:10AB800000000000000000000000000000000000C5
:10AB9000E00318040C080C180610063006300630C6
:10ABA000063006380C3C1836F0310030001800181A
:10ABB00000180C0C0C060C03F00100000000000053
:10ABC0000000000000000000000000000000000085
:10ABD00000000000000000000000000000008001F4
:10ABE000C003C0038001000000000000000000005E
:10ABF00000008001C003C0038001000000000000CD
:10AC00000000000000000000000000000000000044
:10AC10000000000000000000000000000000C00074
:10AC2000C000000000000000000000000000000064
:10AC3000000000000000C000C00080008000400054
:10AC400040000000000000000000000000000020A4
:10AC5000001000080004000600038001C00060002E
:10AC6000300018000C00180030006000C0008001A7
:10AC7000000300060004000800100020000000008F
:10AC800000000000000000000000000000000000C4
:10AC90000000000000000000000000000000FE7F37
:10ACA00000000000000000000000FE7F0000000027
:10ACB0000000000000000000000000000000000094
:10ACC0000000000000000000000000000000040080
:10ACD0000800100020006000C00080010003000692
:10ACE000000C001800300018000C00060003800162
:10ACF000C0006000200010000800040000000000F8
:10AD00000000000000000000000000000000C0077C
:10AD10003018083008600C601C601C601C6000303B
:10AD2000001C000600018000800080008000000000
:10AD300000008001C003C00380010000000000008B
:10AD40000000000000000000000000000000000003
:10AD5000C0076018103018200C2F8C4D864CC64C44
:10AD6000C64C664C66446644662666266615CC1C50
:10AD70000C40082018303018C00700000000000008
:10AD800000000000000000000000000000000001C2
:10AD9000C001C001C0014001600320032003200363
:10ADA0003006100610061006F80F080C080C080CE8
:10ADB0000C0C0418041806181F7C0000000000008A
:10ADC0000000000000000000000000000000000083
:10ADD000FE07181C1838183018301830183018189A
:10ADE000180CF80718181830182018601860186028
:10ADF0001860186018301818FE0F000000000000DE
:10AE00000000000000000000000000000000000042
:10AE1000C0276038103018200C400C400400060099
:10AE200006000600060006000600060006000C40AC
:10AE30000C400C2018303018C00700000000000043
:10AE40000000000000000000000000000000000002
:10AE5000FE03180E181818301830183018601860D3
:10AE60001860186018601860186018601860183052
:10AE7000183018101818180EFE030000000000000B
:10AE800000000000000000000000000000000000C2
:10AE9000FE3F1830182018601840180018081808CD
:10AEA000180CF80F180C18081808180018001800CB
:10AEB0001840184018201830FE3F00000000000025
:10AEC0000000000000000000000000000000000082
:10AED000FE7F1870184018C018801800181018103D
:10AEE0001818F81F18181810181018001800180053
:10AEF00018001800180018007E0000000000000074
:10AF00000000000000000000000000000000000041
:10AF1000C013701C101018100C200C200400060028
:10AF2000060006000600060006FC063006300C305F
:10AF30000C30183018303008C00700000000000046
:10AF40000000000000000000000000000000000001
:10AF50003F7E0C180C180C180C180C180C180C1838
:10AF60000C180C18FC1F0C180C180C180C180C18CA
:10AF70000C180C180C180C183F7E00000000000084
:10AF800000000000000000000000000000000000C1
:10AF9000F81F800180018001800180018001800113
:10AFA0008001800180018001800180018001800199
:10AFB0008001800180018001F81F00000000000076
:10AFC0000000000000000000000000000000000081
:10AFD000E07F0006000600060006000600060006E8
:10AFE0000006000600060006000600060006000631
:10AFF0000006000600060006000600060E060E0308
:10B000008E01FC00000000000000000000000000B5
:10B010007E7C1818180818041806180218019801E0
:10B020009801D801B803380318071806180E180C31
:10B03000181C1818183018307EFC000000000000A2
:10B040000000000000000000000000000000000000
:10B050007E001800180018001800180018001800CA
:10B060001800180018001800180018001800180020
:10B070001840184018201830FE3F00000000000063
:10B0800000000000000000000000000000000000C0
:10B090001FF81C381C381C381C3C3434343434340D
:10B0A000343674326432643264326431C431C4314F
:10B0B000C431C430C43084309FFC00000000000064
:10B0C0000000000000000000000000000000000080
:10B0D0001F7C1C103C103410341074106410E410E9
:10B0E000C410C41184118413041304170416041E1D
:10B0F000041C041C041C04181F180000000000009D
:10B10000000000000000000000000000000000003F
:10B11000C003300C181808100C300C3006600660A4
:10B1200006600660066006600660066006600C2029
:10B130000C3008101818300CC0030000000000008C
:10B1400000000000000000000000000000000000FF
:10B15000FE0F181818301860186018601860186012
:10B1600018301818F80F18001800180018001800E8
:10B1700018001800180018007E00000000000000F1
:10B1800000000000000000000000000000000000BF
:10B19000C003300C18180C100C300C200660066030
:10B1A0000660066006600660066006600660E46190
:10B1B0002C331C321816300EC007004C007C0038AF
:10B1C000000000000000000000000000000000007F
:10B1D000FE07181C18381830183018301830181896
:10B1E000180CF80798031803180718061806180E05
:10B1F000180C180C181C18187E78000000000000AD
:10B20000000000000000000000000000000000003E
:10B21000E027303818300C200C200C000C001800EF
:10B220007800E003800F001E0038007000600460AA
:10B230000460086018303818C80F000000000000D3
:10B2400000000000000000000000000000000000FE
:10B25000FC3F8C2184618241824180018001800118
:10B2600080018001800180018001800180018001D6
:10B270008001800180018001E007000000000000E3
:10B2800000000000000000000000000000000000BE
:10B290003F7C0C100C100C100C100C100C100C102F
:10B2A0000C100C100C100C100C100C100C100C10BE
:10B2B0000C100C1008083804E00300000000000027
:10B2C000000000000000000000000000000000007E
:10B2D0003EF8182018201820301030103010301090
:10B2E000600860086008E00CC004C004C00480036B
:10B2F00080038003800300010001000000000000C3
:10B30000000000000000000000000000000000003D
:10B31000DFF38661862186218C210C218C238C13FE
:10B320008C138C134C1358125816580E380E380EB6
:10B33000380E300C1004100410040000000000004F
:10B3400000000000000000000000000000000000FD
:10B350007E3E180838083004300470026002E001B4
:10B36000C001C00180018003400340072006200681
:10B37000100C100C081808183E7C0000000000009B
:10B3800000000000000000000000000000000000BD
:10B390007E7C1C10181018083008300C70046004F3
:10B3A0006002C002C002C0018001800180018001F2
:10B3B0008001800180018001E007000000000000A2
:10B3C000000000000000000000000000000000007D
:10B3D000F83F18180818040C040E000600070003B4
:10B3E00080038001C001C000E000600070003000F8
:10B3F000382018201C100C18FE1F00000000000050
:10B4000000000000000000000000C03F40004000BD
:10B41000400040004000400040004000400040002C
:10B42000400040004000400040004000400040001C
:10B430004000400040004000400040004000C03F4D
:10B4400000000000000000000000000000000800F4
:10B45000180018001000300020006000600040005C
:10B46000C00080008001800100010003000200068E
:10B4700000060004000C000800180018001000303E
:10B4800000200000000000000000FC030002000299
:10B49000000200020002000200020002000200029C
:10B4A000000200020002000200020002000200028C
:10B4B0000002000200020002000200020002FC037F
:10B4C000000000000000000000008007C006200807
:10B4D000101000000000000000000000000000004C
:10B4E000000000000000000000000000000000005C
:10B4F000000000000000000000000000000000004C
:10B50000000000000000000000000000000000003B
:10B51000000000000000000000000000000000002B
:10B52000000000000000000000000000000000001B
:10B53000000000000000000000000000000000000B
:10B540000000FFFF0000000000007800C0000001C4
:10B5500000000000000000000000000000000000EB
:10B5600000000000000000000000000000000000DB
:10B5700000000000000000000000000000000000CB
:10B5800000000000000000000000000000000000BB
:10B590000000000000000000000000000000F003B8
:10B5A00018060C0C0C0C000C800F700C1C0C0C0CF6
:10B5B000060C060C064C0C4FF8380000000000008A
:10B5C000000000000000000000000000000010006B
:10B5D0001E00180018001800180018001800180F96
:10B5E000D818383038601860186018601860186013
:10B5F0001860182038307818C807000000000000D4
:10B60000000000000000000000000000000000003A
:10B610000000000000000000000000000000C00763
:10B62000700C181818180C180C000C000C000C00EA
:10B630000C20182018103008C0070000000000007F
:10B6400000000000000000000000000000000010EA
:10B65000001E001800180018001800180018E01B41
:10B66000301C181818180C180C180C180C180C187A
:10B670000C180818181C307AE009000000000000BF
:10B6800000000000000000000000000000000000BA
:10B690000000000000000000000000000000C007E3
:10B6A000300C181808100C300C30FC3F0C000C004B
:10B6B0000C00182018107018C007000000000000CF
:10B6C000000000000000000000000000000000007A
:10B6D000003E80C380C0C0C0C000C000C000FC1FCE
:10B6E000C000C000C000C000C000C000C000C0005A
:10B6F000C000C000C000C000F80F00000000000043
:10B700000000000000000000000000000000000039
:10B710000000000000000000000000000000C077F2
:10B72000306C10181818181818181018300CF0076A
:10B7300018001800F00FF03F08700C600C600C60EF
:10B740003838E00F0000000000000000000010008A
:10B750001E00180018001800180018001800980F94
:10B76000D8183830183018301830183018301830D1
:10B7700018301830183018307EFC0000000000002F
:10B7800000000000000000000000000000000000B9
:10B790008003800380030000000000000001F80126
:10B7A0008001800180018001800180018001800191
:10B7B0008001800180018001F81F0000000000006E
:10B7C0000000000000000000000000000000000079
:10B7D0000038003800380000000000000010801F12
:10B7E0000018001800180018001800180018001899
:10B7F0000018001800180018001800180018180C7D
:10B800001806F00300000000000000000000100017
:10B810001E00180018001800180018001800183E24
:10B82000180C1806180318019801D80138031807D6
:10B830001806180C181C18187E7C00000000000068
:10B8400000000000000000000000000000000001F7
:10B85000F801800180018001800180018001800168
:10B8600080018001800180018001800180018001D0
:10B870008001800180018001F81F000000000000AD
:10B8800000000000000000000000000000000000B8
:10B890000000000000000000000000000800EE1C96
:10B8A0009C338C318C318C318C318C318C318C319E
:10B8B0008C318C318C318C31DE7B0000000000003B
:10B8C0000000000000000000000000000000000078
:10B8D00000000000000000000000000010001E0F2B
:10B8E000D818383018301830183018301830183050
:10B8F00018301830183018307EFC000000000000AE
:10B900000000000000000000000000000000000037
:10B910000000000000000000000000000000C00760
:10B92000701C103018300C600C600C600C600C60E7
:10B930000C60183018303018C007000000000000FC
:10B9400000000000000000000000000000000000F7
:10B9500000000000000000000000000010009E0F2A
:10B96000581838301820186018601860186018606F
:10B970001860183038307818980718001800180028
:10B9800018007E0000000000000000000000000021
:10B990000000000000000000000000000000C023C4
:10B9A000303C183818300C300C300C300C300C3067
:10B9B0000C3008301838303CE033003000300030B4
:10B9C000003000FC0000000000000000000000004B
:10B9D00000000000000000000000000060007E3C4D
:10B9E00060666061E000E000600060006000600090
:10B9F0006000600060006000FE07000000000000C2
:10BA00000000000000000000000000000000000036
:10BA10000000000000000000000000000000E0271F
:10BA200030381830182018007000E003800F001C18
:10BA3000043004300C301C18EC0F00000000000033
:10BA400000000000000000000000000000000000F6
:10BA500000000000800080008000C000E000FC1FAB
:10BA6000C000C000C000C000C000C000C000C000D6
:10BA7000C000C020C0208011000F000000000000A6
:10BA800000000000000000000000000000000000B6
:10BA900000000000000000000000000010201E3C1C
:10BAA0001830183018301830183018301830183056
:10BAB00018301830183830F4E0130000000000008F
:10BAC0000000000000000000000000000000000076
:10BAD00000000000000000000000000000007E3CAC
:10BAE0001818180838083004300470026002600228
:10BAF000E001C001C001C0008000000000000000A3
:10BB00000000000000000000000000000000000035
:10BB10000000000000000000000000000000DFF74F
:10BB20008E630C238C238C23981398135816581665
:10BB3000700E700E700E2004200400000000000043
:10BB400000000000000000000000000000000000F5
:10BB50000000000000000000000000000000FC3EAB
:10BB600070087004E004C002C00180038003400735
:10BB70006006200C100C18183E7E0000000000002B
:10BB800000000000000000000000000000000000B5
:10BB900000000000000000000000000000007E7CAB
:10BBA0001818180830083008300460046004C00217
:10BBB000C002C002800180018001800080008000FE
:10BBC0004C003C00000000000000000000000000ED
:10BBD0000000000000000000000000000000FC1F4A
:10BBE0000C0C040E0406000380038001C000E0007A
:10BBF0007020302038301C18FC1F000000000000AE
:10BC000000000000000000000000003000080004F8
:10BC10000004000400040004000400040004000404
:10BC2000000400028001000200040004000400047B
:10BC300000040004000400040004000400040008E0
:10BC400000300000000100010001000100010001BE
:10BC500000010001000100010001000100010001DC
:10BC600000010001000100010001000100010001CC
:10BC700000010001000100010001000100010001BC
:10BC8000000100010000000000000C001000200076
:10BC900020002000200020002000200020002000A4
:10BCA00020004000800140002000200020002000F3
:10BCB0002000200020002000200020002000100094
:10BCC0000C00000000003800C40086400261002221
:10BCD000001C000000000000000000000000000048
:10BCE0000000000000000000000000000000000054
:10BCF0000000000000000000000000000000000044
:10BD00000000000000061016000610162C006465E6
:10BD10006661756C745461736B007D04017C000274
:10BD200040AB034100055308065804070F000810F4
:10BD3000820911000A15800B16000C18010D000075
:10BD400060BD00080000002038000000EC01000881
:10BD500098BD000838000020807700000C02000821
:10BD6000E7416B3A58A08B3A0024F400CDCC4C3D0F
:10BD7000CDCC4C3DCDCC4C3D01000000100000006E
:10BD8000AAAAAAAA544E0020AC4E0020044F0020BC
:08BD90005C4F002000000000E0
:040000050800018965
:00000001FF
