:100000000C947A120C94AB120C94AB120C94AB12AD
:100010000C94AB120C94AB120C94AB120C94AB126C
:100020000C94AB120C9478500C9426510C94FE5006
:100030000C94AB120C94AB120C94AB120C94AB124C
:100040000C94AB120C94AB120C94AB120C94AB123C
:100050000C94AB120C94AB120C94AB120C94BA4DE2
:100060000C94AB120C942A4F0C94004F0C94AB12CE
:100070000C94AB120C94AB120C94AB120C94AB120C
:100080000C94AB120C94AB120C94AB120C94AB12FC
:100090000C94D64E0C94AC4E0C94AB120C94544F62
:1000A0000C94AB120C94AB120C94AB120C94AB12DC
:1000B0000C94AB120C94AB120C94AB120C94AB12CC
:1000C0000C94AB120C94AB120C94AB120C94824EA9
:1000D0000C94584E0C94AB120C942E4E0C94044E6F
:1000E0000C94AB120C94FE580C948F280C94DE44A4
:1000F0000C944F240C9452130C94A5240C94E524D6
:100100000C94EC570C944A130C9481290C94782489
:100110000C940B450C947E210C94A3580C949621BE
:100120000C9460570C94B2580C94C21F0C949B15FD
:100130000C94F9580C9408160C947B130C94F157FA
:100140000C94BD570C94DE270C94E8580C94401383
:100150000C94C3180C94173D0C94CD290C94C257E1
:100160000C9403590C94B1280C9477130C94D51962
:100170000C94E8150C94DC280C945F130C94ED5847
:100180000C94062A0C9417580C9467570C948A21E7
:100190000C947F580C941E2A0C94FB170C94971403
:1001A0000C94F01E0C94CC280C9477440C94225799
:1001B0000C9485130C9448190C943F570C94B6205A
:1001C0000C94D8280C940B580C9455130C944E1383
:1001D0000C9468250C9455580C9432280C94712476
:1001E0000C943A570C9451570C9470580C942B580B
:1001F0000C9419280C94AA450C9445150C94D428F9
:100200000C944A580C9476570C9481130C948E5885
:100210000C94AE570C944B280C941A290C94B95892
:100220000C941C580C94061C0C94AD580C94B857A4
:100230000C949D210C9480130C94A9570C94731367
:100240000C94F7290C945F580C94761B0C94B61CF4
:100250000C9417450C949F230C9410250C94B357C1
:100260000C9402450C9496140C94FF240C94D858CA
:100270000C94F9440C945B130C9464580C9457142C
:100280000C9456570C9410580C9414150C949C44D0
:100290000C9469130C94D4240C949F450C94EF583F
:1002A0000C94A8580C94E3580C94403D0C94965729
:1002B0000C947A580C945B570C946D210C94433D2C
:1002C0000C9413590C940D590C945E240C9475588D
:1002D0000C946D280C94D0280C946D130C943D163E
:1002E0000C94D2430C9465130C943F3D0C94371539
:1002F0000C94D9570C941B570C9495140C942315FB
:100300000C9404580C945A580C948F440C944E51ED
:100310000C941E290C94B7580C9469580C944857A7
:100320000C94F0440C94F2580C94C4570C942B5732
:100330000C94E7440C9499200C947B570C94085926
:100340000C9400280C94A1580C94DD290C944613AD
:100350000C94F6570C946E210C949E4C0C94BF1B7D
:100360000C942120207E010100000000000000000C
:100370000000005F5F0000000007070007070000A3
:10038000147F7F1C7F7F140000242A7F7F2A1200A5
:10039000466630180C666200307A4F5D377A480046
:1003A000000000070700000000001C3E6341000041
:1003B000000041633E1C0000082A3E1C1C3E2A0827
:1003C0000008083E3E080800000080E060000000D1
:1003D000000808080808080000000060600000002D
:1003E0006030180C060301003E7F5149457F3E00F6
:1003F0000040427F7F40400000727B49496F6600A9
:1004000000226149497F36001814527F7F50100046
:1004100000276F4949793300003E7F49497B32000C
:10042000000301717D0F070000367F49497F3600C8
:1004300000266F49497F3E000000006C6C00000000
:10044000000080EC6C00000000081C3663410000D6
:100450000024242424242400004163361C080000C6
:1004600000020351590F06003E7F415D5D5F1E0093
:10047000007C7E13137E7C00417F7F49497F3600DC
:100480001C3E634141632200417F7F41633E1C006B
:10049000417F7F495D416300417F7F491D0103002A
:1004A0003C7E434151737200007F7F08087F7F00CC
:1004B0000041417F7F414100307040417F3F01005A
:1004C000417F7F081C776300417F7F41406070005F
:1004D0007F7F0E1C0E7F7F007F7F060C187F7F00C2
:1004E0001C3E6341633E1C00417F7F4909070600B3
:1004F0003C7E4351336E5C00417F7F09193F6600AB
:1005000000266F49497B32000003417F7F41030091
:10051000003F7F40407F3F00001F3F60603F1F0063
:100520007F7F3018307F7F0061731E0C1E73610067
:1005300000074F78784F0700476371594D67730084
:1005400000007F7F414100000103060C183060006D
:10055000000041417F7F0000080C0603060C0800E4
:100560008080808080808080000002060C0800006F
:10057000207454543C784000433F7F44447C38000E
:1005800000387C44446C2800387C44453F7F400060
:1005900000387C54545C180000487E7F49030200F8
:1005A0000098BCA4A4FC7C00417F7F08047C7800F8
:1005B0000000447D7D4000000060E08084FC7D0000
:1005C000417F7F10386C44000000417F7F40000075
:1005D000787C0C380C7C7800047C780404787800F3
:1005E00000387C44447C380084FCF8A4243C180087
:1005F000183C24A4F8FC8400447C78440C080000D7
:1006000000485C545474200000043F7F4464200080
:10061000003C7C40407C7C00001C3C60603C1C003A
:100620003C7C6038607C3C00446C3810386C440082
:10063000009CBCA0A0FC7C00004C64745C4C44009A
:10064000004141773E0808000000007F7F00000065
:100650000008083E77414100020301030201010046
:10066000207E0204000000000000000000000000E6
:10067000000000000000000000000000000000007A
:10068000000000000000000000000000000000006A
:10069000000000000000000000000000000000005A
:1006A0000000000000000000000038FCFCF8000022
:1006B0000000000000000000000000FFFFFF00003D
:1006C00000000000000000000000C0E3E3C30000E1
:1006D0000000000000000000000000010100000018
:1006E0000000000000000000FCFCF8000000FCFC22
:1006F000F8000000000000000303030000000303F3
:1007000003000000000000000000000000000000E6
:1007100000000000000000000000000000000000D9
:10072000000000000000000000E0F030000000F0D9
:10073000F010000000060606E6FF3F060606F6FF7C
:100740001F060606000606C6FF3F060606E6FF3F32
:100750000606060000000001010000000001010083
:1007600000000000000080C0E07030FCFCFC306045
:10077000E04000000000070F1F3830FFFFFF60E07F
:10078000C08000000000307060C0C0FFFFFFE0705C
:100790007F3F06000000000000000003030300008C
:1007A00000000000C0E0F03030F0E0C0000000C009
:1007B000F070100003070F0C0C0F87E3783E0F0357
:1007C000000000000000C0F07C1E07017CFEFF83DB
:1007D00083FFFE7C00010100000000000000010119
:1007E00001010000000000C0E0E070303070E0C0A7
:1007F0000000000000000083CFDF78F0F09C1F0FA6
:1008000001008000003C7FFFC180808081C7EF7EB7
:1008100038FCEFC7000000000101010101000000E9
:100820000000010000000000000000FCFCF80000D7
:1008300000000000000000000000000303030000AF
:1008400000000000000000000000000000000000A8
:100850000000000000000000000000000000000098
:100860000000000000000000000000C0E070303810
:100870001C08000000000000F0FEFF07010000005F
:1008800000000000000000000F7FFFE0800000007B
:100890000000000000000000000001030F1E1C38D3
:1008A0007020000000001C383070E0C080000000A4
:1008B0000000000000000000000001031FFEF8809F
:1008C000000000000000000000000080F0FF3F0377
:1008D0000000000000007038381C0F070300000003
:1008E0000000000000000000000000808000000008
:1008F00000000000001818183030A0FFFFA03030B2
:10090000181818000000081C1E0703000003071E2B
:100910000C080000000000000000000000000000C3
:100920000000000000000000000000808080000047
:100930000000000000606060606060FFFFFF6060BA
:1009400060606000000000000000001F1F1F00002A
:100950000000000000000000000000000000000097
:100960000000000000000000000000000000000087
:100970000000000000000000000000000000000077
:10098000000000000000000000C0E0E0C0800000A7
:1009900000000000000000000030390F07010000D7
:1009A0000000000000000000000000000000000047
:1009B0000000000000006060606060606060606077
:1009C0006060600000000000000000000000000007
:1009D0000000000000000000000000000000000017
:1009E0000000000000000000000000000000000007
:1009F00000000000000000000000000000000000F7
:100A000000000000000000000000C0E0E0C00000A6
:100A100000000000000000000000000101000000D4
:100A20000000000000000000000000000000C0F016
:100A30007C18000000000000000080E0F83E0F037A
:100A400000000000000080E0F83E0F0300000000FE
:100A50000000000000000303000000000000000090
:100A600000000000000000C0E0E07030303060E0C6
:100A7000C000000000FCFFFF010080C060380C07D0
:100A8000FFFFF80000071F7FFEE7C38080C0C0F0B3
:100A90007F1F0700000000000000010101010000AD
:100AA00000000000000080C0C06060F0F0F00000B6
:100AB0000000000000000000000000FFFFFF000039
:100AC0000000000000000000000000FFFFFF000029
:100AD0000000000000000000000000010101000013
:100AE00000000000000080C0E0603030303070E076
:100AF000C080000000000000000000000080C0F086
:100B00007F1F0600000080E0F0BC9E87838181800B
:100B1000808080000000010101010101010101014B
:100B20000101010000000060607030303070E0E0D2
:100B3000C0000000000000000060606060F0F8DFAE
:100B40008F020000000040E0C080808080C0E1FF94
:100B50007F1E0000000000000001010101010000F3
:100B6000000000000000000000000000C0E0F0F005
:100B700000000000000080C070380E0701FFFFFF7A
:100B800000000000000607070606060606FFFFFF36
:100B90000606060000000000000000000001010140
:100BA00000000000000000F0F0F030303030303055
:100BB000303000000000007F7F3F18181818387888
:100BC000F0E0800000006060E0C080808080C0E0D5
:100BD000FF7F1F0000000000000101010101010072
:100BE0000000000000000000C0E060703030307095
:100BF000606000000000FCFFFF71301818183878A2
:100C0000F0E0800000000F3F7FE0C0808080C0E007
:100C1000FF7F1F0000000000000001010101010032
:100C20000000000000003030303030303030B0F0A4
:100C3000F03000000000000000000080F0FC3F07E2
:100C4000010000000000000080F0FC3F07000000F1
:100C50000000000000000000010101000000000091
:100C600000000000000080C0E07030303070E0E034
:100C7000C00000000000079FDF7870206070F89FC0
:100C80008F030000003E7FFFE0C080808080C0E1D5
:100C90007F3F080000000000000101010101010088
:100CA00000000000000000C0E0E07030303070E074
:100CB000C080000000001F7FFFC0C0808080C0C0D7
:100CC000FFFFFE00000000C0C0C0818181C1C0F0F4
:100CD0007F1F07000000000000010101010100006A
:100CE0000000000000000000000000000000000004
:100CF00000000000000000000000183C3C1800004C
:100D000000000000000000000000C0E0E0C00000A3
:100D100000000000000000000000000101000000D1
:100D200000000000000000000000000000000000C3
:100D3000000000000000000000183C3C180000000B
:100D4000000000000000000000C0E0E0C0800000E3
:100D500000000000000000000030390F0701000013
:100D60000000000000000000000000000000008003
:100D700080C0C00060F0F0B8981C0C0E060703039A
:100D80000101000000000001030307060E0C1838E3
:100D90003070600000000000000000000000000053
:100DA0000000000000000000000000000000000043
:100DB00000000000000C0C0C0C0C0C0C0C0C0C0CAF
:100DC0000C0C0C00000606060606060606060606BD
:100DD0000606060000000000000000000000000001
:100DE0000000000000C0C080800000000000000083
:100DF0000000000000000101030307060E0C1C9810
:100E0000B8F0F06000607038181C0C0E0607030183
:100E100001000000000000000000000000000000D1
:100E20000000000000207038181C0C0C0C1C18F876
:100E3000F0C0000000000000000080E0F0781C1FFF
:100E40000F030000000000000000C3E3E3C0000047
:100E50000000000000000000000000010100000090
:100E600000000000000080C0E06070303030706032
:100E7000E0C00000FCFFFF0300F0F8FC0E060606D1
:100E8000FFFFFF00031F3F78E0C1C387878686C34B
:100E9000C1870700000000000000010101010101FD
:100EA00000000000000000000000C0F8E0000000AA
:100EB0000000000000000080F07E0F01073FFCE012
:100EC0000000000080F0FE1F070606060606070F5A
:100ED0003FFCE08001010000000000000000000075
:100EE0000001010100F0F0F030303030303070E0BF
:100EF000E0C0000000FFFFFF606060606060F0F82D
:100F00009F8F030000FFFFFF808080808080C0C132
:100F1000FF7F3E000001010101010101010101000B
:100F20000000000000000080C0E0607030303070D1
:100F300060E0C08000FCFFFF030000000000000034
:100F40000000010100071F3F78E0C0C0808080C022
:100F5000C0E060200000000000000001010101016C
:100F60000000000000F0F0F0303030303070E0E091
:100F7000C000000000FFFFFF0000000000000001B3
:100F8000FFFFFC0000FFFFFF8080808080C0E070DA
:100F90003F1F0700000101010101010101010000E3
:100FA0000000000000F0F0F03030303030303030F1
:100FB0003030000000FFFFFF6060606060606060D4
:100FC0006000000000FFFFFF8080808080808080C4
:100FD0008080000000010101010101010101010106
:100FE000010100000000F0F0F030303030303030DF
:100FF000303030000000FFFFFF3030303030303014
:10100000300000000000FFFFFF00000000000000B3
:1010100000000000000001010100000000000000CD
:101020000000000000000080C0E060303030307010
:1010300060E0C08000FCFFFF010000000000808035
:101040008080818000071F3F78E0C0C08080818160
:10105000C1FFFF7F0000000000000001010101014D
:101060000100000000F0F0F00000000000000000AF
:10107000F0F0F00000FFFFFF6060606060606060A3
:10108000FFFFFF0000FFFFFF000000000000000066
:10109000FFFFFF0000010101000000000000000050
:1010A00001010100000030303030F0F0F03030301D
:1010B00030000000000000000000FFFFFF00000003
:1010C00000000000000080808080FFFFFF808080A3
:1010D0008000000000000101010101010101010186
:1010E00001000000000000000030303030F0F0F06F
:1010F00030303000000000000000000000FFFFFF63
:10110000000000000040E0C0808080C0E0FF7F0F52
:1011100000000000000000010101010100000000CA
:101120000000000000F0F0F0000000000080C0E0CF
:101130007030100000FFFFFF6070F8DE8F030100C9
:101140000000000000FFFFFF00000003070F3C78D5
:10115000F0C080000001010100000000000000005C
:10116000010101010000F0F0F000000000000000AB
:10117000000000000000FFFFFF0000000000000072
:10118000000000000000FFFFFF80808080808080E2
:1011900080808000000001010101010101010101C5
:1011A0000101010000F0F0E08000000000000000FC
:1011B000C0F0F0F000FFFFFF071E78E0C0F03C0F2A
:1011C00003FFFFFF00FFFFFF00000001030000001E
:1011D00000FFFFFF0001010100000000000000000F
:1011E0000001010100F0F0F0C080000000000000EC
:1011F000F0F0F00000FFFFFF030F3E78E0C00000BA
:10120000FFFFFF0000FFFFFF0000000001071F7C41
:10121000FFFFFF00000101010000000000000000CE
:10122000000101000000C0C0E0703030303070E0DC
:10123000C0800000FCFFFF01000000000000000073
:1012400003FFFFF0071F3F70E0C080808080C0E098
:10125000783F1F01000000000001010101010100B1
:101260000000000000F0F0F03030303030307060BE
:10127000E0C0000000FFFFFFC0C0C0C0C0C0E06011
:101280007F3F1F0000FFFFFF000000000000000084
:10129000000000000001010100000000000000004B
:1012A000000000000000C0C0E0703030303060E06E
:1012B000C0800000FCFFFF010000000000000000F3
:1012C00003FFFFF0073F7FF0C0808080808080E0D8
:1012D000F87F1F01000000000101071F3F39313175
:1012E0003030300000F0F0F030303030303070E02E
:1012F000E0C0000000FFFFFFC0C0C0C0C0C0E07081
:101300007F1F060000FFFFFF00000000030F1E7C90
:10131000F0C000000001010100000000000000001A
:1013200001010100000080C0E060703030303060AA
:10133000E0C000000000071F1F38307060E0C0C030
:1013400080800000004070E0C0C080808080C0C10C
:10135000E37F3F0C000000000001010101010100DA
:1013600000000000303030303030F0F0F0303030FD
:1013700030303000000000000000FFFFFF000000E0
:1013800000000000000000000000FFFFFF00000060
:10139000000000000000000000000101010000004A
:1013A0000000000000F0F0F000000000000000006D
:1013B000F0F0F00000FFFFFF000000000000000060
:1013C000FFFFFF00001F7FFFE0C080808080C0E043
:1013D000FF7F1F000000000000010101010101006A
:1013E0000000000010F0F0C000000000000000004D
:1013F00080F0F0100000073FFEF080000000E0FCED
:101400003F0700000000000000073FFCF87F0F01CD
:1014100000000000000000000000000101000000CA
:1014200000000000F0F0C00000000080C0000000DC
:101430000000F0F0003FFFF000C0F83F1FFFF08019
:1014400000FE7F0100000FFFFC1F010000000FFFE6
:10145000FF1F00000000000101000000000000006C
:1014600001000000001070F0C0000000000000C08B
:10147000F070100000000001070FBEF8F8FE0F0327
:10148000010000000000C0F07C1F070303071F7C61
:10149000F0E08000000101010000000000000000F9
:1014A000000101000030F0E08000000000000000BA
:1014B000E0F07000000000030F3EF8F0C0F07C1F69
:1014C0000701000000000000000000FFFFFF000017
:1014D0000000000000000000000000010101000009
:1014E000000000000000303030303030303030B09C
:1014F000F0F0300000000000000080E0F07C1E07EB
:10150000030000000080E0F0FC9E8F8380808080DC
:101510008080800000010101010101010101010140
:101520000101010000000000FCFCFC0C0C0C0C0C88
:101530000C0C000000000000FFFFFF000000000096
:101540000000000000000000FFFFFF00000000009E
:1015500000000000000000000F0F0F0C0C0C0C0C22
:101560000C0C0000000018FCF0C00000000000009F
:101570000000000000000000030F3FF8E0800000C2
:10158000000000000000000000000000030F3EF813
:10159000E0800000000000000000000000000000EB
:1015A0000303000000000C0C0C0C0C0C0C0CFCFCDD
:1015B000FC00000000000000000000000000FFFF31
:1015C000FF00000000000000000000000000FFFF1E
:1015D000FF00000000000C0C0C0C0C0C0C0C0F0F8E
:1015E0000F000000000000000000C0E0F0C080001C
:1015F00000000000000000181C0F030100030F3E54
:1016000018000000000000000000000000000000C2
:1016100000000000000000000000000000000000CA
:1016200000000000000000000000000000000000BA
:1016300000000000000000000000000000000000AA
:10164000000000000000000000000000000000009A
:10165000000000000C0C0C0C0C0C0C0C0C0C0C0CFA
:101660000C0C0C0000000000F0E080000000000006
:10167000000000000000000001070F3E780000009D
:10168000000000000000000000000000000000005A
:10169000000000000000000000000000000000004A
:1016A000000000000000000000000000000000003A
:1016B000000000000000000C0C8E868686868E8C52
:1016C000FCF8E000003CFEFFC383818181C1E17131
:1016D000FFFFFF0000000000010101010100000008
:1016E0000101010000FCFCFC000000000000000003
:1016F0000000000000FFFFFF080C0606060E0E1C8F
:10170000FCF0C00000FFFF7FC0C0808080C0C0E050
:101710007F3F0F00000101000000010101010100F5
:1017200000000000000000000000000000000000B9
:101730000000000000C0F0F81C0C0E060606060EA5
:101740001C3C0800000F3F7FF0C0C080808080C03C
:10175000C0E04000000000000000010101010101A3
:101760000000000000000000000000000000000079
:10177000FCFCFC0000E0F8FC1C0E060606060C183B
:10178000FFFFFF00000F3FFFE0C080808080C0703F
:10179000FFFFFF0000000000000101010101000047
:1017A0000101010000000000000000000000000036
:1017B0000000000000C0F0F89C8E868686868E8C25
:1017C000F8F00000000F3F7FE1C1C181818181C13C
:1017D000C141000000000000000001010101010002
:1017E000000000000000000080F0F8381C0C0C0C19
:1017F0001C183800000C0C0CFFFFFF0C0C0C0C0C20
:101800000000000000000000FFFFFF0000000000DB
:1018100000000000000000000101010000000000C5
:1018200000000000000000000000000000000000B8
:101830000000000000C0F8FC1C0E0606060E1CF896
:10184000FC4606060000737FFFCECCCCCCCEC7C7CB
:10185000C3808000001C3F3F7170606060606070FA
:10186000393F1F060000FCFCFC00000000000000E7
:10187000000000000000FFFFFF180C0C06060E1E03
:10188000FCF8C0000000FFFFFF00000000000000A7
:10189000FFFFFF0000000101010000000000000048
:1018A00001010100000000000000183C3C1800008D
:1018B0000000000000000006060606FEFEFE000016
:1018C0000000000000000080808080FFFFFF80801B
:1018D000800000000000000101010101010101017F
:1018E00001000000000000000000000000183C3C67
:1018F00018000000000000060606060606FEFEFEB2
:1019000000000000000000000000000000FFFFFFDA
:10191000000000000030387060606070303F1F07CA
:10192000000000000000FCFCFC00000000000000C3
:10193000000000000000FFFFFF80C0C0E070381C06
:101940000E0602000000FFFFFF030103070F3C78B3
:10195000F0E0800000000101010000000000000034
:101960000001010100000C0C0C0CFCFCFC00000050
:1019700000000000000000000000FFFFFF0000006A
:1019800000000000000080808080FFFFFF808080DA
:10199000808000000000010101010101010101013D
:1019A0000101000000000000000000000000000035
:1019B0000000000000FEFEFE0C0606FEFCF81C0601
:1019C000060EFEFC00FFFFFF000000FFFFFF00000F
:1019D0000000FFFF00010101000000010101000003
:1019E00000000101000000000000000000000000F5
:1019F000000000000000FEFEFE180C0C06060E1E85
:101A0000FCF8C0000000FFFFFF0000000000000025
:101A1000FFFFFF00000001010100000000000000C6
:101A200001010100000000000000000000000000B3
:101A30000000000000C0F0F81C0C0E0606060E1C8C
:101A40003CF8E000000F3F7FE0C0C0808080C0E035
:101A5000F07F1F03000000000000010101010100F0
:101A60000000000000000000000000000000000076
:101A70000000000000FEFEFE080C060606060E1C16
:101A8000FCF0C00000FFFFFFC0C0808080C0C0E04D
:101A90007F3F0F00007F7F7F0000010101010100F7
:101AA0000000000000000000000000000000000036
:101AB0000000000000C0F0F81C0E060606060C1C14
:101AC000FEFEFE00000F3F7FE0C0C0808080C0604F
:101AD000FFFFFF0000000000000101010101000004
:101AE0007F7F7F0000000000000000000000000079
:101AF00000000000000000FEFEFE381C0C0606067A
:101B0000060E1C00000000FFFFFF000000000000A8
:101B100000000000000000010101000000000000C2
:101B200000000000000000000000000000000000B5
:101B300000000000000078FCFC8E868606060E0C75
:101B40003C0800000040F0C0C18181838383C7FE50
:101B50007E380000000000000101010101010100C8
:101B600000000000000000000000E0E03000000085
:101B7000000000000000060606E6FFFF0606060657
:101B80000600000000000000001FFFFFC0808080F2
:101B9000C0C00000000000000000000001010101C1
:101BA0000100000000000000000000000000000034
:101BB0000000000000FEFEFE00000000000000FE2D
:101BC000FEFE0000003F7FFFC0C0808080C060FF3D
:101BD000FFFF000000000000010101010100000101
:101BE00001010000000000000000000000000000F3
:101BF0000000000000063EFEF0800000000000C073
:101C0000F83E060000000000071FFEF0E0FC1F0782
:101C100001000000000000000000000101000000C1
:101C200000000000000000000000000000000000B4
:101C30000000000006FEFE80000080F87CF08000BE
:101C40000080FE7E00001FFFF0F83F0300073FFC0E
:101C5000C0FF0F00000000010101000000000001B2
:101C60000101000000000000000000000000000072
:101C7000000000000002061E3C78E0C0C0E0781CB6
:101C80000E020000000080E0F03C1F070F1F3CF038
:101C9000E0800000000101010000000000000000E1
:101CA0000101010000000000000000000000000031
:101CB0000000000000061E7EF8C00000000000C00A
:101CC000FC3E0E0000000000030F7EF8C0F83F0F3E
:101CD00001000000207060606070381F0F0100007C
:101CE00000000000000000000000000000000000F4
:101CF000000000000000060606060686C6E6763EE0
:101D00001E0600000080C0F0F8BC8E8783818080B2
:101D10008080800000010101010101010101010138
:101D200001010100000000000080E0E07030303070
:101D3000303000000000000080FF7F1F0000000026
:101D4000000000000003030307FEFCE000000000A9
:101D50000000000000000000000F3F3F7060606066
:101D60006060000000000000000000FCFCFC0000BF
:101D70000000000000000000000000FFFFFF000066
:101D80000000000000000000000000FFFFFF000056
:101D900000000000000000000000003F3F3F000086
:101DA00000000000000000303030307070E0C000F3
:101DB000000000000000000000000000007FFFFEA7
:101DC00080000000000000000000000000F8FCFFA0
:101DD000070303030000006060606070783F1F0726
:101DE00000000000000000000000000000000000F3
:101DF0000000000000181C0C0606060C1C383030D1
:101E0000381C0C040000000000000000000000006E
:101E100000000000000000000000000000000000C2
:101E20000000000000000000003E5B4F5B3E3E6B88
:101E30004F6B3E1C3E7C3E1C183C7E3C181C577D64
:101E4000571C1C5E7F5E1C00183C1800FFE7C3E7B0
:101E5000FF0018241800FFE7DBE7FF30483A060EC2
:101E60002629792926407F050507407F05253F5A09
:101E70003CE73C5A7F3E1C1C08081C1C3E7F142279
:101E80007F22145F5F005F5F06097F017F00668924
:101E9000956A606060606094A2FFA29408047E046A
:101EA0000810207E201008082A1C08081C2A080890
:101EB0001E101010100C1E0C1E0C30383E38300650
:101EC0000E3E0E06000000000000005F000000074C
:101ED000000700147F147F14242A7F2A122313087A
:101EE000646236495620500008070300001C224156
:101EF000000041221C002A1C7F1C2A08083E0808FA
:101F000000807030000808080808000060600020A9
:101F1000100804023E5149453E00427F400072498C
:101F20004949462141494D331814127F1027454530
:101F300045393C4A49493141211109073649494946
:101F400036464949291E00001400000040340000B4
:101F5000000814224114141414140041221408021D
:101F6000015909063E415D594E7C1211127C7F4990
:101F70004949363E414141227F4141413E7F4949E5
:101F800049417F090909013E414151737F08080811
:101F90007F00417F41002040413F017F08142241E2
:101FA0007F404040407F021C027F7F0408107F3E3C
:101FB0004141413E7F090909063E4151215E7F09A9
:101FC000192946264949493203017F01033F404010
:101FD000403F1F2040201F3F4038403F63140814FB
:101FE0006303047804036159494D43007F41414133
:101FF0000204081020004141417F04020102044014
:1020000040404040000307080020545478407F2897
:102010004444383844444428384444287F3854548D
:10202000541800087E090218A4A49C787F080404B0
:102030007800447D40002040403D007F102844004F
:1020400000417F40007C047804787C0804047838E0
:1020500044444438FC1824241818242418FC7C0810
:10206000040408485454542404043F44243C40408D
:10207000207C1C2040201C3C4030403C4428102840
:10208000444C9090907C4464544C44000836410089
:102090000000770000004136080002010204023C03
:1020A0002623263C1EA1A161123A4040207A3854D2
:1020B000545559215555794122545478422155544B
:1020C000784020545579400C1E527212395555559E
:1020D00059395454545939555454580000457C4189
:1020E0000002457D420001457C407D1211127DF0C9
:1020F000282528F07C545545002054547C547C0AF3
:10210000097F4932494949323A4444443A324A48BB
:1021100048303A4141217A3A42402078009DA0A0BF
:102120007D3D4242423D3D4040403D3C24FF242411
:10213000487E4943662B2FFC2F2BFF0929F620C030
:10214000887E090320545479410000447D41304881
:10215000484A32384040227A007A0A0A727D0D19C4
:10216000317D2629292F28262929292630484D4026
:1021700020380808080808080808382F10C8ACBA22
:102180002F102834FA00007B000008142A142222A1
:10219000142A14085500550055AA55AA55AAFF55EA
:1021A000FF55FF000000FF00101010FF0014141472
:1021B000FF001010FF00FF1010F010F0141414FCBA
:1021C000001414F700FF0000FF00FF1414F404FCD7
:1021D000141417101F10101F101F1414141F0010B8
:1021E0001010F0000000001F101010101F10101031
:1021F00010F010000000FF10101010101010101040
:10220000FF10000000FF140000FF00FF00001F107F
:10221000170000FC04F414141710171414F404F439
:102220000000FF00F714141414141414F700F7142A
:102230001414171410101F101F141414F414101079
:10224000F010F000001F101F0000001F140000001D
:10225000FC140000F010F01010FF10FF141414FF15
:10226000141010101F00000000F010FFFFFFFFFF10
:10227000F0F0F0F0F0FFFFFF0000000000FFFF0FA4
:102280000F0F0F0F3844443844FC4A4A4A347E0248
:10229000020606027E027E026355494163384444C9
:1022A0003C04407E201E2006027E020299A5E7A57E
:1022B000991C2A492A1C4C7201724C304A4D4D30EF
:1022C0003048784830BC625A463D3E494949007E14
:1022D0000101017E2A2A2A2A2A44445F44444051AB
:1022E0004A444040444A51400000FF0103E080FF5F
:1022F000000008086B6B083612362436060F090FEB
:1023000006000018180000001010003040FF010106
:10231000001F01011E00191D1712003C3C3C3C002F
:1023200000000000000103070F1F3F7F0080C0E096
:10233000F0F8FCFE00C201000100110011000C00C9
:1023400000E100000A0025002500210000960000A1
:102350001900390039003600127A00001F004600CB
:10236000460044008070000022004D004D004A00ED
:10237000004B000036007500750072004038000008
:102380004A009C009C009900802500007200EC002F
:10239000EC00E900C0120000E900DA01DA01D7011F
:1023A00060090000D701B603B603B303B004000010
:1023B000B3036E076E076B07580200006E07DC0E52
:1023C000DC0ED80E2C010000DC0EC11DC11DBE1D8F
:1023D00000002100240027002A002D0030003300D7
:1023E00001010000040107010A0100000A0B0209B3
:1023F0000C0D0E080703040100000000000000009F
:1024000000000000000000000000000000000000CC
:102410000000000000001211100000000000000089
:1024200000000000000000000000000000000000AC
:10243000000020002300260029002C002F0032007D
:10244000000100000301060109010000220025002F
:1024500028002B002E00310034000201000005018D
:1024600008010B0105050505070508080808020213
:1024700002020A0A0808040404040101010101011E
:1024800001010303030303030303040707070C0C01
:102490000C0C0C0C0C0C02020202060606060606C8
:1024A00006060B0B0B0B0B0B0B0B0102102020086D
:1024B000081020401020408002010201080402019F
:1024C000010204081020408080402010080402010E
:1024D0008004020180402010080402010804020167
:1024E00001020408102040800102040810204080EE
:1024F0004E51135911241FBECFEFD1E2DEBFCDBF25
:1025000000E00CBF1FE0A0E0B2E0ECECFAEB00E072
:102510000BBF02C007900D92AC33B107D9F726E18B
:10252000ACE3BFE001C01D92A438B207E1F712E1AD
:10253000C9E7D2E100E006C021970109802FFE0122
:102540000E94C259C837D10780E00807A9F70E9446
:10255000A8530C94545D0C94000080E00895CF9231
:10256000DF92EF92FF92CF93DF93EC016A017B0140
:10257000E889F98982E08083C11481EED806E104FC
:10258000F104A1F060E079E08DE390E0A70196010D
:102590000E948159215031094109510956954795A9
:1025A00037952795211580E1380798F0E889F98952
:1025B000108260E874E88EE190E0A70196010E9425
:1025C000815921503109410951095695479537954F
:1025D0002795EC85FD853083EE85FF852083188E59
:1025E000EC89FD8986E08083EA89FB8980818061AE
:1025F0008083EA89FB89808188608083EA89FB89FE
:10260000808180688083EA89FB8980818F7D8083D7
:10261000DF91CF91FF90EF90DF90CF900895E09100
:10262000BC15F091BD1530E020E040E060E188EBA2
:1026300095E119949B01DC011896ED91FC9141E024
:1026400067E119948150823108F05AC0E82FF0E018
:102650008827E25DFC4E8F4F0C94C2594E135213E3
:10266000401346134A13801355135B135F1365130E
:1026700069136D137313771380137B138113851301
:10268000809180008F7780938000089580918000F2
:102690008F7DF9CF80918000877FF5CF84B58F77CC
:1026A00084BD089584B58F7DFBCF8091B0008F7776
:1026B0008093B00008958091B0008F7DF9CF809114
:1026C00090008F77809390000895809190008F7D87
:1026D000F9CF80919000877FF5CF8091A0008F7710
:1026E0008093A00008958091A0008F7DF9CF809104
:1026F000A000877FF5CF809120018F778093200104
:102700000895809120018F7DF9CF80912001877FEE
:10271000F5CF1F93CF93DF93282F30E0F901E651D7
:10272000FC4D8491F901E655FB4DD491F901EC592A
:10273000FB4DC491CC23A9F0162F81110E942213C6
:10274000EC2FF0E0EE0FFF1FE65BFB4DA591B4917F
:102750008FB7F894EC91111108C0D095DE23DC936B
:102760008FBFDF91CF911F910895DE2BF8CFCF93CC
:10277000DF9390E0FC01E655FB4D24918C599B4D75
:10278000FC0184918823C9F090E0880F991FFC0117
:10279000E053FC4DA591B491FC01E65BFB4DC59166
:1027A000D49161110DC09FB7F8948C91209582232C
:1027B0008C938881282328839FBFDF91CF91089530
:1027C000623051F49FB7F8943C91822F8095832317
:1027D0008C93E8812E2BEFCF8FB7F894EC912E2BB2
:1027E0002C938FBFEACF3FB7F8948091B4129091A9
:1027F000B512A091B612B091B71226B5A89B05C02C
:102800002F3F19F00196A11DB11D3FBFBA2FA92F6F
:10281000982F8827BC01CD01620F711D811D911D6C
:1028200042E0660F771F881F991F4A95D1F70895D8
:102830008F929F92AF92BF92CF92DF92EF92FF92D0
:102840006B017C010E94F3134B015C01C114D104A4
:10285000E104F104B9F00E94F313681979098A09B7
:102860009B09683E73408105910580F321E0C21AFF
:10287000D108E108F10888EE880E83E0981EA11CBB
:10288000B11CE4CFFF90EF90DF90CF90BF90AF905E
:102890009F908F9008952FB7F8946091B012709127
:1028A000B1128091B2129091B3122FBF0895260FEA
:1028B000371F481F591F621773078407950779F15F
:1028C000693371058105910511F148F4663371058D
:1028D0008105910591F0E091AC12E06811C06C3374
:1028E000710581059105B9F06F3371058105910579
:1028F00091F7E091AC12E46003C0E091AC12E160AA
:10290000E093AC126F5F7F4F8F4F9F4FD4CFE0911A
:10291000AC12E260F5CFE091AC12E860F1CF08951F
:10292000BC0190E080E00C94181408950895AF92D3
:10293000BF92CF92DF92EF92FF920F931F93CF93AC
:10294000DF936C017B018B01040F151FEB015E010E
:10295000AE18BF08C017D10759F06991D601ED91A3
:10296000FC910190F081E02DC6011995892B79F732
:10297000C501DF91CF911F910F91FF90EF90DF90F4
:10298000CF90BF90AF900895CF93DF93CDB7DEB7D0
:10299000CC5ED1090FB6F894DEBF0FBECDBFFE01ED
:1029A000359698EEDF011D929A95E9F796EF9A8396
:1029B0009BE69E836115710511F060E170E08983EB
:1029C0006B831C8246E050E0BE016F5F7F4F8AE759
:1029D00094E10E94971466E070E080E090E00E942D
:1029E0001814C451DF4F0FB6F894DEBF0FBECDBF31
:1029F000DF91CF910895FC01A089B1898C91A689BE
:102A0000B78982FD0FC09C91818D8F5F8F73228D5E
:102A1000821749F0A18DAE0FBF2FB11D5D969C931B
:102A2000818F08958C910895FC01538D448D252F3D
:102A300030E0842F90E0821B930B541710F0CF9658
:102A4000089501970895FC01918D828D981761F08A
:102A5000A28DAE0FBF2FB11D5D968C91928D9F5FA1
:102A60009F73928F90E008958FEF9FEF0895FC0180
:102A7000918D828D981731F0828DE80FF11D858D33
:102A800090E008958FEF9FEF0895FC01918D228DC6
:102A9000892F90E0805C9F4F821B91098F7399274B
:102AA000089580E493E10E94451521E0892B09F403
:102AB00020E0822F08958DED93E10E94451521E0DD
:102AC000892B09F420E0822F08958AE794E10E947F
:102AD000451521E0892B09F420E0822F089587E134
:102AE00095E10E94451521E0892B09F420E0822F11
:102AF0000895FC01A48DA80FB92FB11DA35ABF4F93
:102B00002C91848D90E001968F739927848FA689EC
:102B1000B7892C93A089B1898C91837080648C9340
:102B2000938D848D981306C00288F389E02D8081EF
:102B30008F7D80830895EF92FF920F931F93CF9321
:102B4000DF93EC0181E0888F9B8D8C8D98131AC0E8
:102B5000E889F989808185FF15C09FB7F894EE89CF
:102B6000FF896083E889F98980818370806480832C
:102B70009FBF81E090E0DF91CF911F910F91FF9077
:102B8000EF900895F62E0B8D10E00F5F1F4F0F731F
:102B90001127E02E8C8D8E110CC00FB607FCFACFDA
:102BA000E889F989808185FFF5CFCE010E947915EA
:102BB000F1CFEB8DEC0FFD2FF11DE35AFF4FF082AB
:102BC0009FB7F8940B8FEA89FB8980818062CFCF11
:102BD000CF93DF93EC01888D8823B9F0AA89BB8954
:102BE000E889F9898C9185FD03C0808186FD0DC03F
:102BF0000FB607FCF7CF8C9185FFF2CF808185FF60
:102C0000EDCFCE010E947915E9CFDF91CF910895E4
:102C1000BC0180E493E10E94971480E493E10C945A
:102C2000E81580E090E0892B29F00E946F15811152
:102C30000E94000080E090E0892B29F00E94651539
:102C400081110E94000080E090E0892B29F00E9411
:102C50005B1581110E94000080E090E0892B29F033
:102C60000E94511581110C9400000895DC011A9600
:102C7000ED91FC9130E020E019941F93CF93DF9306
:102C8000EC01A881B981683109F49BC038F4643142
:102C900009F489C0673149F080E00EC0693109F458
:102CA000D4C06032C9F76AE488C01C968C9180FD5C
:102CB0003FC0411105C081E0DF91CF911F91089580
:102CC000F90181919F014150DFB7F894A0917010F4
:102CD000B0917110C0916F10E0916D10F0916E1075
:102CE00070916C1060916B1081110EC08C918C23CF
:102CF0008C9388E09081972B90839081962390838A
:102D00008150C1F7DFBFD5CF10916A1098E05C9178
:102D100087FF0CC0512B5C935081572B5083880F39
:102D2000508156235083915091F7ECCF5C23F3CF21
:102D3000442309F4C0CFF90181919F014150DFB7CD
:102D4000F894A0917010B0917110C0916F10E09143
:102D50006D10F0916E1060916C1070916B1081117C
:102D60000EC08C918C238C9388E090819723908364
:102D70009081962B90838150C1F7DFBFD9CF1091FE
:102D80006A1098E05C9187FF0CC0512B5C935081D6
:102D900057235083880F5081562B5083915091F7C1
:102DA000ECCF5C23F3CF11964C9169E40E94361668
:102DB000E881F9814485417060E4CE010E943616B5
:102DC0007ACF4C9169E40E943616A881B981EA85D0
:102DD000FB8530E020E012964C916CE2CE01199513
:102DE0008E8D90E0FC01EC59FB4DE491F0E0EE0F8C
:102DF000FF1FE65BFB4D2591349130936E102093BD
:102E00006D10FC01E655FB4DE491E0936C10E095EC
:102E1000E0936B108F8D90E0FC01EC59FB4DE49139
:102E2000F0E0EE0FFF1FE65BFB4D259134913093F0
:102E3000711020937010FC01E655FB4DE491E09376
:102E40006A10E095E0936F1036CFEA85FB8530E09D
:102E500020E013964C916CE21995E881F98141814B
:102E600069E4ABCFCF92DF92FF920F931F93CF9382
:102E7000DF9300D01F921F92CDB7DEB78C011C826A
:102E800081E08B837A836983D801ED91FC91F1888D
:102E90001D82F801A081B181C480D5809E012F5F81
:102EA0003F4F50964C916FE0C801F60119958D8106
:102EB0008F5F8D838F1568F30F900F900F900F9099
:102EC0000F90DF91CF911F910F91FF90DF90CF90E6
:102ED0000895CF93DF9300D000D01F921F92CDB7FB
:102EE000DEB7BE016F5F7F4F28E0FB0111922A958C
:102EF000E9F70E94321728960FB6F894DEBF0FBE8E
:102F0000CDBFDF91CF910895DC011696ED91FC9134
:102F100030E020E040E069E11994DC011696ED9183
:102F2000FC9130E020E040E068E119949A01DC0176
:102F30001696ED91FC91462F67E11994EF92FF925E
:102F40000F931F93CF93DF931F92CDB7DEB77C0112
:102F50008B01D8016C91673129F150F46531A0F4EF
:102F60000F90DF91CF911F910F91FF90EF900895F7
:102F70006A3118F16E3FA1F7F8014181498369E296
:102F8000C7010E9436160BC0F80141814983D70161
:102F90001696ED91FC9130E020E0C70119950E5F87
:102FA0001F4FD7CFF80181818983AE014F5F5F4FFB
:102FB00061E0C7010E949617F2CF0F5F1F4FD70144
:102FC0001696ED91FC9130E020E040E0C7011995A4
:102FD000C0CF462FDC011696ED91FC9130E020E049
:102FE00066E11994462FDC011696ED91FC9130E0D4
:102FF00020E065E11994EF92FF920F931F93CF9316
:10300000DF93EC01042F79016E3009F450C06F306A
:1030100091F06B3009F441C06A3009F466C06D303C
:1030200009F450C080E0693089F583E298E0998323
:1030300088831C8A2AC00E948D17F7011381110F03
:10304000110F110F6C89160F612F62956F706061FF
:10305000CE010E94F217612F6F70CE010E94F2170D
:10306000F7016481606BCE010E94F217F701408185
:1030700051816281660F660F660FCE010E9496171E
:103080000150A1F7CE010E94841781E0DF91CF911A
:103090001F910F91FF90EF90089567E178E044232E
:1030A00011F062E178E0CE010E949E17EECF0E94FF
:1030B0008D1761E8CE010E94F217602FCE010E94A9
:1030C000E917E0CF411109C06CE178E00E949E173A
:1030D000E881F98182898C8BD8CF64E678E00E9400
:1030E0009E17E881F9818389F6CFEA85FB8530E078
:1030F00020E040E068E21995EE81FF8130E020E0B9
:1031000040E064E1CE01199541E06BE4CE010E94FC
:103110003616E881F981448169E2CE010E943616B3
:1031200040E06BE4CE010E943616E881F9814481CB
:1031300069E2CE010E94361641E06BE4CE010E94A6
:103140003616E881F981458169E2CE010E94361682
:103150006BE378E0A8CFCF93DF931F92CDB7DEB7B4
:103160006983BE016F5F7F4F0E941A130F90DF913A
:10317000CF910895462FDC011896ED91FC9130E037
:1031800020E060E21994EF92FF920F931F93CF9388
:10319000DF938C01C62FD42F7901673130F465316C
:1031A000B8F4643131F080E01BC0673101F16A315D
:1031B000D0F7D8011896ED91FC9197014D2F6C2F07
:1031C000C801DF91CF911F910F91FF90EF9019945B
:1031D00060E00E94BA186D2FC8010E94AB1881E010
:1031E000DF91CF911F910F91FF90EF90089561E0D3
:1031F0000E94BA18DECFCF93DF93EC01A889B9897A
:10320000FD01349131969491319684911396FD018C
:10321000A4916317A8F1961798F1631B770B8A9F07
:10322000E02D1124E69FC001E79F900D1124280F87
:10323000392F311D83E0220F331F8A95E1F7C90131
:103240000496DA01245F3F4FE889F989E80FF91FF6
:10325000E491ED93019682179307B1F78D89882346
:1032600061F0FA019A01285F3F4F8191DF011197C8
:1032700080958C932E173F07C1F7DF91CF9108956A
:10328000FA01CA0108961192E817F907E1F7E6CFAB
:103290000F931F93CF93DF93EC01862F642F8C3213
:1032A00008F03AC08A3208F060C0883209F44BC096
:1032B000893209F460C0803408F475C0982F9F7378
:1032C000FE01E90FF11D868D8F3F09F44EC090314C
:1032D00008F436C0282F30E0F901E651FC4D849106
:1032E000F901E655FB4D0491F901EC59FB4D1491A0
:1032F000112379F081110E942213E12FF0E0EE0FEB
:10330000FF1FE05DFB4DA591B491EC910E2381E090
:1033100009F480E0898F29C08D3299F108F4CBCF70
:1033200094EB980F923008F0C6CF8F73C80FD11D61
:103330008E8D411134C061E00E94B71360E08E8D24
:103340000E94891312C08E01025E1F4FD0E0F80167
:1033500081918F018F3F31F061E0D03108F062E060
:103360000E94B713DF5FD63191F781E0DF91CF91F3
:103370001F910F91089570E090E080E00E94181472
:10338000F4CF85E090E0433010F082E090E0880FC9
:10339000991F880F991F05970197F1F7E6CF62E013
:1033A0000E94B713E2CF80E0E1CF2F923F924F927D
:1033B0005F926F927F928F929F92AF92BF92CF92C5
:1033C000DF92EF92FF920F931F93CF93DF93CDB7CE
:1033D000DEB72D970FB6F894DEBF0FBECDBFDC0170
:1033E0005496ED91FC915597D996DC90D997CF01E1
:1033F00003966A3019F5FC018491D80ED996DC92B7
:10340000D997D8961C9281E090E02D960FB6F8944B
:10341000DEBF0FBECDBFDF91CF911F910F91FF9007
:10342000EF90DF90CF90BF90AF909F908F907F9064
:103430006F905F904F903F902F9008953296249018
:10344000D8965C90D8975D0124E0A20EB11CF49050
:10345000FC01E490352C3F0CED0C81E0850D381615
:1034600010F4FF24F394C62E8D01612CCE01019639
:103470004C01462C752C242DA4016C2DC5010E94F5
:10348000FB187C86DD8691E09B879A868986D80129
:103490001896ED91FC919E01275F3F4F41E06FE050
:1034A000C501199543947394731428F3D3946F0C46
:1034B000DE14F8F2F80180AD820D80AFA4CFEF9258
:1034C000FF920F931F93CF93DF93EC01EC80FD806D
:1034D0006E157F050CF070C057FF04C0240F351F18
:1034E00050E040E08E819F81FA01E20FF31F8E17BA
:1034F0009F071CF49C01241B350B121613060CF0BD
:103500005BC0922F842F8695869586958E9DD001DF
:103510008F9DB00D11246A0F7B1FAF8DB8A1A60F30
:10352000B71F477049F188E0841B482F682F70E06F
:10353000FB01E45DFC4DE491281708F063C0621BB9
:1035400071092FEF30E002C0359527956A95E2F7B3
:10355000E2230130110539F0B0F10230110561F5B7
:103560008C91E82702C08C91E82BEC93941720F102
:103570002C813D81A20FB31FE92FE41BE83078F0C6
:103580000230110521F58E2F9C9190959C932C81F2
:103590003D81A20FB31F88508830B0F7E770EE234B
:1035A00059F0F0E0EC5DFC4DE49101301105F9F0CB
:1035B00010F10230110519F1DF91CF911F910F9198
:1035C000FF90EF900895E0958C91E823CECF81E0B5
:1035D0000115110509F480E081959E2F8C932C81B3
:1035E0003D81A20FB31F98509830C0F7D7CF8C9170
:1035F000E82BEC93E1CFE0958C91E823FACF8C9106
:10360000E827F7CF0130110509F4ADCFE0F2023021
:10361000110509F4A5CFAE0DBF1DAECF0F931F93BB
:10362000CF93DF9377FF04C0260F371F70E060E071
:10363000DC011496CD91DC91FB01E20FF31FCE1754
:10364000DF071CF49E01261B370B121613064CF5E0
:10365000FA0157FD3796A3E0F595E795AA95E1F7AE
:10366000EC9FD001ED9FB00DFC9FB00D11246A0FAF
:103670007B1FDC015F96ED91FC91E60FF71F477011
:10368000552781E090E001C0880F4A95EAF7482F5E
:103690000130110559F0A8F02E0F3F1F023011051F
:1036A000E1F0DF91CF911F910F9108952E0F3F1FF1
:1036B000E217F307B1F38191DF011197842B8C930B
:1036C000F7CF80952E0F3F1FE217F30751F391912B
:1036D000DF01119798239C93F7CFE217F30709F3C3
:1036E0008191DF01119784278C93F7CF0F931F935C
:1036F000FA01DC0156964C9156974230E9F043307E
:10370000A1F1413061F514964D915C91DA01AE1B47
:10371000BF0BFD01E21BF30B77FD0BC0DC0116961E
:103720004D915C916417750724F4AB01BF010E94B1
:103730000E1B1F910F91089514964D915C91DA0123
:10374000A61BB70BBD0161507109DC0116964D91A6
:103750005C91DA01AE1BBF0BFD01E21BF30B77FDA1
:10376000E8CFAF010E945F1AE4CF16964D915C91AD
:10377000DA01A61BB70BBD0161507109CDCF0F93C4
:103780001F93FA01DC0156964C9156974230A9F0EE
:10379000433091F1413019F514964D915C91DA0165
:1037A000AE1BBF0BFD013197F7FD04C0AB01BF019C
:1037B0000E945F1A1F910F91089514964D915C918C
:1037C000DA01A61BB70BBD01DC0116964D915C9189
:1037D000DA01AE1BBF0BFD013197621B730BF7FDC6
:1037E000E9CFDC0116964D915C91E417F50714F7CB
:1037F000AF010E940E1BDECF16964D915C91DA014F
:10380000A61BB70BBD01621B730BCECFFC0177FD6E
:1038100064C080859185681779070CF05EC057FDFC
:103820005CC082859385481759070CF056C086897D
:103830008230B1F0833029F1813041F48481958167
:10384000841B950BAB01BC0161507109213031051E
:1038500009F108F443C02230310509F463C008952A
:1038600084819581DC01A61BB70BBD0161507109F4
:1038700086819781DC01A41BB50BAD014150510934
:10388000E5CF86819781861B970BBA01AC01415029
:103890005109DCCFCA0157FD0796A3E0959587959E
:1038A000AA95E1F7A481B5818A9F90018B9F300D85
:1038B0009A9F300D1124620F731F078CF0A1E02D29
:1038C000E60FF71F4770552721E030E001C0220FB7
:1038D0004A95EAF78081822B80830895CA0157FDBB
:1038E000079633E0959587953A95E1F7A481B581E0
:1038F0008A9F90018B9F300D9A9F300D1124620F8B
:10390000731F078CF0A1E02DE60FF71F47705527B6
:1039100081E090E001C0880F4A95EAF78095908198
:103920008923DACFCA0157FD079623E0959587953D
:103930002A95E1F7A481B5818A9F90018B9F300D74
:103940009A9F300D1124620F731F078CF0A1E02D98
:10395000E60FF71F4770552721E030E001C0220F26
:103960004A95EAF780818227B7CF0895FC016370FA
:10397000668B8481958126813781613039F063308F
:1039800029F09187808733872287089531872087A0
:103990009387828708952F923F924F925F926F9202
:1039A0007F928F929F92AF92BF92CF92DF92EF92CF
:1039B000FF920F931F93CF93DF93CDB7DEB76A9734
:1039C0000FB6F894DEBF0FBECDBF9A8F898F7A8372
:1039D00069834A01D22E18870F833701BC2CDC0182
:1039E00059962D913C915A972115310509F015C131
:1039F00018968D919C911997681779070CF0D7C18B
:103A00001A968D919C91481759070CF0D0C14C2CF7
:103A1000512CB6E0CB9E600D711D11247C876B8705
:103A2000161617060CF0C3C1EA2DF0E0FA87E987F5
:103A300093E0EE0FFF1F9A95E1F7F88BEF87CF0128
:103A4000840F951F181619060CF0B1C1A98DBA8DF7
:103A500058968C91811104C0BFEABD1508F4D39427
:103A6000A98DBA8DED91FC9111970284F385E02D1B
:103A7000CD011995B5E0DB9EC0011124E981FA81E1
:103A8000FC83EB83312C212C9C012C5D314E388F33
:103A90002F8B4A2D50E05E8B4D8BEF89F88DE20D18
:103AA000F31D44919E828D82D12CC12C69817A8133
:103AB000620D731D7A8B698B842F90E09C8B8B8BAE
:103AC000E98DFA8DA081B18140FF82C0F1E0BF1283
:103AD0006FC0AF126DC01C96ED91FC912F8138859F
:103AE000A4014C0D5D1D69897A89898D9A8D19957E
:103AF000EB89FC89F595E7954E2F5FEFC51AD50A3E
:103B00006D817E818D899E89680F791F7E836D838B
:103B100098E0C916D10481F6AFEF2A1A3A0AEB8170
:103B2000FC81E40DF51DFC83EB83F5E02F163104D9
:103B300009F0B3CF2F81388526153705B9F0A98D47
:103B4000BA8DED91FC91B1E0BB1257C0AB1255C0DC
:103B500069817A816B5F7F4F0088F189E02D830155
:103B600028E030E0A401898D9A8D1995A98DBA8D30
:103B7000ED91FC9111970688F789E02DCD016A96A9
:103B80000FB6F894DEBF0FBECDBFDF91CF911F916E
:103B90000F91FF90EF90DF90CF90BF90AF909F90EC
:103BA0008F907F906F905F904F903F902F901994DF
:103BB0001E96ED91FC91EF80F88409851A8592019B
:103BC0004D815E816B817C81898D9A8D199590CF15
:103BD0002F8138852615370509F48ACF31E0B312D5
:103BE00007C0A31205C01C96ED91FC91930178CFFC
:103BF0001E96ED91FC917301E0CF6B857C85641975
:103C000075090684F785E02D73010F8518899201E7
:103C1000A401898D9A8D1995A9CFF90134969491B3
:103C2000329745915491D91AB7E0DB9E400D511D52
:103C30001124F901259134913C8B2B8BFA012590AD
:103C40003490FA013296749031963491398B3296D1
:103C500064903196449041E04C1518F04A1508F0F4
:103C60007FC0662D062C000C770B7C836B83842D24
:103C7000042C000C990B9E838D83A98DBA8DED9138
:103C8000FC9111970284F385E02DCD011995512CFB
:103C9000D12CC12CEA2DF0E0FA87E9872B2D30E0FA
:103CA0003C872B87A401440D511D47FC5A95588F22
:103CB0004F8B69817A81660D711D67FC7A957E87CD
:103CC0006D877989C71608F051CF2C2D30E04D81D2
:103CD0005E81420F531FA985BA854A9FC0014B9F41
:103CE000900D5A9F900D1124FC01E80DF91DF88BE1
:103CF000EF87852D612C4F89588D420F531F5E8BA6
:103D00004D8B671408F050C044244394480E8770CC
:103D100041F4C1010196EB89FC89E20DF31DD490B9
:103D20001C01D7FE19C0A98DBA8DED91FC91662DAD
:103D300070E0B1E0BB1219C0AB1217C02D853E85F3
:103D4000620F731F0484F585E02D2F8138854D891E
:103D50005E89898D9A8D1995DD0C6394842DD1CF60
:103D60001E821D821C821B8288CF4B815C81640F66
:103D7000751FAB85BC856A9FC0016B9F900D7A9FB4
:103D8000900D112469817A81680F791F0684F78567
:103D9000E02DEF80F88409851A859D014F855889AB
:103DA000898D9A8D1995D8CF570CC3948ACF6A966E
:103DB0000FB6F894DEBF0FBECDBFDF91CF911F913C
:103DC0000F91FF90EF90DF90CF90BF90AF909F90BA
:103DD0008F907F906F905F904F903F902F900895BD
:103DE0008F929F92AF92CF92EF92FF920F931F9379
:103DF000CF93DF93EC01262F898D9A8D009709F0E0
:103E000051C06A30D1F41D861C868D8948E0849F9C
:103E1000900111248E859F85820F931F9F878E8727
:103E200081E090E0DF91CF911F910F91FF90EF9093
:103E3000CF90AF909F908F9008956D3089F3CC888C
:103E4000AD888F898823C1F08C859D8536E0C39E1F
:103E5000800D911D1124488559854817590764F430
:103E60004E855F851D861C8638E0A39EC001112407
:103E7000840F951F9F878E87EA88FB880889198998
:103E80004E855F856C857D85CE010E94CB1C2C897B
:103E90008C859D8546E0249F800D911D11249D8772
:103EA0008C87BECF6A3069F41D861C86FC0138966B
:103EB000E4912D898E859F85E29F800D911D1124AF
:103EC000ADCF6D3009F4ACCFFC013496349163175B
:103ED00008F4A6CF3296E491E61708F4A1CFFC01CE
:103EE000329685909490462F431B342F47E0349FA1
:103EF000800C911C1124F401329634913196E49196
:103F00003323A9F1EE2399F1CC88F4013596E4919D
:103F1000AD884F89442301F10E2E000CFF0BE30FF7
:103F2000F11DCE9EA001CF9E500D11246C857D8584
:103F3000460F571F68857985641775076CF44E85A1
:103F40005F851D861C86FC013896E491AE9E400D6F
:103F5000511D11245F874E87EA88FB8808891989DB
:103F60004E855F856C857D85CE010E94CB1CF4015A
:103F70003496E4912C898C859D85E29F800D911D5E
:103F800011248DCF6F927F928F929F92AF92BF92AA
:103F9000CF92DF92EF92FF920F931F93CF93DF9315
:103FA000EC016B015A0139014801E881F981028471
:103FB000F385E02D1995E881F9810288F389E02DD8
:103FC00087019301A501B601CE011995A501480D00
:103FD000591D41505109E881F9810288F389E02D8A
:103FE0009301B601CE011995E881F9810088F18924
:103FF000E02D9401A501B601CE011995C60CD71C80
:10400000B60161507109E881F9810088F189E02DDC
:104010009401A501CE011995E881F9810688F789F7
:10402000E02DCE01DF91CF911F910F91FF90EF9086
:10403000DF90CF90BF90AF909F908F907F906F90C8
:1040400019946F927F928F929F92AF92BF92CF926C
:10405000DF92EF92FF920F931F93CF93DF935C0158
:10406000EB016A01490138018701DC01ED91FC9106
:104070006217730719F5641675062CF0962D872DB7
:104080003A01C92ED82E9601261937092F5F3F4FC6
:10409000048CF58DE02DA301BE01C5011995DF91BA
:1040A000CF911F910F91FF90EF90DF90CF90BF9035
:1040B000AF909F908F907F906F9008954615570511
:1040C00091F42617370724F0892D4B01C22FD82FE2
:1040D0009E01281939092F5F3F4F068CF78DE02D7F
:1040E000A601B401DACF0284F385E02D1995D5013C
:1040F000ED91FC910488F589E02D83019401A601DE
:10410000BE01C5011995D501ED91FC910688F7898D
:10411000E02DC501DF91CF911F910F91FF90EF909E
:10412000DF90CF90BF90AF909F908F907F906F90D7
:104130001994EF92FF920F931F93DC011A960D9141
:104140001C911B9718962D913C911997ED91FC911C
:1041500000A0F1A1E02D7B0150E040E070E060E0C4
:1041600019951F910F91FF90EF9008954F925F92D4
:104170006F927F928F929F92AF92BF92CF92DF9277
:10418000EF92FF920F931F93CF93DF936C012B015C
:104190005A0139014801DC01ED91FC910284F3855B
:1041A000E02D1995E201640C751CD601ED91FC918E
:1041B000C615D7055CF40088F189E02D87019401CC
:1041C000A501BE01C60119952196EFCF0688F78992
:1041D000E02DC601DF91CF911F910F91FF90EF90DD
:1041E000DF90CF90BF90AF909F908F907F906F9017
:1041F0005F904F9019948F929F92AF92BF92CF92FF
:10420000DF92EF92FF920F931F93CF93DF93EC0116
:104210005B014A016901E881F9810284F385E02D9F
:10422000199595012C0D3D1D21503109E881F98129
:104230000488F589E02D78018401A401B501CE013F
:104240001995E881F9810688F789E02DCE01DF9183
:10425000CF911F910F91FF90EF90DF90CF90BF9083
:10426000AF909F908F9019948F929F92AF92BF9230
:10427000CF92DF92EF92FF920F931F93CF93DF9332
:10428000EC015B014A0169017801E881F98102844E
:10429000F385E02D1995C80CD91C86010150110930
:1042A000E881F9810488F589E02D9501A401B50123
:1042B000CE011995E881F9810688F789E02DCE01B4
:1042C000DF91CF911F910F91FF90EF90DF90CF90F2
:1042D000BF90AF909F908F9019940895EF92FF92A6
:1042E0000F931F93DC01ED91FC9100A0F1A1E02D53
:1042F00019951F910F91FF90EF9008950F931F93C1
:10430000DC01ED91FC91068CF78DE02D19951F9144
:104310000F9108950F931F93DC01ED91FC91048C94
:10432000F58DE02D19951F910F910895DC01ED9108
:10433000FC910084F185E02D19942F923F924F92C9
:104340005F926F927F928F929F92AF92BF92CF9225
:10435000DF92EF92FF920F931F93CF93DF9300D0E2
:1043600000D0CDB7DEB73C016A013E832D83FC82CD
:10437000EB825801A41AB50AB7FE03C0B194A19408
:10438000B1088D809E80861A970A97FE03C091948B
:10439000819491088A149B045CF0902F812F0D81E9
:1043A0001E819D838E839C2D8D2D6B01692F782F0F
:1043B0000C151D055CF09D818E817E836D83692FB8
:1043C000782F902F812F8601C92ED82E1601201A02
:1043D000310A2B012D813E81421A530A57FE03C038
:1043E000519441945108710137FE03C03FEFE31A25
:1043F000F30AF594E7948D819E81861797075CF503
:10440000A1E0B0E0BA83A983C016D1064CF1D30174
:10441000ED91FC910484F585E02D2B813C81A80170
:104420006D817E818A149B041CF04D815E81B801F0
:10443000C3011995E418F508F7FE0AC02D813E81E5
:1044400089819A81280F391F3E832D83E20CF31C4A
:104450000F5F1F4FD9CF2FEF3FEF3A832983D4CF80
:1044600026960FB6F894DEBF0FBECDBFDF91CF9179
:104470001F910F91FF90EF90DF90CF90BF90AF9082
:104480009F908F907F906F905F904F903F902F9074
:10449000089520914710260F3327331F213231050D
:1044A000ECF42091E212FC0190E080E0243069F00D
:1044B00082E00895A09147102191AC01495D5F4EC3
:1044C000A40FB52FB11D2C930196861798F38091F8
:1044D0004710680F6093471080E0089581E00895C9
:1044E0001092E21281E08093E1121092BC1261E01E
:1044F00084E10E94891361E085E10E948913E9EB60
:10450000F0E080818E7F808380818D7F808388E44E
:104510008093B80085E48093BC000895CF93DF9327
:1045200091E0909326108823B9F0C091B800D09103
:10453000BA008091BC008A7B8093BC0060E084E17B
:104540000E94891360E085E10E9489130E94702215
:10455000D093BA00C093B800DF91CF9108958F92A5
:104560009F92AF92BF92CF92DF92EF92FF920F9302
:104570001F93CF93DF93D0910B13D13208F0D7C0A4
:10458000182FC0910A130E94F3136B017C018091D4
:10459000E21281116BC082E08093E2121093E1126B
:1045A0008FEF8093E0121092DF12D093DE12AAEE0A
:1045B000B2E1EEEBF2E180E0D81391C01092BD12AF
:1045C0008091BD12CC0FC82BC093BD128091BC123C
:1045D000813009F088C01092BC120E94F3136B0165
:1045E0007C018091BD128093BB008091E412909178
:1045F000E512A091E612B091E712892B8A2B8B2B42
:10460000A1F00E94F3130091E4121091E5122091A1
:10461000E6123091E7126C197D098E099F09061781
:1046200017072807390708F442C08091BC0083FDB2
:10463000D8CF85EC8093BC000E94F3136B017C0102
:104640008091E212823009F450C08091E0128F3FD5
:1046500009F46FC08091E012803209F46CC080913F
:10466000E012803309F469C084E026C08091E4122E
:104670009091E512A091E612B091E712892B8A2B56
:104680008B2B09F484CF0E94F3138090E412909056
:10469000E512A090E612B090E7126C197D098E0920
:1046A0009F0986169706A806B90608F070CF809174
:1046B000E3120E948E2285E01092E91210920B13F1
:1046C0001092E812DF91CF911F910F91FF90EF9020
:1046D000DF90CF90BF90AF909F908F9008959D9165
:1046E00091938F5F69CF85EEA5CF8091E412909171
:1046F000E512A091E612B091E712892B8A2B8B2B41
:1047000009F49ECF0E94F3130091E4121091E51278
:104710002091E6123091E7126C197D098E099F09EC
:10472000061717072807390708F08ACFC0CF81E09E
:10473000C3CF80E0C1CF82E0BFCF83E0BDCF1F9366
:10474000CF93DF93EC01162F8D8D9E8D892B09F46D
:1047500059C02DA93EA94FA958AD60E074E284EF7D
:1047600090E00E9481592051310941095109569523
:104770004795379527952093B800112309F452C027
:1047800017EA8D8D9E8D009709F44EC029A131E066
:104790003093E81220930A131092E91210920B132F
:1047A000DC01ED91FC910190F081E02D60E0199524
:1047B0008D8D9E8DDC01ED91FC910190F081E02DBD
:1047C000612F199581E00E94AF228D8D9E8D892BDE
:1047D00009F45EC029AD3AAD4BAD5CAD60E074E26A
:1047E00084EF90E00E94815920513109410951091B
:1047F00056954795379527952093B800DF91CF912F
:104800001F9108958B8D9C8D892B21F09EAD8FADCE
:104810009CBD8DBDEFA5F8A990818CA980958923B9
:104820008083ABCF16EAADCFEDA5FEA590818BA915
:104830008095892380838B8D9C8D892B39F01EBDBB
:1048400000000DB407FEFDCF8EB5BFCF28E030E0ED
:1048500090E8E9A5FAA589A9412F4923A9F040814B
:10486000842B8083EBA5FCA580814AA9842B8083BF
:10487000EBA5FCA540818AA9809584238083969529
:104880002150310931F7A1CF408180958423E9CFB0
:10489000EFA5F8A980819CA9892B8083AFCFE091F7
:1048A000771080917610E81730F4F0E0EA5FFF4E61
:1048B000808190E008958FEF9FEF08959091771099
:1048C000809176102FEF3FEF981748F4E92FF0E032
:1048D000EA5FFF4E208130E09F5F90937710C9011F
:1048E00008958091761090917710891B990B089507
:1048F000CF92DF92EF92FF920F931F93CF93DF93AC
:104900007C01CB018A012091E812222389F0EB017E
:104910006B01C40ED51ECC15DD0569F06991D70178
:10492000ED91FC910190F081E02DC7011995F3CF35
:10493000642F0E944922C801DF91CF911F910F91EE
:10494000FF90EF90DF90CF900895CF93DF931F9269
:10495000CDB7DEB769832091E8122223F9F02091C8
:104960000B13203258F021E030E0FC013383228326
:1049700090E080E00F90DF91CF9108958091E9124F
:10498000E82FF0E0E651FD4E998190838F5F809390
:10499000E91280930B1381E090E0ECCF61E0CE014F
:1049A00001960E944922F7CFCF93DF93EC018F89C4
:1049B000988DDC01ED91FC910284F385E02D199531
:1049C0000196A9F7DF91CF910895CF93DF931F92BE
:1049D000CDB7DEB76983DC0157968D919C91DC01E0
:1049E000ED91FC910280F381E02D41E050E0BE01A9
:1049F0006F5F7F4F19950F90DF91CF9108956115EB
:104A0000710559F0DC0157968D919C91DC01ED9177
:104A1000FC910280F381E02D199490E080E00895EC
:104A20004F925F926F927F928F929F92AF92BF92BE
:104A3000CF92DF92EF92FF920F931F93CF93DF936A
:104A40008C017B016A010E944B144B015C01D0E098
:104A5000C0E0D80157968D919C91DC01ED91FC91BD
:104A60000284F385E02D19958F3F980761F0E114DA
:104A7000F10421F0F701EC0FFD1F808321960E94C5
:104A80004B144B015C01CC15DD0584F40E944B14E2
:104A9000681979098A099B09F8014388548865884F
:104AA0007688461657066806790698F6CE01DF9195
:104AB000CF911F910F91FF90EF90DF90CF90BF901B
:104AC000AF909F908F907F906F905F904F900895E0
:104AD0002F923F924F925F926F927F928F929F920E
:104AE000AF92BF92CF92DF92EF92FF920F931F93FC
:104AF000CF93DF936C017B011A01480159010E9499
:104B00004B142B013C01D0E0C0E0D60157968D91AB
:104B10009C91DC01ED91FC910284F385E02D1995C7
:104B20008F3F980741F0E114F10421F0F701EC0FF9
:104B3000FD1F80832196C215D3055CF40E944B149F
:104B4000641975098609970986169706A806B90695
:104B5000E0F6CE01DF91CF911F910F91FF90EF9082
:104B6000DF90CF90BF90AF909F908F907F906F908D
:104B70005F904F903F902F900895EF92FF920F9388
:104B80001F93CF93DF931F92CDB7DEB77C011BE05D
:104B900000E0D701ED91FC910280F381E02D41E02E
:104BA00050E0BE016F5F7F4FC7011995009751F02C
:104BB00089818F3F11F40F3F69F01150082F49F799
:104BC00090E080E00F90DF91CF911F910F91FF90C7
:104BD000EF90089581E090E0F5CFFF920F931F933F
:104BE000CF93DF9300D01F92CDB7DEB7DC011496D0
:104BF0001C9214976E3F49F112962C91222329F1B1
:104C0000F62E8C010E94BD25892B11F1D801ED9162
:104C1000FC910280F381E02D44E050E0BE016F5F23
:104C20007F4FC8011995049799F48981F81210C033
:104C30008A81823069F48B8162E0680F6F0D609524
:104C40009C81691305C0F801848381E090E002C073
:104C500090E080E00F900F900F900F90DF91CF9138
:104C60001F910F91FF9008959F92AF92BF92CF92A4
:104C7000DF92EF92FF920F931F93CF93DF9300D0B9
:104C800000D0CDB7DEB76C01A62E942EF22EB32E37
:104C90008FEF89838A836B83ED8213E0100F1C836F
:104CA0004E83D601ED91FC910190F081E02D46E01C
:104CB00050E0BE016F5F7F4FC6011995190DE10EDF
:104CC000EA0C9F2DEF2DFB2D8191E80E8E2F891B75
:104CD0008017D0F3402F50E0D601ED91FC91019068
:104CE000F081E02D6F2D7B2DC60119956E2D6095FD
:104CF000D601ED91FC910680F781E02DC601199552
:104D000026960FB6F894DEBF0FBECDBFDF91CF91D0
:104D10001F910F91FF90EF90DF90CF90BF90AF90D9
:104D20009F900895AF92BF92CF92DF92EF92FF9241
:104D30000F931F93CF93DF9300D01F921F92CDB795
:104D4000DEB76C01162FA42EF22EB32E0D83DC01DC
:104D5000ED91FC910084F185E02D199582E0E82E1B
:104D600001E09E012B5F3F4F4A2D612FC6010E943B
:104D70003426D601ED91FC910284F385E02DC60125
:104D80001995C6010E94BD25892B99F410E000E019
:104D9000C8010F900F900F900F900F90DF91CF915F
:104DA0001F910F91FF90EF90DF90CF90BF90AF9049
:104DB0000895F60114820190F081E02D0280F381C4
:104DC000E02D43E050E0BE016F5F7F4FC6011995B3
:104DD0000397E1F68981811711F01E3FB9F64D81E5
:104DE00050E02A81CA0102962817190679F6D601E1
:104DF000ED91FC910280F381E02D6F2D7B2DC6019A
:104E000019950D8110E00817190709F0BFCFD601D9
:104E1000ED91FC910280F381E02D41E050E0BE0174
:104E20006C5F7F4FC6011995019709F0AFCF9B8149
:104E300089812A81820F890F3F2DEF2DFB2D2E2F87
:104E4000231B201711061CF42191820FF8CF8095A7
:104E50002C8128139BCFF60194839ACFEF92FF9277
:104E60000F93CF93DF931F921F92CDB7DEB77C01D4
:104E700002E09E012F5F3F4F0E949226029791F41D
:104E800029813A81F7018381882319F0322723276A
:104E90003227C9010F900F90DF91CF910F91FF90B2
:104EA000EF9008958FEF9FEFF5CF0F93CF93DF93A0
:104EB0001F92CDB7DEB701E09E012F5F3F4F0E94EA
:104EC0009226019739F4898190E00F90DF91CF917C
:104ED0000F9108958FEF9FEFF8CFCF92DF92EF926F
:104EE000FF920F931F93CF93DF931F92CDB7DEB73F
:104EF0006C01162FF42E2983DC01ED91FC910084C6
:104F0000F185E02D199583E0E82E01E09E012F5FE9
:104F10003F4F4F2D612FC6010E943426D601ED91DF
:104F2000FC910284F385E02DC6011995612FC6011D
:104F30000E94ED250F90DF91CF911F910F91FF906F
:104F4000EF90DF90CF900895CF92DF92EF92FF9293
:104F50000F931F93CF93DF93EC01162FF42E69016B
:104F6000E881F9810084F185E02D199583E0E82E30
:104F700096014F2D612FCE010E943426E881F981E0
:104F80000284F385E02DCE011995612FCE01DF91CA
:104F9000CF911F910F91FF90EF90DF90CF900C94E5
:104FA000ED25FC018381882329F0FB013083FA0180
:104FB00020830895FA013083FB01FACFCF93DF936A
:104FC000EC016F3F760769F488A599A5298D3A8D84
:104FD000232B99F497FF11C09F77919581959109A3
:104FE0000CC01A8E198E45E40E942E278F3F980719
:104FF00069F721E030E03A8F298FDF91CF91089552
:10500000CF93DF936F3F760731F4FC0185A190E0E9
:10501000DF91CF910895EC011A8E198E42E40E941F
:1050200055278F3F9807A1F721E030E03A8F298F6D
:10503000EFCFCF93DF936F3F760731F4FC0182A16E
:1050400090E0DF91CF910895EC011A8E198E4FE315
:105050000E9455278F3F9807A1F721E030E03A8F53
:10506000298FEFCFCF93DF936F3F760731F4FC01A9
:1050700081A190E0DF91CF910895EC011A8E198EF5
:105080004EE30E9455278F3F9807A1F721E030E0BB
:105090003A8F298FEFCFCF93DF93EC016F3F7607E5
:1050A00079F48F8D98A1298D3A8D232B31F492FFBD
:1050B00004C09B7F919581959109DF91CF910895CF
:1050C0001A8E198E4CE30E942E278F3F980759F7AE
:1050D00021E030E03A8F298FE6CFCF93DF93EC01C8
:1050E0006F3F760769F48D8D9E8D298D3A8D232B28
:1050F00099F497FF11C09F779195819591090CC004
:105100001A8E198E4AE30E942E278F3F980769F75F
:1051100021E030E03A8F298FDF91CF910895CF932E
:10512000DF93EC016F3F760779F48B8D9C8D298D91
:105130003A8D232B31F497FF04C09F779195819589
:105140009109DF91CF9108951A8E198E48E30E943C
:105150002E278F3F980759F721E030E03A8F298FAB
:10516000E6CF0F93CF93DF93EC019C01255E3F4F79
:105170000FE048E30E9492268F30910551F081E0C4
:1051800090E09A8F898F8FEF9FEFDF91CF910F91F2
:1051900008951A8E198EF9CF20E848E20C946D27F5
:1051A00021E047E30C946D2720E047E30C946D2742
:1051B000242F48E20C946D27CF92DF92EF92FF925A
:1051C0000F931F93CF93DF931F921F92CDB7DEB73C
:1051D0006C01162F7A0157FF05C0F194E194F10894
:1051E0006894F7F8298301E09E012F5F3F4F49E261
:1051F000612FC6010E94A4279701AE014E5F5F4F49
:10520000BE016F5F7F4FC6010E94D12702E09E0161
:105210002F5F3F4F4EE2612FC6010E94A4270F90DF
:105220000F90DF91CF911F910F91FF90EF90DF9042
:10523000CF90089521E041E20C946D27CF92DF9248
:10524000EF92FF920F931F93CF93DF9300D000D084
:105250001F92CDB7DEB76C01162F790157FF04C03E
:10526000519541955109506809839A01AE014D5FEE
:105270005F4FBE016E5F7F4FC6010E94D127D601EE
:1052800013968C918823D1F11C821D829701AE0167
:10529000495F5F4FBE016A5F7F4FC6010E94D12701
:1052A000D601ED91FC910084F185E02DC6011995A0
:1052B00084E0E82E07E09E012F5F3F4F49E2612F17
:1052C000C6010E943426D601ED91FC910284F3853B
:1052D000E02DC6011995612FC6010E94ED25279684
:1052E0000FB6F894DEBF0FBECDBFDF91CF911F91F7
:1052F0000F91FF90EF90DF90CF9008951D821C8258
:10530000C5CFCF92DF92EF92FF920F931F93CF936F
:10531000DF9300D000D01F92CDB7DEB77C01162FEF
:10532000690157FF04C0519541955109506809839F
:105330009A01AE014D5F5F4FBE016E5F7F4FC701A7
:105340000E94D127F7018381882321F11C821D82CD
:105350009601AE01495F5F4FBE016A5F7F4FC70193
:105360000E94D12707E09E012F5F3F4F49E2612F46
:10537000C7010E94A42727960FB6F894DEBF0FBE80
:10538000CDBFDF91CF911F910F91FF90EF90DF90F4
:10539000CF9008951D821C82DBCFFC01818D928D00
:1053A0000895DC015196ED91FC91529790815096B1
:1053B0008C91809589238083089520917A10309173
:1053C0007B102817390781F490917810809179101B
:1053D000981751F0E0917810F0E0EA53F04F808197
:1053E000082E000C990B08958FEF9FEF08952091E0
:1053F0007A1030917B102817390739F48FB7F89459
:1054000010927910109278108FBF089520917A1021
:1054100030917B102817390771F480917910209111
:10542000781090E0805C9F4F821B910960E470E0EF
:105430000E946D59089590E080E0089520917A10BF
:1054400030917B1028173907B9F49091781080912A
:105450007910981789F0E0917810F0E0EA53F04F56
:1054600080812091781030E02F5F3F4F2F733327DA
:105470002093781090E008958FEF9FEF089520E03B
:1054800001972FEF8F3F9207D9F708958F929F9240
:10549000AF92BF92CF92DF92EF92FF924B015C01ED
:1054A0000E944B14C0901013D0901113E09012136F
:1054B000F09013139B01AC012C193D094E095F09B3
:1054C00069017A01C501B4010E94FA5A2AE037ED58
:1054D00043EA5CE30E94505A20E030E84BEB55E48D
:1054E0000E94DF590E94C25A6C157D058E059F05EA
:1054F0004CF4809114139091151301969093151309
:10550000809314138AE794E10E944515892BE9F0F2
:105510008AE794E10E9423150497B9F48AE794E19D
:105520000E9423158F39910581F48AE794E10E9446
:1055300023158B36910549F480911413909115131E
:1055400001969093151380931413FF90EF90DF90C2
:10555000CF90BF90AF909F908F900895109232138C
:1055600010923313109234131092351310922A13A1
:1055700010922B1310922C1310922D1310922213B1
:1055800010922313109224131092251310921A13C1
:1055900010921B1310921C1310921D130895AF92BA
:1055A000BF92CF92DF92EF92FF920F931F93CF9310
:1055B000DF935B016A017901E80108EC20EA3FE032
:1055C000AC0161E08EEE95E10E94812920EA3FE086
:1055D000A50162E08EEE95E10E94812920EA3FE07C
:1055E000A60163E08EEE95E10E94812920EA3FE06A
:1055F000A70164E08EEE95E10E94812920EA3FE058
:10560000AE0165E08EEE95E10E948129DF91CF9198
:105610001F910F91FF90EF90DF90CF90BF90AF90D0
:1056200008950F931F930EEB1AE029E93BE04AE13E
:1056300059E06EEF76E08DE599E00E94CF2A60E2B6
:1056400073E080E090E00E94181424EE3BE04FE508
:1056500059E065E579E08DE599E00E94CF2A60E2A6
:1056600073E080E090E00E9418142FED3AE045E4EA
:1056700058E061E079E08DE599E00E94CF2A68E585
:1056800072E080E090E00E94181400E018E02FED36
:105690003AE045E458E061E079E08DE599E00E9468
:1056A000CF2A68E572E080E090E00E94181429E9B2
:1056B0003BE04AE159E06EEF76E08DE599E00E942B
:1056C000CF2A64EF71E080E090E01F910F910C947D
:1056D00018140F931F930EEB1AE029E93BE04AE1FF
:1056E00059E06EEF76E08EE096E00E94CF2A60E20D
:1056F00073E080E090E00E94181429E73BE042EF5D
:1057000058E064E179E08EE096E00E94CF2A60E202
:1057100073E080E090E00E94181423E43BE041EA4B
:1057200058E068E379E08EE096E00E94CF2A68E5D1
:1057300072E080E090E00E94181400E018E023E49A
:105740003BE041EA58E068E379E08EE096E00E94B1
:10575000CF2A68E572E080E090E00E94181429E901
:105760003BE04AE159E06EEF76E08EE096E00E9481
:10577000CF2A64EF71E080E090E01F910F910C94CC
:1057800018140F931F930EEB1AE029E93BE04AE14E
:1057900059E06EEF76E080EC97E00E94CF2A60E25D
:1057A00073E080E090E00E94181425E83BE042EFAF
:1057B00057E065E678E080EC97E00E94CF2A60E24F
:1057C00073E080E090E00E9418142EEE3AE040E78B
:1057D00057E06BE678E080EC97E00E94CF2A68E51E
:1057E00072E080E090E00E94181400E018E02EEED5
:1057F0003AE040E757E06BE678E080EC97E00E9403
:10580000CF2A68E572E080E090E00E94181429E950
:105810003BE04AE159E06EEF76E080EC97E00E94D1
:10582000CF2A64EF71E080E090E01F910F910C941B
:1058300018140F931F9300E018E029E93BE04AE1B8
:1058400059E06EEF76E086E699E00E94CF2A60E2AA
:1058500073E080E090E00E94181426EC3AE04BEFF1
:1058600057E066E379E086E699E00E94CF2A68E592
:1058700072E080E090E00E94181423E83AE043E2EE
:1058800058E061EC79E086E699E00E94CF2A60E971
:1058900071E080E090E00E9418140CE81AE023E820
:1058A0003AE043E258E061EC79E086E699E00E9454
:1058B000CF2A60E971E080E090E00E94181429E9A5
:1058C0003BE04AE159E06EEF76E086E699E00E941F
:1058D000CF2A6CE271E080E090E01F910F910C9470
:1058E00018140F931F930CE81AE029E93BE04AE1F2
:1058F00059E06EEF76E086E699E00E94CF2A60E2FA
:1059000073E080E090E00E94181426EC3AE04BEF40
:1059100057E066E379E086E699E00E94CF2A68E5E1
:1059200072E080E090E00E94181423E83AE043E23D
:1059300058E061EC79E086E699E00E94CF2A60E9C0
:1059400071E080E090E00E94181400E018E023E885
:105950003AE043E258E061EC79E086E699E00E94A3
:10596000CF2A60E971E080E090E00E94181429E9F4
:105970003BE04AE159E06EEF76E086E699E00E946E
:10598000CF2A6CE271E080E090E01F910F910C94BF
:1059900018140F931F9300E018E029E93BE04AE157
:1059A00059E06EEF76E082E096E00E94CF2A60E256
:1059B00073E080E090E00E9418142AE33AE04EE79A
:1059C00057E06DED78E082E096E00E94CF2A68E52E
:1059D00072E080E090E00E94181424E63AE045E48A
:1059E00058E06BED79E082E096E00E94CF2A60E912
:1059F00071E080E090E00E9418140CE81AE024E6C0
:105A00003AE045E458E06BED79E082E096E00E94F0
:105A1000CF2A60E971E080E090E00E94181429E943
:105A20003BE04AE159E06EEF76E082E096E00E94CA
:105A3000CF2A6CE271E080E090E01F910F910C940E
:105A400018140F931F930CE81AE029E93BE04AE190
:105A500059E06EEF76E082E096E00E94CF2A60E2A5
:105A600073E080E090E00E9418142AE33AE04EE7E9
:105A700057E06DED78E082E096E00E94CF2A68E57D
:105A800072E080E090E00E94181424E63AE045E4D9
:105A900058E06BED79E082E096E00E94CF2A60E961
:105AA00071E080E090E00E94181400E018E024E625
:105AB0003AE045E458E06BED79E082E096E00E9440
:105AC000CF2A60E971E080E090E00E94181429E993
:105AD0003BE04AE159E06EEF76E082E096E00E941A
:105AE000CF2A6CE271E080E090E01F910F910C945E
:105AF00018140F931F9300E018E029E93BE04AE1F6
:105B000059E06EEF76E088EA97E00E94CF2A60E2E3
:105B100073E080E090E00E9418142FE43AE04BEE2E
:105B200056E065EB78E088EA97E00E94CF2A68E5C6
:105B300072E080E090E00E94181424EC39E040EF1D
:105B400056E06FE379E088EA97E00E94CF2A60E9A7
:105B500071E080E090E00E9418140CE81AE024EC58
:105B600039E040EF56E06FE379E088EA97E00E9481
:105B7000CF2A60E971E080E090E00E94181429E9E2
:105B80003BE04AE159E06EEF76E088EA97E00E9458
:105B9000CF2A6CE271E080E090E01F910F910C94AD
:105BA00018140F931F930CE81AE029E93BE04AE12F
:105BB00059E06EEF76E088EA97E00E94CF2A60E233
:105BC00073E080E090E00E9418142FE43AE04BEE7E
:105BD00056E065EB78E088EA97E00E94CF2A68E516
:105BE00072E080E090E00E94181424EC39E040EF6D
:105BF00056E06FE379E088EA97E00E94CF2A60E9F7
:105C000071E080E090E00E94181400E018E024ECBD
:105C100039E040EF56E06FE379E088EA97E00E94D0
:105C2000CF2A60E971E080E090E00E94181429E931
:105C30003BE04AE159E06EEF76E088EA97E00E94A7
:105C4000CF2A6CE271E080E090E01F910F910C94FC
:105C500018140F931F9300E018E029E93BE04AE194
:105C600059E06EEF76E083EA91E00E94CF2A60E28D
:105C700073E080E090E00E9418142EEF3BE04CE6C9
:105C800057E06EE877E083EA91E00E94CF2A68EC63
:105C900070E080E090E00E9418142CE53BE044EBBB
:105CA00056E063E877E083EA91E00E94CF2A64E659
:105CB00070E080E090E00E9418140CE81AE02CE5F7
:105CC0003BE044EB56E063E877E083EA91E00E9432
:105CD000CF2A60E971E080E090E00E9418142EEF76
:105CE0003BE04CE657E06EE877E083EA91E00E9403
:105CF000CF2A68EC70E080E090E00E94181429E957
:105D00003BE04AE159E06EEF76E083EA91E00E94E1
:105D1000CF2A64E670E080E090E01F910F910C9430
:105D200018140F931F9300E018E029E93BE04AE1C3
:105D300059E06EEF76E089EC9FE00E94CF2A60E2A6
:105D400073E080E090E00E9418142EEF3BE04CE6F8
:105D500057E06EE877E089EC9FE00E94CF2A68EC7C
:105D600070E080E090E00E9418142CE53BE041EBED
:105D700056E06CE777E089EC9FE00E94CF2A64E66A
:105D800070E080E090E00E9418140CE81AE02CE526
:105D90003BE041EB56E06CE777E089EC9FE00E9446
:105DA000CF2A60E971E080E090E00E9418142EEFA5
:105DB0003BE04CE657E06EE877E089EC9FE00E941C
:105DC000CF2A68EC70E080E090E00E94181429E986
:105DD0003BE04AE159E06EEF76E089EC9FE00E94FB
:105DE000CF2A64E670E080E090E01F910F910C9460
:105DF00018140F931F9300E018E029E93BE04AE1F3
:105E000059E06EEF76E08DEE9DE00E94CF2A60E2D1
:105E100073E080E090E00E9418142EEF3BE04CE627
:105E200057E06EE877E08DEE9DE00E94CF2A68ECA7
:105E300070E080E090E00E94181422E33BE045EC23
:105E400056E068E877E08DEE9DE00E94CF2A64E698
:105E500070E080E090E00E9418140CE81AE022E361
:105E60003BE045EC56E068E877E08DEE9DE00E946F
:105E7000CF2A60E971E080E090E00E9418142EEFD4
:105E80003BE04CE657E06EE877E08DEE9DE00E9447
:105E9000CF2A68EC70E080E090E00E94181429E9B5
:105EA0003BE04AE159E06EEF76E08DEE9DE00E9426
:105EB000CF2A64E670E080E090E01F910F910C948F
:105EC0001814CF93DF93C091BA12D091BB12E4E6BD
:105ED000F0E0CE01BF010E946D597093A30F609353
:105EE000A20F2AE030E0CE01B9010E946D59EC0109
:105EF000CB01B9010E946D599093A10F8093A00F1F
:105F0000D0939F0FC0939E0FC091AD12D091AE124F
:105F1000CE01BF010E946D59FB017093BF0F6093CA
:105F2000BE0FCE01B9010E946D59EC01CB01B90140
:105F30000E946D599093C10F8093C00FD093BD0FF5
:105F4000C093BC0F319721F40E94F92E0E94112BAF
:105F50008091BE0F9091BF0F029721F40E94F92EFD
:105F60000E94C12B8091BE0F9091BF0F039721F427
:105F70000E94F92E0E94692B8091C00F9091C10F51
:105F8000019721F40E94912E0E94112B8091C00F45
:105F90009091C10F029721F40E94912E0E94C12B73
:105FA0008091C00F9091C10F039721F40E94912E10
:105FB0000E94692B8091BC0F9091BD0F019721F435
:105FC0000E94292E0E94112B8091BC0F9091BD0F31
:105FD000029721F40E94292E0E94C12B8091BC0FB0
:105FE0009091BD0F039731F40E94292EDF91CF913C
:105FF0000C94692BDF91CF910895CF93DF93C091DB
:10600000BA12D091BB12E4E6F0E0CE01BF010E94CB
:106010006D597093A30F6093A20F2AE030E0CE0178
:10602000B9010E946D59EC01CB01B9010E946D5973
:106030009093A10F8093A00FD0939F0FC0939E0FBA
:10604000C091AD12D091AE12CE01BF010E946D5928
:10605000FB017093BF0F6093BE0FCE01B9010E9488
:106060006D59EC01CB01B9010E946D599093C10F9C
:106070008093C00FD093BD0FC093BC0F319721F414
:106080000E94F92E0E94712C8091BE0F9091BF0F3B
:10609000029721F40E94F92E0E94D12D8091BE0F0B
:1060A0009091BF0F039721F40E94F92E0E94212D99
:1060B0008091C00F9091C10F019721F40E94912E01
:1060C0000E94712C8091C00F9091C10F029721F412
:1060D0000E94912E0E94D12D8091C00F9091C10FEE
:1060E000039721F40E94912E0E94212D8091BC0FD4
:1060F0009091BD0F019721F40E94292E0E94712CCE
:106100008091BC0F9091BD0F029721F40E94292E1F
:106110000E94D12D8091BC0F9091BD0F039731F457
:106120000E94292EDF91CF910C94212DDF91CF91E8
:1061300008950F931F93CF93DF93C091BA12D0911C
:10614000BB1204E610E0CE01B8010E946D59FB01BC
:106150007093A30F6093A20F2AE030E0CE01B90143
:106160000E946D59EC01CB01B9010E946D599093C9
:10617000A10F8093A00FD0939F0FC0939E0FC0914B
:10618000AD12D091AE12CE01B8010E946D5970933C
:10619000BF0F6093BE0FCE01B9010E946D59EC0193
:1061A000CB01B9010E946D599093C10F8093C00F2C
:1061B000D093BD0FC093BC0F319721F40E94F92EEC
:1061C0000E94712C8091A20F9091A30F029721F44D
:1061D0000E94F92E0E94D12D8091A20F9091A30FC1
:1061E000039721F40E94F92E0E94212D8091A00F87
:1061F0009091A10F019721F40E94912E0E94712C81
:106200008091A00F9091A10F029721F40E94912EEE
:106210000E94D12D8091A00F9091A10F039721F49E
:106220000E94912E0E94212D80919E0F90919F0F90
:10623000019721F40E94292E0E94712C80919E0FBB
:1062400090919F0F029721F40E94292E0E94D12D38
:1062500080919E0F90919F0F039741F40E94292EE9
:10626000DF91CF911F910F910C94212DDF91CF9150
:106270001F910F9108950F931F930CE81AE029E9DD
:106280003BE04AE159E06EEF76E083EA91E00E945C
:10629000CF2A60E273E080E090E00E9418142EEFB5
:1062A0003BE04CE657E06EE877E083EA91E00E943D
:1062B000CF2A60E971E080E090E00E9418142CE59C
:1062C0003BE044EB56E063E877E083EA91E00E942C
:1062D000CF2A60E971E080E090E00E94181400E0AD
:1062E00018E02CE53BE044EB56E063E877E083EA16
:1062F00091E00E94CF2A68EC70E080E090E00E947C
:10630000181426EE3AE044ED57E064EA76E083EABA
:1063100091E00E94CF2A64E670E080E090E01F9157
:106320000F910C9418140F931F9364E670E080E0B3
:1063300090E00E94181400E018E02BEE3AE04BECDD
:1063400057E06EE978E085EC9CE00E94CF2A68E592
:1063500072E080E090E00E9418140CE81AE02BEE46
:106360003AE04BEC57E06EE978E085EC9CE00E9467
:10637000CF2A60E971E080E090E00E94181429E9DA
:106380003BE04AE159E068E077E085EC9CE00E9460
:10639000CF2A68EC70E080E090E00E94181429E9B0
:1063A0003BE04AE159E068E077E083EA91E00E944F
:1063B000CF2A68EE73E080E090E00E9418142EEF80
:1063C0003BE04CE657E06EE877E083EA91E00E941C
:1063D000CF2A60E971E080E090E00E9418142CE57B
:1063E0003BE044EB56E063E877E083EA91E00E940B
:1063F000CF2A68EC70E080E090E00E94181400E082
:1064000018E02CE53BE044EB56E063E877E083EAF4
:1064100091E00E94CF2A68EC70E080E090E00E945A
:10642000181426EE3AE044ED57E064EA76E083EA99
:1064300091E00E94CF2A64E670E080E090E01F9136
:106440000F910C9418140F931F930CE81AE029E98C
:106450003BE04AE159E06EEF76E089EC9FE00E9474
:10646000CF2A60E273E080E090E00E9418142EEFE3
:106470003BE04CE657E06EE877E089EC9FE00E9455
:10648000CF2A60E971E080E090E00E9418142CE5CA
:106490003BE041EB56E06CE777E089EC9FE00E943F
:1064A000CF2A60E971E080E090E00E94181400E0DB
:1064B00018E02CE53BE041EB56E06CE777E089EC37
:1064C0009FE00E94CF2A68EC70E080E090E00E949C
:1064D000181426EE3AE044ED57E064EA76E082ECE8
:1064E0009FE00E94CF2A64E670E080E090E01F9178
:1064F0000F910C9418140F931F930CE81AE029E9DC
:106500003BE04AE159E06EEF76E08DEE9DE00E94BF
:10651000CF2A60E273E080E090E00E9418142EEF32
:106520003BE04CE657E06EE877E08DEE9DE00E94A0
:10653000CF2A60E971E080E090E00E94181422E325
:106540003BE045EC56E068E877E08DEE9DE00E9488
:10655000CF2A60E971E080E090E00E94181400E02A
:1065600018E022E33BE045EC56E068E877E08DEE8A
:106570009DE00E94CF2A68EC70E080E090E00E94ED
:10658000181426EE3AE044ED57E064EA76E08DEE2A
:106590009DE00E94CF2A64E670E080E090E01F91C9
:1065A0000F910C941814CF93DF93C091BA12D0912D
:1065B000BB12E4E6F0E0CE01BF010E946D5970937A
:1065C000A30F6093A20F2AE030E0CE01B9010E9430
:1065D0006D59EC01CB01B9010E946D599093A10F47
:1065E0008093A00FD0939F0FC0939E0FC091AD12C8
:1065F000D091AE12CE01BF010E946D59FB01709384
:10660000BF0F6093BE0FCE01B9010E946D59EC011E
:10661000CB01B9010E946D599093C10F8093C00FB7
:10662000D093BD0FC093BC0F319721F40E94192C59
:106630000E947B328091BE0F9091BF0F029721F490
:106640000E94792D0E947B328091BE0F9091BF0FE6
:10665000039721F40E94C92C0E947B328091C00FC5
:106660009091C10F019721F40E94192C0E942332AE
:106670008091C00F9091C10F029721F40E94792D53
:106680000E9423328091C00F9091C10F039721F493
:106690000E94C92C0E9423328091BC0F9091BD0FA3
:1066A000019721F40E94192C0E943B318091BC0F6C
:1066B0009091BD0F029721F40E94792D0E943B31E9
:1066C0008091BC0F9091BD0F039731F40E94C92CAB
:1066D000DF91CF910C943B31DF91CF910895CF930F
:1066E000DF93C091BA12D091BB12CE0164E670E084
:1066F0000E946D599B017093A30F6093A20FEAE073
:10670000F0E0CE01BF010E946D59EC01CB01BF0149
:106710000E946D599093A10F8093A00FD0939F0F6B
:10672000C0939E0F8091BE0F9091BF0F281739071D
:1067300021F40E94C92C0E947B322091A20F30913B
:10674000A30F8091C00F9091C10F2817390721F432
:106750000E94792D0E947B322091A20F3091A30FCD
:106760008091BC0F9091BD0F2817390721F40E942A
:10677000192C0E947B322091A00F3091A10F8091A3
:10678000BE0F9091BF0F2817390721F40E94C92C22
:106790000E9423322091A00F3091A10F8091C00F51
:1067A0009091C10F2817390721F40E94792D0E947A
:1067B00023322091A00F3091A10F8091BC0F9091B6
:1067C000BD0F2817390721F40E94192C0E9423328B
:1067D00020919E0F30919F0F8091BE0F9091BF0F1F
:1067E0002817390721F40E94C92C0E943B312091BF
:1067F0009E0F30919F0F8091C00F9091C10F28176D
:10680000390721F40E94792D0E943B3120919E0F7F
:1068100030919F0F8091BC0F9091BD0F28173907C1
:1068200031F40E94192CDF91CF910C943B31DF9110
:10683000CF9108950F931F93CF93DF93C091BA1216
:10684000D091BB1204E610E0CE01B8010E946D5950
:10685000FB017093A30F6093A20F2AE030E0CE01FA
:10686000B9010E946D59EC01CB01B9010E946D592B
:106870009093A10F8093A00FD0939F0FC0939E0F72
:10688000C091AD12D091AE12CE01B8010E946D59E7
:106890007093BF0F6093BE0FCE01B9010E946D5976
:1068A000EC01CB01B9010E946D599093C10F809307
:1068B000C00FD093BD0FC093BC0F319721F40E943D
:1068C000192C0E947B328091A20F9091A30F029706
:1068D00021F40E94792D0E947B328091A20F909129
:1068E000A30F039721F40E94C92C0E947B32809150
:1068F000A00F9091A10F019721F40E94192C0E94E2
:1069000023328091A00F9091A10F029721F40E9451
:10691000792D0E9423328091A00F9091A10F0397AF
:1069200021F40E94C92C0E94233280919E0F9091E5
:106930009F0F019721F40E94192C0E943B318091F6
:106940009E0F90919F0F029721F40E94792D0E9433
:106950003B3180919E0F90919F0F039741F40E94CD
:10696000C92CDF91CF911F910F910C943B31DF9196
:10697000CF911F910F9108950F931F9300E018E09E
:106980002DEA3CE044E359E06FE878E08EEC97E0D4
:106990000E94CF2A1F910F9108950F931F9300E03B
:1069A00018E026EE3AE044ED57E064EA76E083EF43
:1069B0009CE00E94CF2A1F910F9108950F931F937F
:1069C00000E018E02AEA3CE04BE259E068E678E0B3
:1069D00083EF9CE00E94CF2A1F910F9108950F939F
:1069E0001F9364E670E080E090E00E94181400E0DD
:1069F00018E02BEE3AE04BEC57E06EE978E085ECDE
:106A00009CE00E94CF2A68E572E080E090E00E945E
:106A100018140CE81AE02BEE3AE04BEC57E06EE964
:106A200078E085EC9CE00E94CF2A60E971E080E08C
:106A300090E00E94181429E93BE04AE159E068E03F
:106A400077E085EC9CE00E94CF2A68EC70E080E063
:106A500090E00E94181429E93BE04AE159E068E01F
:106A600077E089EC9FE00E94CF2A60E971E080E046
:106A700090E00E9418142EEF3BE04CE657E06EE8E1
:106A800077E089EC9FE00E94CF2A60E971E080E026
:106A900090E00E9418142CE53BE041EB56E06CE7D7
:106AA00077E089EC9FE00E94CF2A68EC70E080E0FC
:106AB00090E00E94181400E018E02CE53BE041EB68
:106AC00056E06CE777E089EC9FE00E94CF2A68EC03
:106AD00070E080E090E00E94181426EE3AE044ED69
:106AE00057E064EA76E089EC9FE00E94CF2A64E6F2
:106AF00070E080E090E00E9418140E94CD346AEFAC
:106B000070E080E090E00E9418140E94DE3468EE8D
:106B100073E080E090E01F910F910C9418140F9394
:106B20001F9364E670E080E090E00E94181400E09B
:106B300018E02BEE3AE04BEC57E06EE978E085EC9C
:106B40009CE00E94CF2A68E572E080E090E00E941D
:106B500018140CE81AE02BEE3AE04BEC57E06EE923
:106B600078E085EC9CE00E94CF2A60E971E080E04B
:106B700090E00E94181429E93BE04AE159E068E0FE
:106B800077E085EC9CE00E94CF2A68EC70E080E022
:106B900090E00E94181429E93BE04AE159E068E0DE
:106BA00077E08DEE9DE00E94CF2A6CE271E080E0FC
:106BB00090E00E9418142EEF3BE04CE657E06EE8A0
:106BC00077E08DEE9DE00E94CF2A60E971E080E0E1
:106BD00090E00E94181422E33BE045EC56E068E8A0
:106BE00077E08DEE9DE00E94CF2A68EC70E080E0B7
:106BF00090E00E94181400E018E022E33BE045EC2E
:106C000056E068E877E08DEE9DE00E94CF2A68ECC0
:106C100070E080E090E00E94181426EE3AE044ED27
:106C200057E064EA76E08DEE9DE00E94CF2A64E6AC
:106C300070E080E090E00E9418140E94CD346AEF6A
:106C400070E080E090E00E9418140E94DE3468EE4C
:106C500073E080E090E01F910F910C9418140F9353
:106C60001F9300E619E025EC38E04EE755E06FEEA3
:106C700075E080EE9BE00E94CF2A1F910F9108954E
:106C80000F9308EC20EA3FE04AEF5FE061E08EEE10
:106C900095E10E94812920EA3FE04CE657E062E05E
:106CA0008EEE95E10E94812920EA3FE040E058E025
:106CB00063E08EEE95E10E94812920EA3FE040EFFB
:106CC0005AE064E08EEE95E10E94812920EA3FE0DF
:106CD0004CE85AE065E08EEE95E10E9481290F9123
:106CE0000895CF93DF9384E696E10E94062A892BCC
:106CF00009F483C084E696E10E941E2A8A3A91052F
:106D000009F07BC090938D0F80938C0F84E696E101
:106D10000E941E2A8A3A910509F06FC090938F0F46
:106D200080938E0F82E090E090938B0F80938A0F78
:106D3000C0918A0FD0918B0FC930D1058CF484E6B5
:106D400096E10E941E2AFE01EE0FFF1FE457F04F4E
:106D5000918380832196D0938B0FC0938A0FE8CFC5
:106D60004091920F5091930FE091940FF091950FF5
:106D70002091960F3091970F6091980F7091990F15
:106D800080918C0F90918D0FA0918E0FB0918F0FED
:106D90008A0F9B1FA091900FB091910F8A0F9B1F9C
:106DA000840F951F8E0F9F1F820F931F860F971FB3
:106DB000A0919A0FB0919B0F8A0F9B1FA0919C0FDF
:106DC000B0919D0F8A171B06C1F4542F4427E40F7E
:106DD000F51FF0933F13E0933E13322F2227620FEB
:106DE000731F70933D1360933C1362E370E080E087
:106DF00090E0DF91CF910C941814DF91CF9108951A
:106E0000CF93DF9384E696E10E94062A892B09F44A
:106E100077C084E696E10E941E2A8A3A910509F01D
:106E20006FC090938D0F80938C0F84E696E10E9443
:106E30001E2A8A3A910509F063C090938F0F8093C0
:106E40008E0F82E090E090938B0F80938A0FC09119
:106E50008A0FD0918B0FC930D1058CF484E696E16E
:106E60000E941E2AFE01EE0FFF1FE457F04F918390
:106E700080832196D0938B0FC0938A0FE8CF209107
:106E80009A0F30919B0F80918C0F90918D0F4091B4
:106E90008E0F50918F0F840F951F4091900F50913E
:106EA000910F840F951F4091920F5091930F840F73
:106EB000951F4091940F5091950F840F951F40910D
:106EC000960F5091970F840F951F4091980F5091F6
:106ED000990F840F951F820F931F40919C0F509123
:106EE0009D0F8417150661F43093C30F2093C20FD2
:106EF00064E670E080E090E0DF91CF910C9418148C
:106F0000DF91CF910895CF93DF93EC0145E050E0FE
:106F100061E077E0009739F08130910579F445E040
:106F200050E061E076E084E696E10E9497142597B0
:106F3000F9F445E050E061E072E014C045E050E053
:106F400061E075E08230910569F045E050E061E074
:106F500074E08330910531F045E050E061E073E08A
:106F6000049729F784E696E1DF91CF910C9497146A
:106F7000DF91CF910895CF93DF938091C40F9091CB
:106F8000C50F892BB1F51092C30F1092C20F10924A
:106F9000C10F1092C00F0E94BC3485E090E00E94A7
:106FA000833764E670E080E090E00E9418140E944D
:106FB000003781E090E09093C10F8093C00F9093D1
:106FC000C50F8093C40F90E080E00E94833764E691
:106FD00070E080E090E00E94181484E696E10E9440
:106FE0001E2A97FFFACF68E873E180E090E00E94E4
:106FF0001814C091C40FD091C50FC130D105A1F5AF
:107000001092C30F1092C20F1092BF0F1092BE0FBA
:1070100085E090E00E94833764E670E080E090E0D5
:107020000E9418140E940037D093BF0FC093BE0F68
:1070300082E090E09093C50F8093C40F90E080E0D1
:107040000E94833764E670E080E090E00E941814AC
:1070500084E696E10E941E2A97FFFACF68E873E162
:1070600080E090E00E9418148091C40F9091C50FA9
:10707000029751F51092C30F1092C20F1092BD0FDC
:107080001092BC0F85E090E00E9483370E94003789
:1070900081E090E09093BD0F8093BC0F83E090E07F
:1070A0009093C50F8093C40F90E080E00E948337D7
:1070B00064E670E080E090E00E94181484E696E1B7
:1070C0000E941E2A97FFFACF8091C40F9091C50F9E
:1070D0000397E9F41092C30F1092C20F90E080E082
:1070E0000E94833764E670E080E090E00E9418140C
:1070F00084E696E10E941E2A97FFFACF809114132E
:107100009091151301969093151380931413DF91AA
:10711000CF9108958091BA129091BB12892BC9F03A
:107120008091AD129091AE12892B99F08091141339
:10713000909115130196909315138093141390E07A
:1071400080E00E94833784E696E10E941E2A97FF22
:10715000FACF08958091B40F9091B50F0196909356
:10716000B50F8093B40F2091B20F3091B30F24303C
:10717000310519F0833C91406CF18091141390918A
:107180001513019690931513809314131092B30F57
:107190001092B20F1092B10F1092B00F1092C30F55
:1071A0001092C20F1092AF0F1092AE0F1092AD0F4F
:1071B0001092AC0F1092B50F1092B40F0E94AE2A2D
:1071C00090E080E00E94833784E696E10E941E2AC8
:1071D00097FFFACF08958091B40F9091B50F019663
:1071E0009093B50F8093B40F2091AA0F3091AB0FFD
:1071F0002430310519F0853F91406CF180911413D2
:107200009091151301969093151380931413109277
:10721000AB0F1092AA0F1092A90F1092A80F109204
:10722000C30F1092C20F1092A70F1092A60F1092C8
:10723000A50F1092A40F1092B50F1092B40F0E94D8
:10724000AE2A90E080E00E94833784E696E10E94B7
:107250001E2A97FFFACF089570E060E081E090E089
:107260000E94C41470E060E082E090E00E94C414C8
:1072700061E070E083E090E00E94C41461E070E09F
:1072800084E090E00C94C4148091B80F9091B90FF1
:1072900001969093B90F8093B80F209136133091D7
:1072A0003713263031051CF4873491053CF10E94D8
:1072B0002C39809114139091151301969093151306
:1072C0008093141310923F1310923E1310923D13AB
:1072D00010923C1310923713109236131092B90F7C
:1072E0001092B80F0E94AE2A90E080E00E9483378F
:1072F00084E696E10E941E2A97FFFACF08950F9325
:107300001F93CF93DF93CDB7DEB7CC5ED1090FB615
:10731000F894DEBF0FBECDBFDE01199694EEFD01DD
:1073200011929A95E9F79DEF9A8390E59D839BE6EC
:1073300099876115710511F060E170E089836B83B5
:107340004C83C901B80120E030E041E050E00E94E8
:10735000A3592E8320E031E040E050E00E94A35981
:107360002F83688749E050E0BE016F5F7F4F8AE757
:1073700094E10E94971467E070E080E090E00E9442
:107380001814C451DF4F0FB6F894DEBF0FBECDBF47
:10739000DF91CF911F910F9108950F931F9304EAEE
:1073A00010E520E030E042E350E070E060E081E092
:1073B00090E00E947F3904EA10E520E030E042E3EB
:1073C00050E061E070E084E090E00E947F398091BD
:1073D0001413909115130196909315138093141321
:1073E0000E944B1460931013709311138093121327
:1073F000909313131F910F910895CF92DF92EF9204
:10740000FF920F931F930E94FA5A22E634EF4DEF3A
:1074100059E30E94505A0E94C25A7C019C018B0180
:107420004CE350E061E070E081E090E00E947F3941
:1074300097014CE350E061E070E082E090E00E9450
:107440007F3997014CE350E070E060E083E090E02A
:107450000E947F3997014CE350E070E060E084E0E7
:1074600090E00E947F39809114139091151301963A
:1074700090931513809314130E944B146093101370
:107480007093111380931213909313131F910F9104
:10749000FF90EF90DF90CF900895CF92DF92EF9220
:1074A000FF920F931F930E94FA5A22E634EF4DEF9A
:1074B00059E30E94505A0E94C25A7C019C018B01E0
:1074C0004CE350E070E060E081E090E00E947F39A2
:1074D00097014CE350E070E060E082E090E00E94B1
:1074E0007F3997014CE350E061E070E083E090E089
:1074F0000E947F3997014CE350E061E070E084E046
:1075000090E00E947F398091141390911513019699
:1075100090931513809314130E944B1460931013CF
:107520007093111380931213909313131F910F9163
:10753000FF90EF90DF90CF900895CF92DF92EF927F
:10754000FF920F931F936B017C010E944B14609379
:107550001013709311138093121390931313C70198
:10756000B6010E94FA5A22E634EF4DEF59E30E9429
:10757000505A0E94C25A7C019C018B0146E450E0A3
:1075800070E060E081E090E00E947F39970146E47E
:1075900050E061E070E082E090E00E947F39970166
:1075A00046E450E070E060E083E090E00E947F39C4
:1075B000970146E450E061E070E084E090E00E94D2
:1075C0007F398091141390911513019690931513A0
:1075D000809314130E944B14609310137093111333
:1075E00080931213909313131F910F91FF90EF90BC
:1075F000DF90CF900895CF92DF92EF92FF920F939A
:107600001F930E94FA5A22E634EF4DEF59E30E948D
:10761000505A0E94C25A7C019C018B0146E450E002
:1076200061E070E081E090E00E947F39970146E4DC
:1076300050E070E060E082E090E00E947F399701C6
:1076400046E450E061E070E083E090E00E947F3922
:10765000970146E450E070E060E084E090E00E9432
:107660007F398091141390911513019690931513FF
:10767000809314130E944B14609310137093111392
:1076800080931213909313131F910F91FF90EF901B
:10769000DF90CF900895CF93DF93CDB7DEB7CC5E68
:1076A000D1090FB6F894DEBF0FBECDBFFE013796ED
:1076B00096EEDF011D929A95E9F796EF9A839FEF78
:1076C0009D839BE69E836115710511F060E170E07A
:1076D00089836B834C8346E050E0BE016F5F7F4F30
:1076E0008AE794E10E94971466E070E080E090E001
:1076F0000E941814C451DF4F0FB6F894DEBF0FBEBE
:10770000CDBFDF91CF910895EF92FF920F931F931A
:10771000CF93DF937B018A01E90197FD2EC0AC0175
:1077200061E070E081E090E00E944B3BF7FC2CC0F0
:10773000A70170E060E082E090E00E944B3B17FD03
:107740002AC0A80161E070E083E090E00E944B3B1A
:10775000AE0170E060E0D7FF06C0442755274C1B00
:107760005D0B61E070E084E090E0DF91CF911F91CC
:107770000F91FF90EF900C944B3B44275527481BEB
:10778000590B70E060E0CECF442755274E195F09B2
:1077900061E070E0D0CF44275527401B510B70E0CB
:1077A00060E0D2CF4F925F926F927F928F929F92C2
:1077B000AF92BF92CF92DF92EF92FF920F931F93FF
:1077C000CF93DF9320913E1330913F1380913C1370
:1077D00090913D132115310519F4009709F4FFC06C
:1077E000E0EAF0E0E21BF30B28E730E0281B390B5E
:1077F0008F010C5E1F4F0932110548F0CF016AE07E
:1078000070E00E946D5970933B1360933A13E90145
:107810006496C932D10548F0C9016AE070E00E945F
:107820006D597093391360933813CF0105974097C2
:1078300030F481E090E090933B1380933A13C901B8
:107840000597409730F481E090E09093391380934E
:1078500038130031110530F48FEF9FEF90933B13F5
:1078600080933A13609730F48FEF9FEF9093391322
:10787000809338133496399720F410923B1310926A
:107880003A132C5F3F4F2930310520F41092391301
:1078900010923813C0913A13D0913B13BE010D2EB4
:1078A000000C880B990B0E94FA5A2B013C01409264
:1078B000321350923313609234137092351366274B
:1078C00077276C1B7D0B072E000C880B990B0E94F1
:1078D000FA5A4B015C0180922A1390922B13A092CA
:1078E0002C13B0922D138092221390922313A09206
:1078F0002413B092251340921A1350921B136092D6
:107900001C1370921D1300913813109139136627C0
:107910007727601B710B072E000C880B990B0E94B8
:10792000FA5A6B017C01C0922E13D0922F13E09271
:107930003013F0923113C0922613D0922713E092A5
:107940002813F0922913C0921E13D0921F13E092B5
:107950002013F0922113C0921613D0921713E092C5
:107960001813F0921913CD2B59F4012B49F480917F
:1079700036139091371301969093371380933613F3
:10798000A7019601C301B2010E94DF590E94C25AA9
:107990002B01A7019601C501B4010E94DF590E9485
:1079A000C25A9201AB01C2010E94843B10923F1364
:1079B00010923E1310923D1310923C13DF91CF9121
:1079C0001F910F91FF90EF90DF90CF90BF90AF90FD
:1079D0009F908F907F906F905F904F90089561E09F
:1079E00070E081E090E00E94C41461E070E082E009
:1079F00090E00E94C41461E070E083E090E00E9497
:107A0000C41461E070E084E090E0DF91CF911F91B9
:107A10000F91FF90EF90DF90CF90BF90AF909F902D
:107A20008F907F906F905F904F900C94C414CF9282
:107A3000DF92EF92FF920F931F93CF93DF936C012E
:107A4000EB017B01E40EF51E10E000E0CE15DF0532
:107A500061F06991D601ED91FC910190F081E02DEA
:107A6000C6011995080F191FF1CFC801DF91CF91F9
:107A70001F910F91FF90EF90DF90CF9008950895A0
:107A800090E080E00895DF92EF92FF920F931F93B2
:107A9000CF93DF93EC01898D9A8D892B71F481E06E
:107AA00090E09B838A8390E080E0DF91CF911F91EB
:107AB0000F91FF90EF90DF900895162FDFB6F894A6
:107AC0008B8D81FD29C0CE010E94D129898D9A8D8F
:107AD00005960E943F2A8B8D98E0E92EF12C01E05B
:107AE00081FF28C0812F8023F1F0CE010E94D1298F
:107AF000898D9A8D0E943F2A000F81E0E81AF108D3
:107B000089F7CE010E94D129DFBE898D9A8D0E940E
:107B10003F2A81E090E0C9CFE989FA89808198897C
:107B2000892B8083D3CFE989FA8980819889892B31
:107B30008083DECF812F8023B1F0E989FA898081AB
:107B40009889892B8083898D9A8D0E943F2A000F06
:107B500081E0E81AF10871F7E989FA89808198894A
:107B6000892B8083D1CFCE010E94D129ECCF4F92B7
:107B70005F926F927F928F929F92AF92BF92EF929D
:107B8000FF920F931F93CF93DF9300D000D000D0CC
:107B9000CDB7DEB7182FCE0101967C0189E0F70141
:107BA00011928A95E9F781E08093E81210930A1305
:107BB0001092E91210920B133DE0A32E38E0B32E81
:107BC00042E1842E48E0942EF50161915F0188E145
:107BD00096E10E94A5248A149B04B1F780E00E94DC
:107BE000AF220E94F3134B015C018091E2128111DC
:107BF00066C081E08093E2128093E1129FEF909340
:107C0000E0121092DF1298E09093DE128093BD1282
:107C10008091BD12110F182B1093BD128091BC12D0
:107C2000813009F089C01092BC120E94F3134B01FD
:107C30005C018091BD128093BB008091E412909111
:107C4000E512A091E612B091E712892B8A2B8B2BBB
:107C5000A1F00E94F3130091E4121091E51220911B
:107C6000E6123091E712681979098A099B0906170B
:107C700017072807390708F443C08091BC0083FD2B
:107C8000D8CF85EC8093BC000E94F3134B015C01BC
:107C90008091E212813009F451C08091DF1209E035
:107CA000893010F40091DF12AEEBB2E1E6E0F0E1D2
:107CB00080E0801751F19D9191938F5FFACF809171
:107CC000E4129091E512A091E612B091E712892B8F
:107CD0008A2B8B2B09F489CF0E94F3134090E41276
:107CE0005090E5126090E6127090E71268197909D9
:107CF0008A099B09461657066806790608F075CF6B
:107D00008091E3120E948E2200E01092771000937F
:107D1000761010E080917710081791F188E196E1D4
:107D20000E945E24F701E10FF11D17FDFA95808393
:107D30001F5F193078F3EDCF85EEA4CF8091E41268
:107D40009091E512A091E612B091E712892B8A2B4F
:107D50008B2B09F49DCF0E94F3130091E412109134
:107D6000E5122091E6123091E712681979098A0923
:107D70009B09061717072807390708F089CFC0CFD6
:107D80008C8190E0982F88272B81820F911D299656
:107D90000FB6F894DEBF0FBECDBFDF91CF911F911C
:107DA0000F91FF90EF90BF90AF909F908F907F903A
:107DB0006F905F904F90089525E030E04BEF5FEFBC
:107DC0006BEF7FEF85E090E00E94843B80E10E94B2
:107DD000B73D9093B9128093B81283978CF40E94A8
:107DE0002C3968EE73E080E090E00E9418148091D6
:107DF00014139091151301969093151380931413F7
:107E000008959C01AC01BC010E94843B80E20E9469
:107E1000B73D9093BB0F8093BA0F4E975CF40E94CE
:107E20002C3980911413909115130196909315138A
:107E3000809314130895CF92DF92EF92FF92CF9325
:107E4000DF93EC0180E20E94B73D8C1B9D0BBC01CF
:107E5000990F880B990B0E94FA5A20E030E040EC11
:107E60005FE30E94AF5B0E94C25A673471050CF059
:107E70004FC07093730F6093720F8091720F909147
:107E8000730F8A3B9F4F34F48AEB9FEF9093730FED
:107E90008093720FC091720FD091730FBE010D2E9F
:107EA000000C880B990B0E94FA5A6B017C01C0925E
:107EB0002E13D0922F13E0923013F09231136627D5
:107EC00077276C1B7D0B072E000C880B990B0E94EB
:107ED000FA5A609326137093271380932813909374
:107EE000291360931E1370931F1380932013909394
:107EF0002113C0921613D0921713E0921813F09228
:107F00001913DF91CF91FF90EF90DF90CF900895FC
:107F100086E490E09093730F8093720FAECF0E942F
:107F2000465DFB0101900020E9F73197AF01461B48
:107F3000570BDC01ED91FC910280F381E02D199447
:107F40008F929F92AF92BF92EF92FF920F931F93E7
:107F5000CF93DF93CDB7DEB7A1970FB6F894DEBF0E
:107F60000FBECDBF7C01FA01CB0119A2223008F46B
:107F70002AE08E010F5D1F4F822E912CB12CA12C77
:107F8000BF01A50194010E948159F901CA016A301B
:107F90000CF5605DD8016E938D01232B242B252BCE
:107FA00079F790E080E0109721F0BD01C7010E94B1
:107FB000913FA1960FB6F894DEBF0FBECDBFDF9103
:107FC000CF911F910F91FF90EF90BF90AF909F9036
:107FD0008F900895695CDECFCF92DF92EF92FF928F
:107FE0000F931F93CF93DF936B01770FEE08FF087A
:107FF000F7FE1FC0EC01E881F9810190F081E02DCE
:108000006DE219958C0144275527BA014C195D0979
:108010006E097F092AE0CE010E94A03F800F911FC8
:10802000DF91CF911F910F91FF90EF90DF90CF9054
:1080300008952AE0B701A601DF91CF911F910F911A
:10804000FF90EF90DF90CF900C94A03F4F925F9203
:108050006F927F928F929F92AF92BF92CF92DF9258
:10806000EF92FF920F931F93CF936B017C01742EBD
:10807000AC019B010E941C5C6DE27BE0811126C07B
:1080800046015701E894B7F82FEF3FEF4FE75FE75E
:10809000C501B4010E941C5C81110CC02FEF3FEFA1
:1080A0004FE75FE7C501B4010E944B5A61E37BE0F3
:1080B000181664F02FEF3FEF4FE75FE4C701B601FA
:1080C0000E94AA5B1816ACF465E37BE084EB95E1B3
:1080D000CF911F910F91FF90EF90DF90CF90BF90C5
:1080E000AF909F908F907F906F905F904F900C9487
:1080F000913F2FEF3FEF4FE75FECC701B6010E94C2
:108100004B5A87FDE1CF20E030E0A901C701B6015D
:108110000E944B5A10E000E087FF0AC06DE284EB3A
:1081200095E10E94D5198C01F7FAF094F7F8F094D4
:10813000C0E060E070E080E09FE37C1641F020E06A
:1081400030E040E251E40E94505ACF5FF6CFA701E1
:1081500096010E94DF592B013C010E94C95A4B0134
:108160005C012AE0BC01A40184EB95E10E94A03FE0
:108170007C01E00EF11ECC23D1F1C501B4010E94B7
:10818000F85A9B01AC01C301B2010E94DE594B01B8
:108190005C016EE284EB95E10E94D519E80EF91EB0
:1081A000C15028F120E030E040E251E4C501B401C3
:1081B0000E94AF5B2B013C010E94C95A4B01B12CBC
:1081C000A12C2AE0B501A40184EB95E10E94A03F17
:1081D000E80EF91EC501B4010E94F85A9B01AC01DA
:1081E000C301B2010E94DE594B015C01D9CFC70126
:1081F000CF911F910F91FF90EF90DF90CF90BF90A4
:10820000AF909F908F907F906F905F904F90089568
:10821000CF93DF93BC0187E195E10E94913FEC0190
:1082200060EC7BE087E195E10E94913F8C0F9D1F00
:10823000DF91CF910895CF93DF93E091BA12F0913F
:10824000BB12C4E6D0E0CF01BE010E946D5970930D
:10825000A30F6093A20F2AE030E0CF01B9010E9482
:108260006D59FC01CB01B9010E946D599093A10F8A
:108270008093A00FF0939F0FE0939E0FE091AD12BB
:10828000F091AE12CF01BE010E946D597093BF0FE5
:108290006093BE0FCF01B9010E946D59FC01CB0163
:1082A000B9010E946D599093C10F8093C00FF09354
:1082B000BD0FE093BC0F8091C20F9091C30F009748
:1082C00051F14091AC0F5091AD0F2091B00F309112
:1082D000B10F4115510519F49C0141E050E0309374
:1082E000B10F2093B00F5093AD0F4093AC0F821B92
:1082F000930B9093AF0F8093AE0F892B61F0809119
:10830000B20F9091B30F892B31F481E090E09093FC
:10831000B30F8093B20F8091B20F9091B30F01977A
:10832000D9F489E39BE00E9408412091C20F30916B
:10833000C30F8091BE0F9091BF0F2817390761F4CA
:1083400090E080E00E9483370E948F3582E090E0C9
:108350009093B30F8093B20F8091B20F9091B30FAF
:108360000297D9F48DE49BE00E9408412091C20F4E
:108370003091C30F8091C00F9091C10F281739071A
:1083800061F490E080E00E9483370E94EF3483E044
:1083900090E09093B30F8093B20F8091B20F9091C1
:1083A000B30F0397D9F481E69BE00E940841209126
:1083B000C20F3091C30F8091BC0F9091BD0F281751
:1083C000390761F490E080E00E9483370E94933186
:1083D00084E090E09093B30F8093B20FDF91CF9140
:1083E0000895CF93DF93E091BA12F091BB12C4E6E7
:1083F000D0E0CF01BE010E946D597093A30F60932E
:10840000A20F2AE030E0CF01B9010E946D59FC01B2
:10841000CB01B9010E946D599093A10F8093A00FD9
:10842000F0939F0FE0939E0FE091AD12F091AE128A
:10843000CF01BE010E946D597093BF0F6093BE0FB4
:10844000CF01B9010E946D59FC01CB01B9010E9415
:108450006D599093C10F8093C00FF093BD0FE093BF
:10846000BC0F8091C20F9091C30F009751F14091C2
:10847000A40F5091A50F2091A80F3091A90F41157D
:10848000510519F49C0141E050E03093A90F20936D
:10849000A80F5093A50F4093A40F821B930B9093AA
:1084A000A70F8093A60F892B61F08091AA0F90915E
:1084B000AB0F892B31F481E090E09093AB0F809368
:1084C000AA0F8091AA0F9091AB0F0197D9F489E37D
:1084D0009BE00E9408412091C20F3091C30F809110
:1084E000A20F9091A30F2817390761F490E080E064
:1084F0000E9483370E948F3582E090E09093AB0F0B
:108500008093AA0F8091AA0F9091AB0F0297D9F494
:108510008DE49BE00E9408412091C20F3091C30F6F
:108520008091A00F9091A10F2817390761F490E076
:1085300080E00E9483370E94EF3483E090E09093C4
:10854000AB0F8093AA0F8091AA0F9091AB0F039766
:10855000D9F481E69BE00E9408412091C20F30913E
:10856000C30F80919E0F90919F0F2817390761F4D8
:1085700090E080E00E9483370E94933184E090E095
:108580009093AB0F8093AA0FDF91CF9108950C9435
:10859000913FCF93DF9384E696E10E94062A892BD0
:1085A00009F4ACC084E696E10E941E2A8A3A91053D
:1085B00009F0A4C090938D0F80938C0F84E696E110
:1085C0000E941E2A8A3A910509F098C090938F0F55
:1085D00080938E0F82E090E090938B0F80938A0FB0
:1085E000C0918A0FD0918B0FC930D1058CF484E6ED
:1085F00096E10E941E2AFE01EE0FFF1FE457F04F86
:10860000918380832196D0938B0FC0938A0FE8CFFC
:108610004091920F5091930FE091940FF091950F2C
:108620002091960F3091970F6091980F7091990F4C
:1086300080918C0F90918D0FA0918E0FB0918F0F24
:108640008A0F9B1FA091900FB091910F8A0F9B1FD3
:10865000840F951F8E0F9F1F820F931F860F971FEA
:10866000A0919A0FB0919B0F8A0F9B1FA0919C0F16
:10867000B0919D0F8A171B0609F040C0542F442764
:10868000E40FF51FF093BB12E093BA12322F2227AA
:10869000620F731F7093AE126093AD1265E77BE0BB
:1086A00087E195E10E94C7426091BA127091BB12B6
:1086B00087E195E10E94EC3F60EC7BE087E195E18A
:1086C0000E94913F61E87BE087E195E10E94C7420B
:1086D0006091AD127091AE1287E195E10E94EC3F7E
:1086E00060EC7BE087E195E10E94913F64E670E0F9
:1086F00080E090E0DF91CF910C941814DF91CF913E
:1087000008954F925F926F927F928F929F92AF9255
:10871000BF92CF92DF92EF92FF920F931F93CF936E
:10872000DF93CDB7DEB72C970FB6F894DEBF0FBE40
:10873000CDBF0091A4111091A5110115110509F4E7
:108740004EC040917C1050917D1060917E107091D0
:108750007F106A017B012FEFC21AD20AE20AF20AE5
:10876000C0927C10D0927D10E0927E10F0927F102B
:10877000FA01EA55FE4E80838090A8129090A912CB
:10878000A090AA12B090AB1231E083169104A1041C
:10879000B10409F455C1D0F194E089169104A10403
:1087A000B10440F410927C1010927D1010927E1053
:1087B00010927F1080917C1090917D10A0917E107E
:1087C000B0917F1081159140A105B10541F410923F
:1087D0007C1010927D1010927E1010927F102C96BB
:1087E0000FB6F894DEBF0FBECDBFDF91CF911F91C2
:1087F0000F91FF90EF90DF90CF90BF90AF909F9040
:108800008F907F906F905F904F9008958091A61108
:10881000853521F140937C1050937D1060937E103C
:1088200070937F1067EA71E186EA91E12C960FB6AA
:10883000F894DEBF0FBECDBFDF91CF911F910F9196
:10884000FF90EF90DF90CF90BF90AF909F908F9070
:108850007F906F905F904F900C944B5DABE0CA1689
:10886000D104E104F10408F4A5CFE6EAF1E180E0E7
:108870009191890FB1E1E03BFB07D1F79091B011E5
:108880009813C8CF8091A8119091A9119A838983D8
:108890008091AA119091AB119C838B838091AC1134
:1088A0009091AD119E838D838091AE119091AF1107
:1088B00098878F83E091A711E055E03108F072CFDF
:1088C000F0E08827E959FB4B8F4F0C94C2591745AC
:1088D0007744AA459F458F449C44DE44E744F044D6
:1088E000F9440245D243D243D243D2430B4560E41C
:1088F000462E512C612C712C74E3872E912CA12CC7
:10890000B12C81E090E0A0E0B0E089879A87AB8746
:10891000BC8783E0C82ED12CE12CF12C1EC0412C49
:10892000512C32015AE3852E912CA12CB12C1986A1
:108930001A861B861C86EDCF412C512C320141E456
:10894000842E912CA12CB12C19861A861B861C868C
:10895000F4E0CF2ED12CE12CF12CC401880F991F0B
:10896000A601440F551FBE016F5F7F4F8C579F4E6E
:108970000E944B5DA7019601C501B401F80119954C
:1089800089859A85AB85BC85892B8A2B8B2B09F42D
:1089900009CFF201EE0FFF1FEC57FF4E8F81988534
:1089A00091838083E091A411F091A51121E030E042
:1089B00040E050E0C301B2011995F4CE412C512C96
:1089C000320135E4832E912CA12CB12CBDCF412C4A
:1089D000512C320129E4822E912CA12CB12CB4CF40
:1089E000412C512C32019DE4892E912CA12CB12CCB
:1089F000ABCF412C512C320181E5882E912CA12C3A
:108A0000B12CA2CF412C512C3201B5E58B2E912CEB
:108A1000A12CB12C99CF8090801090908110A090C3
:108A20008210B0908310412C512C32018DCF412CFB
:108A3000512C3201A0E38A2E912CA12CB12C84CF91
:108A400093E0C916D104E104F10408F4B3CE909187
:108A5000A711933009F0DECE7090A811872C912CCD
:108A6000A5E08A0E911C092C000CAA08BB08C814AA
:108A7000D904EA04FB0408F4B2CE4A015B01B1E078
:108A80008B1A9108A108B108F401EA55FE4E9081B5
:108A90007601E2E0EE1AF108A6EAB1E16D0199244F
:108AA0009A943FEFF601E65AF141EE15FF0500F109
:108AB000F32FE92D8E179F0709F0ACCE272D2695B1
:108AC000E22EF12C609180107091811080918210C3
:108AD000909183105B01AA0CBB1CD12CC12C129667
:108AE000CE14DF04B8F030E050E040E0F80164CF8D
:108AF000F60121916F01E22FE3274E2E512C9201B6
:108B00002559364FF90130813925F201E559F74FE2
:108B10009080C8CFF601EE0FFF1FEA0DFB1DEC574A
:108B2000FF4E11964C91119712963C911297542F2B
:108B3000432F51834083FFEFCF1ADF0AD0CF2EE2BD
:108B4000422E512C612C712C3DE3832E912CA12CB3
:108B5000B12CD7CE412C512C320197E3892E912C88
:108B6000A12CB12CE4CE0F931F93CF93DF9380E41D
:108B700093E10E944515892B39F080E493E10E942E
:108B800023150E948143F3CF8091AC12882309F40E
:108B900044C00EEF10E1C4E6DFE08FE0C037D80735
:108BA000D9F0F801619171918F01072E000C880BAB
:108BB000990B0E94FA5A20E030E040E058E30E940E
:108BC000AF5B20E030E044E353E40E94AF5B699385
:108BD000799389939993E1CF83E090E09093710F1B
:108BE0008093700F8091AC1282FF15C080916C0F42
:108BF00090916D0FA0916E0FB0916F0F8093600FE9
:108C00009093610FA093620FB093630F8091AC12A9
:108C10008B7F8093AC121092AC126091600F7091B8
:108C2000610F8091620F9091630FDF91CF911F913F
:108C30000F910895CF92DF92EF92FF920F931F93BF
:108C4000CF93DF93EC016A017B0180E20E94B73D84
:108C50008C010E94B3459B01AC01C01BD10BC70125
:108C6000B6010E94DE596B017C0120E030E0A901D1
:108C7000D7FF10C00E944B5AD195C195D10987FDED
:108C80000DC0DF91CF911F910F91FF90EF90DF907A
:108C9000CF9008950E944B5A87FF04C0F7FAF094D2
:108CA000F7F8F094CD2B69F720E030E040E85FE37F
:108CB000C701B6010E944B5A87FFE3CF809114137E
:108CC0009091151301969093151380931413D9CF97
:108CD0004F925F926F927F928F929F92AF92BF92CC
:108CE000EF92FF920F931F93CF93DF93EC018B01D1
:108CF00029013A0180E10E94B73D5C0180E20E94B7
:108D0000B73D7C010E94B3459B01AC01CA19DB0948
:108D1000C301B2010E94DE594B015C01D7FF03C0C1
:108D2000D195C195D10920E030E0A901C501B40178
:108D30000E944B5A87FF04C0B7FAB094B7F8B094BA
:108D400023971CF50E191F0917FF03C011950195F4
:108D5000110903301105CCF420E030E040E85FE376
:108D6000C501B4010E944B5A87FF0FC08091BA120F
:108D70009091BB12892B49F0809114139091151397
:108D800001969093151380931413DF91CF911F9147
:108D90000F91FF90EF90BF90AF909F908F907F903A
:108DA0006F905F904F900895EF92FF920F931F93F3
:108DB000CF93DF9380E10E94B73D9093B9128093E7
:108DC000B81280E20E94B73D9093BB0F8093BA0F18
:108DD000C4EBD5E180E696E09D8B8C8B18AE19AE86
:108DE0006091BA127091BB12CE010E94EC3F6DE807
:108DF0007BE0CE010E94C7426091AD127091AE122D
:108E0000CE010E94EC3F04E613E01D8B0C8B18AEE4
:108E100084E0E82EE9AE6FE87BE0CE010E94C74215
:108E20006091B8127091B912CE010E94EC3F1D8B77
:108E30000C8B98E0F92EF8AEE9AE62E97BE0CE014A
:108E40000E94C7426091BA0F7091BB0FCE010E9481
:108E5000EC3F1D8B0C8B18AE25E0E22EE9AE65E9E8
:108E60007BE0CE010E94C7420E94B34542E00E94CF
:108E700026401D8B0C8BF8AEE9AE68E97BE0CE0195
:108E80000E94C74260910C1370910D1380910E13D4
:108E900090910F1342E00E9426401D8B0C8B18AE60
:108EA00036E0E32EE9AE6BE97BE0CE010E94C742DB
:108EB00070E060E0CE010E94EC3F1D8B0C8BF8AEA1
:108EC000E9AE6FE97BE0CE010E94C74260913E139C
:108ED00070913F13CE010E94EC3F88EB95E10E9418
:108EE0006917DF91CF911F910F91FF90EF900C9434
:108EF0000F13EF92FF920F931F93CF93DF9380E1B5
:108F00000E94B73D9093B9128093B81280E20E94FC
:108F1000B73D9093BB0F8093BA0FC4EBD5E180E6C9
:108F200096E09D8B8C8B18AE19AE6091BA12709141
:108F3000BB12CE010E94EC3F6DE87BE0CE010E94A7
:108F4000C7426091AD127091AE12CE010E94EC3F0B
:108F500004E613E01D8B0C8B18AE84E0E82EE9AE1E
:108F600063EA7BE0CE010E94C74270E060E0CE0180
:108F70000E94EC3F1D8B0C8B98E0F92EF8AEE9AE09
:108F800068EA7BE0CE010E94C7426091B80F709101
:108F9000B90FCE010E94EC3F1D8B0C8B18AE25E063
:108FA000E22EE9AE65E97BE0CE010E94C7420E9455
:108FB000B34542E00E9426401D8B0C8BF8AEE9AE13
:108FC00068E97BE0CE010E94C74260910C1370916A
:108FD0000D1380910E1390910F1342E00E942640D2
:108FE0001D8B0C8B18AE36E0E32EE9AE6FE87BE00C
:108FF000CE010E94C7426091B8127091B912CE01A1
:109000000E94EC3F1D8B0C8BF8AEE9AE62E97BE071
:10901000CE010E94C7426091BA0F7091BB0FCE0182
:109020000E94EC3FDF91CF911F910F91FF90EF9045
:109030000C940F13CF92DF92EF92FF926B017C01A1
:109040008091B60F9091B70F01969093B70F8093D0
:10905000B60F0E94B3459B01AC01C701B6010E9447
:10906000DE596B017C0120E030E0A9010E944B5ADF
:1090700087FF04C0F7FAF094F7F8F0942DEC3CEC7D
:109080004CE45FE3C701B6010E944B5A87FD06C05E
:109090008091B60F9091B70FC397ACF00E942C3916
:1090A000809114139091151301969093151380934A
:1090B00014131092B70F1092B60F84E696E10E9437
:1090C0001E2A97FFFACFFF90EF90DF90CF90089580
:1090D000CF92DF92EF92FF926B017C011092740F9E
:1090E0001092750F1092760F1092770F0E94B34571
:1090F000A70196010E94DE596B017C0120E030E05F
:1091000040EA51E40E94AA5B18160CF4A4C0C09275
:10911000740FD092750FE092760FF092770F20E0E7
:1091200030E040EA51EC6091740F7091750F8091BE
:10913000760F9091770F0E944B5A87FF0CC080E00A
:1091400090E0A0EAB1EC8093740F9093750FA09318
:10915000760FB093770FC090740FD090750FE0909A
:10916000760FF090770F2DEC3CEC4CE45FE3C701F9
:10917000B6010E94AA5B1816B4F420E030E040E883
:109180005FE3C701B6010E944B5A87FF0CC080E025
:1091900090E0A0E8BFE38093740F9093750FA093C5
:1091A000760FB093770FC090740FD090750FE0904A
:1091B000760FF090770F2DEC3CEC4CE45FEBC701A1
:1091C000B6010E944B5A87FF16C020E030E040E80D
:1091D0005FEBC701B6010E94AA5B181664F480E039
:1091E00090E0A0E8BFEB8093740F9093750FA0936D
:1091F000760FB093770F8091740F9091750FA091B7
:10920000760FB091770F8093860F9093870FA0937E
:10921000880FB093890FAC01BD0170584093820F45
:109220005093830F6093840F7093850F80937E0F0C
:1092300090937F0FA093800FB093810F40937A0F8C
:1092400050937B0F60937C0F70937D0FFF90EF9096
:10925000DF90CF90089580E090E0A0EAB1E48093A1
:10926000740F9093750FA093760FB093770F57CF2D
:109270004F925F926F927F928F929F92AF92BF9226
:10928000CF92DF92EF92FF920E94684860917A0F2E
:1092900070917B0F80917C0F90917D0F0E94C25A3C
:1092A0002B0160917E0F70917F0F8091800F9091C4
:1092B000810F0E94C25A4B016091820F7091830FFF
:1092C0008091840F9091850F0E94C25A6B0160912A
:1092D000860F7091870F8091880F9091890F0E945F
:1092E000C25ACB019201A401B6010E94843B62E301
:1092F00070E080E090E0FF90EF90DF90CF90BF9023
:10930000AF909F908F907F906F905F904F900C9454
:1093100018144F925F926F927F928F929F92AF92AA
:10932000BF92CF92DF92EF92FF927C01072E000C4A
:10933000880B990B0E94FA5A0E946848C7010E9444
:109340001B3F209116133091171340911813509121
:10935000191360911A1370911B1380911C13909133
:109360001D130E94DF5920917A0F30917B0F40919D
:109370007C0F50917D0F0E94DF590E94C25A2B0131
:1093800020911E1330911F134091201350912113EF
:1093900060912213709123138091241390912513CF
:1093A0000E94DF5920917E0F30917F0F4091800FF6
:1093B0005091810F0E94DF590E94C25A4B012091A7
:1093C000261330912713409128135091291360914F
:1093D0002A1370912B1380912C1390912D130E94BE
:1093E000DF592091820F3091830F4091840F50916B
:1093F000850F0E94DF590E94C25A6B0120912E13E3
:1094000030912F13409130135091311360913213EA
:109410007091331380913413909135130E94DF596A
:109420002091860F3091870F4091880F5091890FBE
:109430000E94DF590E94C25ACB019201A401B601D9
:109440000E94843B62E370E080E090E0FF90EF9048
:10945000DF90CF90BF90AF909F908F907F906F9054
:109460005F904F900C9418144F925F926F927F927E
:109470008F929F92AF92BF92CF92DF92EF92FF9224
:10948000CF93DF9300D01F92CDB7DEB77C015B0195
:10949000CA01B9010E94684880E10E94B73D8E1957
:1094A0009F09BC01990F880B990B0E94FA5A20E082
:1094B00030E040EC5FE30E94AF5B0E94C25A673429
:1094C00071050CF0C5C07093790F6093780F80918F
:1094D000780F9091790F8A3B9F4F34F48AEB9FEF7E
:1094E0009093790F8093780F6091780F7091790F36
:1094F000072E000C880B990B0E94FA5A6B017C0115
:10950000C0923213D0923313E0923413F092351399
:10951000C0922A13D0922B13E0922C13F0922D13A9
:10952000C0922213D0922313E0922413F0922513B9
:10953000C0921A13D0921B13E0921C13F0921D13C9
:10954000C5010E941B3F20911613309117134091C3
:10955000181350911913C701B6010E94DF592091C9
:109560007A0F30917B0F40917C0F50917D0F0E94BC
:10957000DF590E94C25A2B0120911E1330911F13F4
:109580004091201350912113C701B6010E94DF5969
:1095900020917E0F30917F0F4091800F5091810F6D
:1095A0000E94DF590E94C25A69837A838B839C830D
:1095B000209126133091271340912813509129139D
:1095C000C701B6010E94DF592091820F3091830FAD
:1095D0004091840F5091850F0E94DF590E94C25A1A
:1095E0004B0120912E1330912F1340913013509145
:1095F0003113C701B6010E94DF592091860F3091C7
:10960000870F4091880F5091890F0E94DF590E9467
:10961000C25ACB01920149815A81B4010E94843B14
:1096200062E370E080E090E00F900F900F900F9059
:10963000DF91CF91FF90EF90DF90CF90BF90AF90F0
:109640009F908F907F906F905F904F900C94181424
:1096500086E490E09093790F8093780F38CF4F9203
:109660005F926F927F92AF92BF92CF92DF92EF9212
:10967000FF920F931F93CF93DF937C01EB0129019E
:109680003A010E94344A80E10E94B73D5C0180E2C9
:109690000E94B73D6C010E94B3459B01AC01EA18E2
:1096A000FB08C301B2010E94DE592B013C01F7FE09
:1096B00003C0F194E194F10820E030E0A901C30176
:1096C000B2010E944B5A87FF04C077FA709477F872
:1096D0007094E016F106ECF4CC19DD09D7FF03C055
:1096E000D195C195D109C017D1079CF420E030E095
:1096F00040E85FE3C301B2010E944B5A87FF09C0F3
:1097000080911413909115130196909315138093E3
:109710001413DF91CF911F910F91FF90EF90DF9085
:10972000CF90BF90AF907F906F905F904F900895D3
:109730000F931F93CF93DF9380E493E10E9445152D
:10974000892B39F080E493E10E9423150E94814324
:10975000F3CF8091AC12882309F444C00EEF10E1DE
:10976000C4E6DFE08FE0C037D807D9F0F801619197
:1097700071918F01072E000C880B990B0E94FA5AE9
:1097800020E030E040E058E30E94AF5B20E030E0B2
:1097900044E353E40E94AF5B69937993899399936F
:1097A000E1CF83E090E09093710F8093700F8091F0
:1097B000AC1282FF15C080916C0F90916D0FA0913B
:1097C0006E0FB0916F0F80930C1390930D13A093B5
:1097D0000E13B0930F138091AC128B7F8093AC1259
:1097E0001092AC12DF91CF911F910F91089520E05C
:1097F00030E040EA52E460910C1370910D138091B7
:109800000E1390910F130E944B5A87FF1CC00E94A9
:10981000984B20E030E040EA52E460910C137091E4
:109820000D1380910E1390910F130E94AA5B1816CE
:10983000F4F68091141390911513019690931513DB
:1098400080931413D4CF08958F929F92AF92BF92BA
:10985000CF92DF92EF92FF926C01990FEE08FF0812
:10986000C701B6010E94FA5A4B015C0120910C130A
:1098700030910D1340910E1350910F130E944B5ACB
:1098800087FF1BC00E94984B20910C1330910D1341
:1098900040910E1350910F13C501B4010E94AA5BB1
:1098A0001816F4F620911413309115132F5F3F4FC3
:1098B0003093151320931413D3CFFF90EF90DF90C4
:1098C000CF90BF90AF909F908F90089585ED80933B
:1098D000BC008091E4129091E512A091E612B09143
:1098E000E7120796A11DB11D23E0B695A7959795A0
:1098F00087952A95D1F72091BC0024FD03C01092D2
:10990000E21208954091E4125091E5126091E6123E
:109910007091E712452B462B472B69F30097A10561
:10992000B10541F025E32A95F1F700000197A1095F
:10993000B109E1CF8091E3120C948E222F923F92D5
:109940004F925F926F927F928F929F92AF92BF924F
:10995000CF92DF92EF92FF920F931F93CF93DF93FB
:10996000CDB7DEB762970FB6F894DEBF0FBECDBF9E
:109970006C01698B7A8B48871C870B874DB75EB764
:10998000588B4F878DB79EB7B885A7E0BA9F8019CF
:10999000910911240FB6F8949EBF0FBE8DBFEDB78D
:1099A000FEB731962F011901470158016B2E712C1A
:1099B000A701460D571D5E874D878F018D859E85BA
:1099C0008816990609F454C0D1018D919C91119784
:1099D00097FF06C091958195910990688D939C930E
:1099E000EB85FC85EF2BD1F1D5010D90BC91A02D1D
:1099F000BA87A987E114F104A1F1F4018081D801AB
:109A00008C93D1012D913C91A8014E5F5F4FB8011D
:109A10006F5F7F4FC6010E94D127F60183818823A3
:109A200019F1D80113961C92139714961C92A80151
:109A30004A5F5F4FB8016B5F7F4F29853A85C6014A
:109A40000E94D127095F1F4FF2E02F0E311C4FEF0C
:109A5000841A940A52E0A50EB11CB0CF1A8619865A
:109A6000C9CFF8011082CDCFF80114821382DFCF65
:109A7000D601ED91FC910084F185E02DC601199588
:109A8000B884BB0CBB0CBB0C8FEF89838A838EEF31
:109A90008B8384E08B0D8C8383E88D8389E28E83B6
:109AA00087E08F83D601ED91FC910190F081E02D4C
:109AB00047E050E0BE016F5F7F4FC6011995B5EBDF
:109AC000BB0E09891A897801E60CF71CD601ED91C5
:109AD000FC910680F781E02D0E151F05F9F0D801E5
:109AE0006D918D01C6011995D601ED91FC91019002
:109AF000F081E02D47E050E0B201C6011995F80170
:109B000031978081B80EF20180E09191B90E8F5F9C
:109B10008730D9F7B7E04B0E511CD8CF6B2D60952D
:109B2000C6011995D601ED91FC910284F385E02DD3
:109B3000C6011995EF85F8890FB6F894FEBF0FBEE0
:109B4000EDBF62960FB6F894DEBF0FBECDBFDF91BA
:109B5000CF911F910F91FF90EF90DF90CF90BF902A
:109B6000AF909F908F907F906F905F904F903F90BD
:109B70002F9008951F920F920FB60F9211242F93DA
:109B80003F938F939F93AF93BF938091B012909127
:109B9000B112A091B212B091B3123091AF1223E082
:109BA000230F2D3758F50196A11DB11D2093AF123B
:109BB0008093B0129093B112A093B212B093B312EB
:109BC0008091B4129091B512A091B612B091B712D3
:109BD0000196A11DB11D8093B4129093B512A0936C
:109BE000B612B093B712BF91AF919F918F913F91F1
:109BF0002F910F900FBE0F901F90189526E8230FFE
:109C00000296A11DB11DD2CF1F920F920FB60F92D7
:109C100011240BB60F922F933F934F935F936F9343
:109C20007F938F939F93AF93BF93EF93FF9380E4C2
:109C300093E10E947915FF91EF91BF91AF919F91B0
:109C40008F917F916F915F914F913F912F910F90E5
:109C50000BBE0F900FBE0F901F9018951F920F9282
:109C60000FB60F9211240BB60F922F933F934F9381
:109C70005F936F937F938F939F93AF93BF93EF9374
:109C8000FF9380E493E10E94FB14FF91EF91BF9159
:109C9000AF919F918F917F916F915F914F913F9184
:109CA0002F910F900BBE0F900FBE0F901F90189525
:109CB0001F920F920FB60F9211240BB60F922F9393
:109CC0003F934F935F936F937F938F939F93AF9344
:109CD000BF93EF93FF938DED93E10E947915FF9170
:109CE000EF91BF91AF919F918F917F916F915F9114
:109CF0004F913F912F910F900BBE0F900FBE0F9081
:109D00001F9018951F920F920FB60F9211240BB649
:109D10000F922F933F934F935F936F937F938F9304
:109D20009F93AF93BF93EF93FF938DED93E10E94C9
:109D3000FB14FF91EF91BF91AF919F918F917F9114
:109D40006F915F914F913F912F910F900BBE0F90AC
:109D50000FBE0F901F9018951F920F920FB60F9283
:109D600011240BB60F922F933F934F935F936F93F2
:109D70007F938F939F93AF93BF93EF93FF938AE764
:109D800094E10E947915FF91EF91BF91AF919F915E
:109D90008F917F916F915F914F913F912F910F9094
:109DA0000BBE0F900FBE0F901F9018951F920F9231
:109DB0000FB60F9211240BB60F922F933F934F9330
:109DC0005F936F937F938F939F93AF93BF93EF9323
:109DD000FF938AE794E10E94FB14FF91EF91BF91FA
:109DE000AF919F918F917F916F915F914F913F9133
:109DF0002F910F900BBE0F900FBE0F901F901895D4
:109E00001F920F920FB60F9211240BB60F922F9341
:109E10003F934F935F936F937F938F939F93AF93F2
:109E2000BF93EF93FF9387E195E10E947915FF912E
:109E3000EF91BF91AF919F918F917F916F915F91C2
:109E40004F913F912F910F900BBE0F900FBE0F902F
:109E50001F9018951F920F920FB60F9211240BB6F8
:109E60000F922F933F934F935F936F937F938F93B3
:109E70009F93AF93BF93EF93FF9387E195E10E9488
:109E8000FB14FF91EF91BF91AF919F918F917F91C3
:109E90006F915F914F913F912F910F900BBE0F905B
:109EA0000FBE0F901F9018951F920F920FB60F9232
:109EB00011240BB60F922F933F934F935F936F93A1
:109EC0007F938F939F93AF93BF93EF93FF93809173
:109ED000B900887F803609F44DC008F040C0883250
:109EE00009F4A9C028F5803109F49DC0C8F488237D
:109EF00009F4FBC0883009F496C0FF91EF91BF913F
:109F0000AF919F918F917F916F915F914F913F9111
:109F10002F910F900BBE0F900FBE0F901F901895B2
:109F2000883109F488C0803241F78093E01214C070
:109F3000803409F49DC040F48033B9F38833E9F6E6
:109F40008093E01285ECB0C0803509F485C0883577
:109F500009F496C0883489F60E94664CCECF8839C1
:109F600009F48CC038F5883729F050F4883611F0A0
:109F7000803719F683E08093E2121092691057C07F
:109F8000883809F47BC0803919F0803809F0B5CFE2
:109F900080916910803208F071C0E091691081E011
:109FA0008E0F809369108091BB00F0E0E75BFF4E5D
:109FB00080833DC0803B39F0E0F4803A09F479C0F9
:109FC000883A09F09ACF84E08093E2121092481008
:109FD00010924710E0917410F091751019958091CE
:109FE000471081110FC081E0809347101092271015
:109FF00009C0803C09F4A6CF883C09F4A3CF883B74
:10A0000009F07BCFE091481081E08E0F80934810DB
:10A01000F0E0E95DFF4E80818093BB009091481095
:10A020008091471029C08091BD128093BB0085ECC0
:10A030008093BC0062CF9091DF128091DE1298175E
:10A0400058F5E091DF1281E08E0F8093DF12F0E08F
:10A05000E254FD4E8081E9CFE091DF1281E08E0F66
:10A060008093DF128091BB00F0E0E254FD4E8083CC
:10A070009091DF128091DE129817C8F285E8D8CF50
:10A08000E091DF1281E08E0F8093DF128091BB00A0
:10A09000F0E0E254FD4E80838091E11281115CCFAB
:10A0A00081E08093BC1284EA8093BC001092E2129B
:10A0B00024CF85EC8093BC001092E212809169104D
:10A0C000803230F4E0916910F0E0E75BFF4E1082DF
:10A0D0006091691070E0E0917210F091731089E462
:10A0E00090E119951092691008CF1092E01234CFC8
:10A0F0001F920F920FB60F9211240BB60F92EF9290
:10A10000FF920F931F932F933F934F935F936F9300
:10A110007F938F939F93AF93BF93CF93DF93EF93EF
:10A12000FF93C0917A10D0917B10209749F0EE8573
:10A13000FF859D858B8D81FF1CC080818923E1F483
:10A14000FF91EF91DF91CF91BF91AF919F918F914F
:10A150007F916F915F914F913F912F911F910F913F
:10A16000FF90EF900F900BBE0F900FBE0F901F90BF
:10A1700018958081892321F78B899C890E943F2A29
:10A1800088E0E82EF12C10E001E08D899E890E9484
:10A190003F2AEE85FF8580819D85892339F1102B2B
:10A1A000000F81E0E81AF10881F78F89988D0E94ED
:10A1B0003F2A8B8D81FD1095809179102091781028
:10A1C00090E001968F7399272817190699F0E0916E
:10A1D0007910F0E0EA53F04F10838091791090E00D
:10A1E00001968F73992780937910AACF802F80953D
:10A1F0001823D6CF8B8D81608B8FA2CF1F920F92A9
:10A200000FB60F9211240BB60F922F933F934F93DB
:10A210005F936F937F938F939F93AF93BF93EF93CE
:10A22000FF930E947850FF91EF91BF91AF919F9162
:10A230008F917F916F915F914F913F912F910F90EF
:10A240000BBE0F900FBE0F901F9018951F920F928C
:10A250000FB60F9211240BB60F922F933F934F938B
:10A260005F936F937F938F939F93AF93BF93EF937E
:10A27000FF930E947850FF91EF91BF91AF919F9112
:10A280008F917F916F915F914F913F912F910F909F
:10A290000BBE0F900FBE0F901F9018951092431396
:10A2A0001092421388EE93E0A0E0B0E08093441354
:10A2B00090934513A0934613B09347132FE83AE0C9
:10A2C000309341132093401345E351E050934D13D5
:10A2D00040934C1344E351E050934F1340934E137B
:10A2E00040E351E0509351134093501341E351E048
:10A2F000509353134093521342E351E0509355133C
:10A300004093541346E351E0509357134093561330
:10A310001092591310925A1310925B1310925C13FF
:10A320001092E0131092DF138093E1139093E213E5
:10A33000A093E313B093E4133093DE132093DD1363
:10A3400045ED50E05093EA134093E91344ED50E09B
:10A350005093EC134093EB1340ED50E05093EE1309
:10A360004093ED1341ED50E05093F0134093EF1301
:10A3700042ED50E05093F2134093F11346ED50E05C
:10A380005093F4134093F3131092F6131092F713B3
:10A390001092F8131092F91310927D1410927C14FD
:10A3A00080937E1490937F14A0938014B0938114B3
:10A3B00030937B1420937A144DEC50E05093871423
:10A3C000409386144CEC50E05093891440938814C9
:10A3D00048EC50E050938B1440938A1449EC50E0C1
:10A3E00050938D1440938C144AEC50E050938F148A
:10A3F00040938E144EEC50E050939114409390147F
:10A400001092931410929414109295141092961422
:10A4100010921A151092191580931B1590931C1504
:10A42000A0931D15B0931E15309318152093171582
:10A4300025EC30E0309324152093231524EC30E0F4
:10A44000309326152093251520EC30E03093281505
:10A450002093271521EC30E030932A1520932915FD
:10A4600022EC30E030932C1520932B1526EC30E0B5
:10A4700030932E1520932D15109230151092311512
:10A48000109232151092331510921B1610921A1654
:10A4900080931C1690931D16A0931E16B0931F1642
:10A4A00021EA3AE030931916209318161092671695
:10A4B000109266168093681690936916A0936A1698
:10A4C000B0936B168FE19BE09093651680936416B2
:10A4D000109278161092771610927A1610927916BA
:10A4E00010927C1610927B1610927E1610927D169A
:10A4F00080917F168E7F8D7F80937F1661E084E44C
:10A500000E94B71361E084E40E948913EEEEF4E246
:10A51000E491E0937416E8EAF4E2E491F0E0EE0FDF
:10A52000FF1FE65BFB4D8591949190937616809387
:10A53000751660E085E40E94B71380917F1681FD57
:10A5400004C061E085E40E94891385E4809370165D
:10A55000EFEEF4E2E491E0937116E9EAF4E2E491BB
:10A56000F0E0EE0FFF1FE05DFB4D8591949190931D
:10A57000731680937216109227161092261620E8F2
:10A5800030E0309329162093281680E490E09093D1
:10A590002B1680932A1630932D1620932C16909309
:10A5A0002F1680932E1610923A1610923116109292
:10A5B0003016109233161092321691E0909339169D
:10A5C000909338162FEF3FEF3093371620933616BF
:10A5D000309335162093341690933B1610923C1608
:10A5E00010923E1610923D1623EF3AE03093251656
:10A5F000209324161092401610923F1628E136E15F
:10A60000309342162093411610924416109243162E
:10A610008FEF809348168093491680934A16809353
:10A620004B1624E020934C1640E85AE166E070E0B7
:10A630004093591650935A1660935B1670935C16AC
:10A6400040EA56E861E070E040935D1650935E1674
:10A6500060935F167093601620E520936216109247
:10A6600063169093F0151092F2154AE050E060E006
:10A6700070E0409301165093021660930316709396
:10A68000041610920616109205162FEB3AE030933E
:10A69000EF152093EE151092F1151092B715109248
:10A6A000B6151092EC151092ED1523EB3AE03093AD
:10A6B000B5152093B4151092B9151092B8151092D3
:10A6C000CD151092D0151092C4151092C515109288
:10A6D000C6151092C7158093CE158093D215E6ED5E
:10A6E000F5E18CEE95E12FEF21938E179F07E1F7AF
:10A6F0008BEF97E19093BD158093BC1583EC98E1A7
:10A700009093BF158093BE158DE396E19093C1158C
:10A710008093C01588E499E19093C3158093C21586
:10A7200030E020E040E069E088EB95E10E94FB1713
:10A7300084E38093D61583E38093D71585E38093D4
:10A74000DF1580E38093E01581E38093E1150895A0
:10A75000CF93DF9300D000D000D01F92CDB7DEB7EB
:10A76000789484B5826084BD84B5816084BD85B5EC
:10A77000826085BD85B5816085BD80916E008160F8
:10A7800080936E001092810080918100826080939E
:10A7900081008091810081608093810080918000A0
:10A7A0008160809380008091B10084608093B100CB
:10A7B0008091B00081608093B000809191008260B0
:10A7C00080939100809191008160809391008091AD
:10A7D00090008160809390008091A10082608093BE
:10A7E000A1008091A10081608093A1008091A000D0
:10A7F00081608093A000809121018260809321017B
:10A8000080912101816080932101809120018160EC
:10A810008093200180917A00846080937A008091F7
:10A820007A00826080937A0080917A0081608093C0
:10A830007A0080917A00806880937A001092C1003B
:10A8400010927710109276101092E91210920B135A
:10A850000E94702285E994E19093751080937410A2
:10A8600086E994E1909373108093721040E855E26A
:10A8700060E070E087E195E10E94AF1240E056E9A8
:10A8800060E070E08AE794E10E94AF1240E452E495
:10A890006FE070E08DED93E10E94AF1210927E1692
:10A8A00010927D1610927C1610927B1610927A16DA
:10A8B0001092791690E080E0FC01EC5CFC4D459133
:10A8C000559165917491403855426105710509F0C3
:10A8D00065C0FC01E85CFC4D2591349130937816FD
:10A8E00020937716FC01E65CFC4D25913491309362
:10A8F0007A1620937916FC01E45CFC4D2591349185
:10A9000030937C1620937B16FC01E25CFC4D859114
:10A91000949190937E1680937D1680917B169091F2
:10A920007C16892B09F481C08091701626EF280FC0
:10A93000243048F09EEC980F943028F092EC980F59
:10A94000983008F06CC090916800243020F032EC10
:10A95000380F383068F131E0932B243048F02EEC7A
:10A96000280F243028F08E53F0E0E0E0883010F417
:10A97000E8E6F0E090839091701636EF390F3430AE
:10A98000C8F08EEC890F8430A8F082EC890FEDE6D8
:10A99000F0E0883088F0F0E0E0E00EC00C968C39F2
:10A9A000910509F089CF1092781610927716B5CFDD
:10A9B00034E0D2CFEBE6F0E020813430C0F481E027
:10A9C000692F6650770BAB0101C0880F4A95EAF7F3
:10A9D000822B343008F12EEC290F2430E8F09E53FE
:10A9E000EDE6F0E09830D0F0F0E0E0E017C088E06D
:10A9F000923371F384E0933359F382E0943341F35B
:10AA000082EC890F883030F481E0E92FEE53FF0BA0
:10AA1000AF01DACF81E0DCCFEBE6F0E0808380911C
:10AA20007D1690917E160E943F2A80917A10909117
:10AA30007B108456964191F080917F168E7F809393
:10AA40007F168FB7F894109279101092781024E640
:10AA500036E130937B1020937A108FBF8DED93E118
:10AA600090930616809305160E944036E091BC151F
:10AA7000F091BD1530E020E040E06AE088EB95E120
:10AA8000199588EB95E10E946917E091BC15F0914A
:10AA9000BD1530E020E040E06BE088EB95E11995D2
:10AAA000E091BC15F091BD1530E020E040E06BE096
:10AAB00088EB95E1199588EB95E10E946917109252
:10AAC000A8121092A9121092AA121092AB1280E54D
:10AAD0008093010810927C1010927D1010927E10CD
:10AAE00010927F1088E096E19093A7128093A612AF
:10AAF00087E594E19093A5118093A4113BE6232E62
:10AB00003AE0332E5E0127E0A20EB11C44E3442E4E
:10AB1000512C612C712C6BE87AE06215730509F4F5
:10AB200081C1F101C190D190E190F1901F01B70175
:10AB3000A60180E493E10E94AF1280E493E10E94B9
:10AB4000E8151092AC1222E0822E912C14E303E05F
:10AB50008091A8129091A912A091AA12B091AB1263
:10AB60000097A105B10539F10197A105B10509F0DB
:10AB70003FC0E091A612F091A712FA87E987EF2B68
:10AB8000B9F18091010889830A831B821C831D828D
:10AB90000E83DE0111966FEF4FEFCD01AA15BB05B5
:10ABA000D1F5542F5F83688748E050E060E070E0A3
:10ABB000E985FA8514C0E091A612F091A7123097AA
:10ABC000B9F02FEF29836AEA6A8377E27B831C83DB
:10ABD0001D8245E050E060E070E0CE0101961995DD
:10ABE0004092801050928110609282107092831077
:10ABF00068EC70E080E090E00E94181480E493E13B
:10AC00000E944515892BA9F080E493E10E94231549
:10AC10000E948143F3CF2D91242730E0A9014559AB
:10AC2000564FFA01408146272559374FF901608177
:10AC3000B5CF8091AC12882309F4ECC02AE0B701AB
:10AC4000A60187E195E10E94A03F6DEA7BE087E1E4
:10AC500095E10E94C74263EC7BE087E195E10E94A9
:10AC6000C74265E07CE087E195E10E94C74263E569
:10AC70007CE087E195E10E94C74261E87CE087E1E2
:10AC800095E10E94C74266EE7CE087E195E10E9473
:10AC9000C7426EE07DE087E195E10E94C74267E32D
:10ACA0007DE087E195E10E94C7426AE67DE087E1A9
:10ACB00095E10E94C7426BE97DE087E195E10E9442
:10ACC000C74262ED7DE087E195E10E94C74268E0FE
:10ACD0007EE087E195E10E94C74269E67EE087E178
:10ACE00095E10E94C7426BE97EE087E195E10E9411
:10ACF000C74265EB7EE087E195E10E94C74245E0EF
:10AD000050E062E078E080E493E10E9497140E94B2
:10AD1000984B60EA7FE080E090E00E9418140E9467
:10AD2000984B0E94984B05E510E084E5E82EF12C45
:10AD30000E947947E0911413F0911513E236F10562
:10AD400008F06EC28827E855F94A8F4F0C94C25913
:10AD50001B5722572B573A573F574857515756576B
:10AD60005B576057675776577B57C4579657EF58CE
:10AD7000A358A957C457AE57B357C457B857BD5770
:10AD8000C257D957EC57F157C457F65704580B58C8
:10AD9000C45710581758B758D957EC57F157B958E6
:10ADA0001C582B584A5855585A58C4575F5864581D
:10ADB000C257D9576958BD57C45770587558C457AA
:10ADC0007A587F5876577B57C4578E58A158A95741
:10ADD000C457AE57B357C457B857BD57C257D957C2
:10ADE000EC57F157C457A85804580B58C457AD58DE
:10ADF000B258B758D858E358E858B958ED58F258EF
:10AE0000F958B958FE580359B9580859BD57B95897
:10AE10000D5951578A94892809F47DCE882483944A
:10AE2000912C96CE66E07FE087E195E10E94C742D3
:10AE30006CE17FE060CF64E170E080E090E00E9430
:10AE40004D3A06C064E170E080E090E00E94462A3E
:10AE50000E9411166DCF81E090E00E9483370E941E
:10AE6000C9420E942F366BE370E080E090E00E94C0
:10AE7000FB3AEECF6BE370E080E090E0E7CF81E05B
:10AE800090E00E9483370E94C9420E948A38E0CF36
:10AE90000E9440366AE070E080E090E00E94FD3958
:10AEA000D7CF6AE070E080E090E0D0CF66E470E059
:10AEB00080E090E0DCCF66E470E080E090E0C6CF18
:10AEC0000E94DE3485E090E00E94013FC1CF0E94E5
:10AED000DE340E942C3964EF71E080E090E00E9443
:10AEE000181464E070E080E090E0C1CF64E070E0AE
:10AEF00080E090E0ABCF60910C1370910D138091C6
:10AF00000E1390910F130E94C25A83E190E00E94A9
:10AF1000894940910C1350910D1360910E1370915B
:10AF20000F1383E190E00E941A4692CF0E942C39C1
:10AF30006AE070E080E090E00E94181482E090E007
:10AF40000E9483370E9400370E94F1410E94EB3833
:10AF50007FCF65E070E080E090E078CF6BE270E05A
:10AF600080E090E084CF6BE270E080E090E06ECF14
:10AF700060E570E080E090E062CF60E570E080E046
:10AF800090E064CF0E94BC3460910C1370910D135B
:10AF900080910E1390910F130E94384960910C1309
:10AFA00070910D1380910E1390910F130E941A4807
:10AFB0004FCF0E942C396AE070E080E090E00E9460
:10AFC000181484E090E00E9483370E9471360E943A
:10AFD000D23B0E9444393CCF6FE070E080E090E0CB
:10AFE0002ECF6FE070E080E090E030CF0E9499308B
:10AFF0000E941A3480911413909115130196909326
:10B0000015138093141324CF0E9440366AE470E035
:10B0100080E090E014CF6AE470E080E090E016CF2A
:10B0200064E470E080E090E00E949D3A11CF64E417
:10B0300070E080E090E00ACF0E9499300E94403694
:10B0400068EE73E080E090E00E9418140E944036A1
:10B050000E94F74BFDCE20E030E044EB52E46091DB
:10B060000C1370910D1380910E1390910F130E9489
:10B07000DE590E94384920E030E044EB52E4609110
:10B080000C1370910D1380910E1390910F130E9469
:10B09000DE598CCF68EE73E080E090E00E941814D7
:10B0A0008AE090E00E94244CD3CE62E570E080E01C
:10B0B00090E0DDCE62E570E080E090E0C7CE6CE528
:10B0C00070E080E090E0EACE6CE570E080E090E037
:10B0D000BDCE0E94403660E570E080E090E0DECEBC
:10B0E0006AE170E080E090E09FCF6AE170E080E08C
:10B0F00090E0ACCE0E94DE348BEF9FEFE5CE0E9455
:10B10000DE340E942C3964EF71E080E090E00E9410
:10B11000181464E070E080E090E086CF0E942C3943
:10B120006AE070E080E090E00E94181482E090E015
:10B130000E9483370E9400370E941B410E94AA3858
:10B1400087CE0E94403665E070E080E090E077CEE8
:10B150000E94FD2F0E94D3324DCF63E570E080E066
:10B1600090E062CF63E570E080E090E06FCE0E94F7
:10B17000BC3420E030E046EB52E460910C13709157
:10B180000D1380910E1390910F130E94DF590E94AE
:10B19000384920E030E046EB52E460910C137091A6
:10B1A0000D1380910E1390910F130E94DF59FECE64
:10B1B0000E942C396AE070E080E090E00E94181450
:10B1C00085E090E000CFF0921513E092141340CE8A
:10B1D00010931513009314133BCE0E94612F0E940D
:10B1E000403608CF0E9440366EE670E080E090E086
:10B1F00026CE6EE670E080E090E028CE68E570E054
:10B2000080E090E011CF68E570E080E090E01ECE35
:10B2100060E570E080E090E007CF0E94CD3918CE65
:10B220000E942C3915CE83EF9AE0909325168093D7
:10B2300024168091431690914416009711F00E94B5
:10B24000BD5C8FE19BE0909365168093641620911E
:10B25000701646EF420F443058F08EEC820F843067
:10B2600038F082EC820FEDE6F0E0883018F00895B7
:10B27000EBE6F0E03081822F8650990B443080F06D
:10B2800087EF2233A9F08BEF233391F08DEF243336
:10B2900079F082EC820F8830D0F4822F8E53990B94
:10B2A000BC0181E090E001C0880F6A95EAF78095C3
:10B2B0008323443070F09EEC920F943050F02E5364
:10B2C000F0E0E0E0283038F4EDE6F0E004C08EEF86
:10B2D000EFCFEBE6F0E08083CACF97FB072E16F4A2
:10B2E000009407D077FD09D00E94CA5907FC05D009
:10B2F0003EF4909581959F4F0895709561957F4F8D
:10B300000895A1E21A2EAA1BBB1BFD010DC0AA1FA6
:10B31000BB1FEE1FFF1FA217B307E407F50720F0BE
:10B32000A21BB30BE40BF50B661F771F881F991F39
:10B330001A9469F760957095809590959B01AC0182
:10B34000BD01CF010895052E97FB1EF400940E94C5
:10B35000BA5957FD07D00E94815907FC03D04EF41B
:10B360000C94BA5950954095309521953F4F4F4FC9
:10B370005F4F089590958095709561957F4F8F4FA1
:10B380009F4F0895EE0FFF1F881F8BBF0790F69108
:10B39000E02D1994AA1BBB1B51E107C0AA1FBB1FBC
:10B3A000A617B70710F0A61BB70B881F991F5A9551
:10B3B000A9F780959095BC01CD0108955058BB2701
:10B3C000AA270E94F6590C94705B0E94625B38F0C9
:10B3D0000E94695B20F039F49F3F19F426F40C9425
:10B3E0005F5B0EF4E095E7FB0C94595BE92F0E943C
:10B3F000815B58F3BA17620773078407950720F03B
:10B4000079F4A6F50C94A35B0EF4E0950B2EBA2FFD
:10B41000A02D0B01B90190010C01CA01A00111245A
:10B42000FF27591B99F0593F50F4503E68F11A1606
:10B43000F040A22F232F342F4427585FF3CF469597
:10B4400037952795A795F0405395C9F77EF41F16B9
:10B45000BA0B620B730B840BBAF09150A1F0FF0F83
:10B46000BB1F661F771F881FC2F70EC0BA0F621F6F
:10B47000731F841F48F4879577956795B795F7955F
:10B480009E3F08F0B0CF9395880F08F09927EE0FF4
:10B490009795879508950E94355B08F481E008959B
:10B4A0000E94645A0C94705B0E94695B58F00E9481
:10B4B000625B40F029F45F3F29F00C94595B511115
:10B4C0000C94A45B0C945F5B0E94815B68F39923EE
:10B4D000B1F3552391F3951B550BBB27AA27621790
:10B4E0007307840738F09F5F5F4F220F331F441F9D
:10B4F000AA1FA9F335D00E2E3AF0E0E832D09150D1
:10B500005040E695001CCAF72BD0FE2F29D0660FBD
:10B51000771F881FBB1F261737074807AB07B0E800
:10B5200009F0BB0B802DBF01FF2793585F4F3AF006
:10B530009E3F510578F00C94595B0C94A45B5F3FDF
:10B54000E4F3983ED4F3869577956795B795F7958C
:10B550009F5FC9F7880F911D9695879597F9089574
:10B56000E1E0660F771F881FBB1F62177307840710
:10B57000BA0720F0621B730B840BBA0BEE1F88F71F
:10B58000E09508950E94C95A6894B1110C94A45B87
:10B5900008950E94895B88F09F5798F0B92F9927EA
:10B5A000B751B0F0E1F0660F771F881F991F1AF0AE
:10B5B000BA95C9F714C0B13091F00E94A35BB1E015
:10B5C00008950C94A35B672F782F8827B85F39F014
:10B5D000B93FCCF3869577956795B395D9F73EF447
:10B5E00090958095709561957F4F8F4F9F4F0895EF
:10B5F000E89409C097FB3EF490958095709561950D
:10B600007F4F8F4F9F4F9923A9F0F92F96E9BB27C2
:10B610009395F695879577956795B795F111F8CF3E
:10B62000FAF4BB0F11F460FF1BC06F5F7F4F8F4FA9
:10B630009F4F16C0882311F096E911C0772321F09F
:10B640009EE8872F762F05C0662371F096E8862F37
:10B6500070E060E02AF09A95660F771F881FDAF78E
:10B66000880F9695879597F90895990F0008550FBB
:10B67000AA0BE0E8FEEF16161706E807F907C0F078
:10B6800012161306E407F50798F0621B730B840B80
:10B69000950B39F40A2661F0232B242B252B21F45A
:10B6A00008950A2609F4A140A6958FEF811D811DFA
:10B6B000089597F99F6780E870E060E008959FEF34
:10B6C00080EC089500240A94161617061806090639
:10B6D000089500240A941216130614060506089508
:10B6E000092E0394000C11F4882352F0BB0F40F490
:10B6F000BF2B11F460FF04C06F5F7F4F8F4F9F4FD0
:10B70000089557FD9058440F551F59F05F3F71F051
:10B710004795880F97FB991F61F09F3F79F08795B8
:10B720000895121613061406551FF2CF4695F1DF41
:10B7300008C0161617061806991FF1CF86957105D1
:10B74000610508940895E894BB2766277727CB0105
:10B7500097F908950E94355B08F48FEF08950E94D1
:10B76000C25B0C94705B0E94625B38F00E94695B64
:10B7700020F0952311F00C94595B0C945F5B11241D
:10B780000C94A45B0E94815B70F3959FC1F3950FAD
:10B7900050E0551F629FF001729FBB27F00DB11D55
:10B7A000639FAA27F00DB11DAA1F649F6627B00DE5
:10B7B000A11D661F829F2227B00DA11D621F739FCE
:10B7C000B00DA11D621F839FA00D611D221F749FDC
:10B7D0003327A00D611D231F849F600D211D822F23
:10B7E000762F6A2F11249F5750409AF0F1F088234A
:10B7F0004AF0EE0FFF1FBB1F661F771F881F915077
:10B800005040A9F79E3F510580F00C94595B0C9471
:10B81000A45B5F3FE4F3983ED4F3869577956795F4
:10B82000B795F795E7959F5FC1F7FE2B880F911DA0
:10B830009695879597F908950E94355B880B990B2B
:10B8400008950F931F93CF93DF938230910510F4E7
:10B8500082E090E0E0918216F091831630E020E0E3
:10B86000B0E0A0E0309799F42115310509F44AC001
:10B87000281B390B24303105D8F58A819B8161154D
:10B88000710589F1FB0193838283FE0111C0408120
:10B8900051810281138148175907E0F04817590771
:10B8A00099F4109761F012960C93129713961C93CB
:10B8B0003296CF01DF91CF911F910F9108950093A0
:10B8C000821610938316F4CF2115310551F04217DB
:10B8D000530738F0A901DB019A01BD01DF01F8012E
:10B8E000C1CFEF01F9CF9093831680938216CDCF0D
:10B8F000FE01E20FF31F81939193225031093983A6
:10B900002883D7CF2091801630918116232B41F4C4
:10B910002091090830910A083093811620938016EF
:10B9200020910708309108082115310541F42DB701
:10B930003EB740910B0850910C08241B350BE09149
:10B940008016F0918116E217F307A0F42E1B3F0B2F
:10B950002817390778F0AC014E5F5F4F2417350781
:10B9600048F04E0F5F1F50938116409380168193CD
:10B9700091939FCFF0E0E0E09CCFCF93DF930097CF
:10B98000E9F0FC01329713821282A0918216B091E5
:10B990008316ED0130E020E01097A1F42081318181
:10B9A000820F931F20918016309181162817390736
:10B9B00009F061C0F0938116E0938016DF91CF917A
:10B9C0000895EA01CE17DF07E8F54A815B819E0101
:10B9D00041155105B1F7E901FB83EA83499159917A
:10B9E000C40FD51FEC17FD0761F480819181029689
:10B9F000840F951FE90199838883828193819B83BA
:10BA00008A83F0E0E0E012968D919C911397009765
:10BA1000B9F52D913C911197CD010296820F931F9C
:10BA200020918016309181162817390739F6309702
:10BA300051F51092831610928216B0938116A0933E
:10BA40008016BCCFD383C28340815181840F951F60
:10BA5000C817D90761F44E5F5F4F88819981480FFD
:10BA6000591F518340838A819B819383828321154F
:10BA7000310509F0B0CFF0938316E09382169ECF84
:10BA8000FD01DC01C0CF13821282D7CF81E090E0AC
:10BA9000F8940C94545DFB01DC0102C001900D92FE
:10BAA00041505040D8F7089512E1C9E7D2E100E0D3
:10BAB00006C0802FFE010E94C2592196011DCA377F
:0CBAC000D10780E00807A9F7F894FFCF39
:10BACC00FFAAAA01055A00000000000000000000B7
:10BADC00000000000000000000000000000000005A
:10BAEC00000000000000000000000000000000004A
:10BAFC00000000000000000000000000000000003A
:10BB0C000000000000000000000000000000000029
:10BB1C000000000000000000000000000000000019
:10BB2C000000000000000000000000000000000009
:10BB3C0000000000000000000000000000000000F9
:10BB4C0000000000000000000000000000000000E9
:10BB5C0000000000000000000000000000000000D9
:10BB6C0000000000000000000000000000000000C9
:10BB7C0000000000000000000000000000000000B9
:10BB8C0000000000000000000000000000000000A9
:10BB9C000000000000000000000000000000000099
:10BBAC000000000000000000000000000000000089
:10BBBC000000000000000000000000000000000079
:10BBCC0000AAAA01045900000000000000000000B7
:10BBDC000000000000000000000000000000000059
:10BBEC000000000000000000000000000000000049
:10BBFC000000000000000000000000000000000039
:10BC0C000000000000000000000000000000000028
:10BC1C000000000000000000000000000000000018
:10BC2C000000000000000000000000000000000008
:10BC3C0000000000000000000000000000000000F8
:10BC4C0000000000000000000000000000000000E8
:10BC5C0000000000000000000000000000000000D8
:10BC6C0000000000000000000000000000000000C8
:10BC7C0000000000000000000000000000000000B8
:10BC8C0000000000000000000000000000000000A8
:10BC9C000000000000000000000000000000000098
:10BCAC000000000000000000000000000000000088
:10BCBC000000000000000000000000000000000078
:10BCCC0000AAAA01035800000000000000000000B8
:10BCDC000000000000000000000000000000000058
:10BCEC000000000000000000000000000000000048
:10BCFC000000000000000000000000000000000038
:10BD0C000000000000000000000000000000000027
:10BD1C000000000000000000000000000000000017
:10BD2C000000000000000000000000000000000007
:10BD3C0000000000000000000000000000000000F7
:10BD4C0000000000000000000000000000000000E7
:10BD5C0000000000000000000000000000000000D7
:10BD6C0000000000000000000000000000000000C7
:10BD7C0000000000000000000000000000000000B7
:10BD8C0000000000000000000000000000000000A7
:10BD9C000000000000000000000000000000000097
:10BDAC000000000000000000000000000000000087
:10BDBC000000000000000000000000000000000077
:10BDCC0000AAAA01025700000000000000000000B9
:10BDDC000000000000000000000000000000000057
:10BDEC000000000000000000000000000000000047
:10BDFC000000000000000000000000000000000037
:10BE0C000000000000000000000000000000000026
:10BE1C000000000000000000000000000000000016
:10BE2C000000000000000000000000000000000006
:10BE3C0000000000000000000000000000000000F6
:10BE4C0000000000000000000000000000000000E6
:10BE5C0000000000000000000000000000000000D6
:10BE6C0000000000000000000000000000000000C6
:10BE7C0000000000000000000000000000000000B6
:10BE8C0000000000000000000000000000000000A6
:10BE9C000000000000000000000000000000000096
:10BEAC000000000000000000000000000000000086
:10BEBC000000000000000000000000000000000076
:10BECC0000AAAA01015600000000000000000000BA
:10BEDC000000000000000000000000000000000056
:10BEEC000000000000000000000000000000000046
:10BEFC000000000000000000000000000000000036
:10BF0C000000000000000000000000000000000025
:10BF1C000000000000000000000000000000000015
:10BF2C000000000000000000000000000000000005
:10BF3C0000000000000000000000000000000000F5
:10BF4C0000000000000000000000000000000000E5
:10BF5C0000000000000000000000000000000000D5
:10BF6C0000000000000000000000000000000000C5
:10BF7C0000000000000000000000000000000000B5
:10BF8C0000000000000000000000000000000000A5
:10BF9C000000000000000000000000000000000095
:10BFAC000000000000000000000000000000000085
:10BFBC000000000000000000000000000000000075
:10BFCC0000AAAA01005500000000000000000000BB
:10BFDC000000000000000000000000000000000055
:10BFEC000000000000000000000000000000000045
:10BFFC000000000000000000000000000000000035
:10C00C000000000000000000000000000000000024
:10C01C000000000000000000000000000000000014
:10C02C000000000000000000000000000000000004
:10C03C0000000000000000000000000000000000F4
:10C04C0000000000000000000000000000000000E4
:10C05C0000000000000000000000000000000000D4
:10C06C0000000000000000000000000000000000C4
:10C07C0000000000000000000000000000000000B4
:10C08C0000000000000000000000000000000000A4
:10C09C000000000000000000000000000000000094
:10C0AC000000000000000000000000000000000084
:10C0BC000000000000000000000000000000000074
:10C0CC0000FFFFAA7600000000841680005A0500CD
:10C0DC0001601815AE19FF1815AF19FF1815A11529
:10C0EC00C819FF0001140A6464323200093D0000D3
:10C0FC0004289610080000800040001815AE15D5D5
:10C10C0016A015401520160215A115C815DA161221
:10C11C001581166F15D916D315DB1620152E15A4FF
:10C12C0015A619FF1815A015C019FF00C0C101C331
:10C13C000302C2C60607C705C5C404CC0C0DCD0F3F
:10C14C00CFCE0E0ACACB0BC90908C8D81819D91BEF
:10C15C00DBDA1A1EDEDF1FDD1D1CDC14D4D515D76F
:10C16C001716D6D21213D311D1D010F03031F133BF
:10C17C00F3F23236F6F737F53534F43CFCFD3DFF7F
:10C18C003F3EFEFA3A3BFB39F9F83828E8E929EB4F
:10C19C002B2AEAEE2E2FEF2DEDEC2CE42425E527AF
:10C1AC00E7E62622E2E323E12120E0A06061A1631F
:10C1BC00A3A26266A6A767A56564A46CACAD6DAFBF
:10C1CC006F6EAEAA6A6BAB69A9A86878B8B979BB6F
:10C1DC007B7ABABE7E7FBF7DBDBC7CB47475B577EF
:10C1EC00B7B67672B2B373B17170B050909151937F
:10C1FC0053529296565797559594549C5C5D9D5FFF
:10C20C009F9E5E5A9A9B5B99595898884849894BCE
:10C21C008B8A4A4E8E8F4F8D4D4C8C44848545872E
:10C22C00474686824243834181804000C181400160
:10C23C00C0804101C0804100C1814001C0804100EB
:10C24C00C1814000C1814001C0804101C0804100DA
:10C25C00C1814000C1814001C0804100C1814001C9
:10C26C00C0804101C0804100C1814001C0804100BB
:10C27C00C1814000C1814001C0804100C1814001A9
:10C28C00C0804101C0804100C1814000C18140019A
:10C29C00C0804101C0804100C1814001C08041008B
:10C2AC00C1814000C1814001C0804101C08041007A
:10C2BC00C1814000C1814001C0804100C181400169
:10C2CC00C0804101C0804100C1814000C18140015A
:10C2DC00C0804101C0804100C1814001C08041004B
:10C2EC00C1814000C1814001C0804100C181400139
:10C2FC00C0804101C0804100C1814001C08041002B
:10C30C00C1814000C1814001C0804101C080410019
:10C31C00C1814000C1814001C0804100C181400108
:10C32C00C0804101C0804100C1814000000000C0BC
:10C33C0012000080250000004B0000009600000059
:10C34C00E1000000C2010000840300000000009B1B
:10C35C001597141415E8154515231537150000000D
:10C36C0000A5247824403D6D2171245E244F2400C7
:10C37C00000000D519173D403D3F3D00000000FF77
:10C38C002410256825E524D4246D21CD2981291E6E
:10C39C00299E4C1A29DC28D828D428D028CC28B19E
:10C3AC00288F286D284B28322819280028DE2700D2
:10C3BC00000000F01E9714403D3F3D061C6D219679
:10C3CC00216E218A217E219D216D21B61C9F237611
:10C3DC001BBF1BB62099202120C21F000000004368
:10C3EC003D9714403DF729062A1E2ADD296E616E01
:10C3FC0000696E66006F766600E8BF9BE585A5E96F
:10C40C00A29CE889B2E8AF86E588AB3100E8BF9B17
:10C41C00E585A5E9A29CE889B2E8AF86E588AB3250
:10C42C0000E8BF9BE585A5E9A29CE889B2E8AF8648
:10C43C00E588AB330065727765696D6131203D200D
:10C44C000065727765696D6132203D20002B0078A4
:10C45C003A00793A00613A006F3A0072313A007250
:10C46C00323A006C78313A007264323A00206261E0
:10C47C0075642066696E642073656E736F720D0A45
:10C48C000D0A000D0A2A2A2A2A2A2A2A2A2A2A2AA4
:10C49C002A2A2A2A2A2A2A2A2A2A2A2A2A092057EE
:10C4AC0049545F53444B5F44454D4F092A2A2A2A6D
:10C4BC002A2A2A2A2A2A2A2A2A2A2A2A2A2A2A2AD0
:10C4CC002A2A2A2A000D0A2A2A2A2A2A2A2A2A2A27
:10C4DC002A2A2A2A2A2A2A2A2A2A2A2A2A2A2A20BA
:10C4EC0020202020202020202048454C5020202097
:10C4FC0020202020202020202A2A2A2A2A2A2A2AE0
:10C50C002A2A2A2A2A2A2A2A2A2A2A2A2A2A2A2A7F
:10C51C000D0A00554152542053454E443A615C7209
:10C52C005C6E202020416363656C65726174696F79
:10C53C006E2063616C6962726174696F6E2E0D0A94
:10C54C0000554152542053454E443A6D5C725C6E1A
:10C55C002020204D61676E65746963206669656C87
:10C56C00642063616C6962726174696F6E2C4166E0
:10C57C007465722063616C6962726174696F6E209C
:10C58C0073656E643A202020655C725C6E202020FE
:10C59C00746F20696E6469636174652074686520CA
:10C5AC00656E640D0A00554152542053454E443A71
:10C5BC00555C725C6E20202042616E6477696474F5
:10C5CC006820696E6372656173652E0D0A005541B2
:10C5DC0052542053454E443A755C725C6E202020B8
:10C5EC0042616E6477696474682072656475637403
:10C5FC00696F6E2E0D0A00554152542053454E441E
:10C60C003A425C725C6E202020426175642072613B
:10C61C00746520696E6372656173656420746F2044
:10C62C003131353230302E0D0A00554152542053E1
:10C63C00454E443A625C725C6E2020204261756407
:10C64C00207261746520726564756374696F6E2005
:10C65C00746F20393630302E0D0A0055415254205B
:10C66C0053454E443A525C725C6E202020546865EF
:10C67C002072657475726E207261746520696E63C8
:10C68C0072656173657320746F203130487A2E0D9A
:10C69C000A00554152542053454E443A725C725C28
:10C6AC006E2020205468652072657475726E20723D
:10C6BC0061746520726564756374696F6E20746F44
:10C6CC002031487A2E0D0A00554152542053454EC4
:10C6DC00443A435C725C6E20202042617369632093
:10C6EC0072657475726E20636F6E74656E743A2029
:10C6FC00616363656C65726174696F6E2C20616E29
:10C70C0067756C61722076656C6F636974792C2027
:10C71C00616E676C652C206D61676E657469632052
:10C72C006669656C642E0D0A0055415254205345C0
:10C73C004E443A635C725C6E2020205265747572B4
:10C74C006E20636F6E74656E743A20616363656C02
:10C75C0065726174696F6E2E0D0A0055415254203A
:10C76C0053454E443A685C725C6E20202068656CC0
:10C77C00702E0D0A002A2A2A2A2A2A2A2A2A2A2A2A
:10C78C002A2A2A2A2A2A2A2A2A2A2A2A2A2A2A2AFD
:10C79C002A2A2A2A2A2A2A2A2A2A2A2A2A2A2A2AED
:10C7AC002A2A2A2A2A2A2A2A2A2A2A2A2A2A2A2ADD
:10C7BC002A2A2A2A2A2A2A2A2A2A2A2A2A2A2A2ACD
:10C7CC002A2A2A0D0A0063616E206E6F7420666936
:10C7DC006E642073656E736F720D0A00706C656108
:10C7EC00736520636865636B20796F757220636F66
:0CC7FC006E6E656374696F6E0D0A0000BC
:00000001FF
