:020000040800F2
:10000000D8120024AD02000821B2000871A3000834
:1000100019B20008F103000849D6000800000000EA
:1000200000000000000000000000000071B60008A1
:10003000B90E00080000000099B20008D1B600080F
:10004000CB020008CB020008CB020008CB0200085C
:10005000CB020008CB020008CB020008CB0200084C
:10006000CB020008CB020008CB020008F90300080D
:1000700009040008CB020008CB020008CB020008EC
:10008000CB020008CB020008CB020008CB0200081C
:10009000CB020008CB020008CB020008CB0200080C
:1000A000CB020008CB020008CB020008CB020008FC
:1000B000CB020008CB020008CB020008CB020008EC
:1000C000CB020008CB020008CB020008CB020008DC
:1000D000CB02000829D40008CB020008CB0200089C
:1000E000CB020008CB02000800000000CB02000891
:1000F000CB020008CB020008CB020008CB020008AC
:10010000CB020008CB020008CB020008CB0200089B
:10011000CB020008CB020008CB020008CB0200088B
:10012000CB020008CB02000819040008CB0200082B
:10013000CB020008CB020008CB020008CB0200086B
:1001400000000000000000000000000000000000AF
:10015000CB020008CB0200082904000839D60008A9
:10016000CB020008CB020008CB020008CB0200083B
:10017000CB020008CB020008CB0200080000000000
:10018000CB020008CB020008CB020008CB0200081B
:10019000CB020008CB020008CB020008CB0200080B
:1001A000CB020008CB020008CB020008CB020008FB
:1001B000CB020008CB020008CB020008CB020008EB
:1001C000CB020008CB020008CB020008CB020008DB
:1001D000CB020008CB020008CB020008CB020008CB
:1001E000CB020008CB020008CB020008CB020008BB
:1001F000CB020008CB020008CB020008CB020008AB
:10020000CB020008CB020008CB020008CB0200089A
:10021000CB020008CB020008CB020008CB0200088A
:10022000CB020008CB020008CB020008000000004F
:10023000CB020008CB02000800000000CB0200083F
:10024000CB020008CB020008CB020008CB0200085A
:10025000CB020008CB020008CB020008CB0200084A
:10026000CB020008CB020008CB020008CB0200083A
:10027000CB020008CB020008CB02000800000000FF
:10028000CB020008CB020008CB02000800000000EF
:1002900000000000CB020008DFF80CD000F090F85E
:1002A0000048004719D70008D812002407488047A3
:1002B0000748804707480047FEE7FEE7FEE7FEE7FE
:1002C000FEE7FEE7FEE7FEE7FEE7FEE7D10E0008E9
:1002D000C1B70008990200082DE9F05F054600202B
:1002E00092469B4688460646814640241BE02846A7
:1002F00041464746224600F053F853465A46C01A34
:10030000914110D311461846224600F03AF82D1AB2
:1003100067EB01084F4622460120002100F031F82A
:1003200017EB00094E41201EA4F10104DFDC484612
:1003300031462A464346BDE8F09F40EA01039B0749
:1003400003D009E008C9121F08C0042AFAD203E04A
:1003500011F8013B00F8013B521EF9D27047D2B2AE
:1003600001E000F8012B491EFBD270470022F6E79E
:1003700010B513460A4604461946FFF7F0FF20461B
:1003800010BD202A04DB203A00FA02F10020704759
:100390009140C2F1200320FA03F3194390407047C3
:1003A000202A04DB203A21FA02F00021704721FACA
:1003B00002F3D040C2F12002914008431946704731
:1003C0001CB509480090094801900546009C06E0CC
:1003D000E06840F0010394E8070098471034AC420D
:1003E000F6D3FFF75DFF000078D8000898D8000822
:1003F000FFE7FEE70000000080B540F20410C2F203
:10040000004001F0F9FE80BD80B540F27C10C2F2E0
:10041000004001F0F1FE80BD80B540F21400C2F250
:10042000004001F0E9FE80BD80B540F28C00C2F2D0
:10043000004001F0E1FE80BD83B0029002980168A7
:1004400001201022C4F202029142009000F0A38029
:10045000FFE70298016801202822C4F202029142BB
:10046000009000F09880FFE7029801680120402288
:10047000C4F202029142009000F08D80FFE70298E2
:10048000016801205822C4F202029142009000F05B
:100490008280FFE70298016801207022C4F2020204
:1004A0009142009077D0FFE70298016801208822EE
:1004B000C4F20202914200906DD0FFE702980168F9
:1004C0000120A022C4F202029142009063D0FFE713
:1004D000029801680120B822C4F202029142009001
:1004E00059D0FFE702980168012040F21042C4F29F
:1004F0000202914200904ED0FFE70298016801206D
:1005000040F22842C4F202029142009043D0FFE739
:1005100002980168012040F24042C4F20202914276
:10052000009038D0FFE702980168012040F258425D
:10053000C4F20202914200902DD0FFE702980168B8
:10054000012040F27042C4F202029142009022D097
:10055000FFE702980168012040F28842C4F20202DB
:100560009142009017D0FFE702980168012040F205
:10057000A042C4F20202914200900CD0FFE7029820
:1005800000684FF64831CBF6FD710844B0FA80F0B0
:1005900040090090FFE70098C00740B3FFE70298CA
:1005A000007810384AF6AB21CAF6AA21A0FB011048
:1005B00000090190019800F007014DF64800C0F6CF
:1005C0000000405C0299C8650198042807D3FFE742
:1005D00002990868042262F30900886506E002991E
:1005E000086840F2FF3290438865FFE705E0029912
:1005F000086820F0FF008865FFE70298806D03B06F
:10060000704700000000000084B003900398006869
:10061000019003980168012045F20842C5F60202E4
:10062000914200904ED0FFE703980168012045F207
:100630001C42C5F602029142009043D0FFE70398A6
:100640000168012045F23042C5F602029142009055
:1006500038D0FFE703980168012045F24442C5F60F
:100660000202914200902DD0FFE70398016801201B
:1006700045F25842C5F602029142009022D0FFE7AF
:1006800003980168012045F26C42C5F602029142CE
:10069000009017D0FFE703980168012045F28042DF
:1006A000C5F60202914200900CD0FFE70398006863
:1006B0004AF66C31CAF2FD710844B0FA80F0400984
:1006C0000090FFE70098C00710B3FFE70398007899
:1006D00008384CF6CD41CCF6CC41A0FB0110000906
:1006E0000290029945F60000C5F6020000EB810079
:1006F00003990866039945F68000C5F6020048662E
:10070000029800F01F01012088400399886635E0B7
:100710000398007810384AF6AB21CAF6AA21A0FB4C
:10072000011000090290019840F2B841C4F20201A0
:1007300088420CD8FFE7019840F21041C4F2020150
:10074000884204D3FFE7029808300290FFE702993D
:1007500040F60000C4F2020000EB81000399086635
:10076000039940F68000C4F202004866029800F047
:100770001F010120884003998866FFE704B0704795
:1007800083B002900298007901900198002800F04F
:100790008A80FFE70198082800F28580FFE7029829
:1007A0000168012045F20842C5F60202914200901C
:1007B0004ED0FFE702980168012045F21C42C5F6C1
:1007C00002029142009043D0FFE7029801680120A5
:1007D00045F23042C5F602029142009038D0FFE760
:1007E00002980168012045F24442C5F60202914296
:1007F00000902DD0FFE702980168012045F2584291
:10080000C5F602029142009022D0FFE702980168EB
:10081000012045F26C42C5F602029142009017D0C9
:10082000FFE702980168012045F28042C5F6020206
:10083000914200900CD0FFE7029800684AF66C31B4
:10084000CAF2FD710844B0FA80F040090090FFE759
:100850000098C00780B1FFE7019945F6FC00C5F696
:10086000020000EB81000299C866029945F640102B
:10087000C5F6020008670FE0019940F6FC00C4F2DB
:10088000020000EB81000299C866029940F6401010
:10089000C4F202000867FFE70198411E012088406A
:1008A00002994867FFE703B07047000000000000AE
:1008B00085B0049000208DF80F000498806918BB63
:1008C000FFE70498806A029003281BD80299DFE8AA
:1008D00001F0020D0218049890F82F00C00720B113
:1008E000FFE701208DF80F00FFE70CE00498C06AD5
:1008F000B0F1C07F04D1FFE701208DF80F00FFE7C2
:1009000001E000E0FFE747E004988069B0F5005F90
:1009100026D1FFE70498806A019003281ED8019928
:10092000DFE801F00206021101208DF80F0016E049
:10093000049890F82F00C00720B1FFE701208DF840
:100940000F00FFE70BE00498C06AB0F1C07F04D14C
:10095000FFE701208DF80F00FFE700E0FFE71AE056
:100960000498806A0090032804D3FFE700980328C6
:1009700004D00EE001208DF80F000BE0049890F8F1
:100980002F00C00720B1FFE701208DF80F00FFE71F
:1009900000E0FFE7FFE7FFE79DF80F0005B07047B5
:1009A00089B008900791069205930898806D04908D
:1009B0000898806D03900898016801201022C4F205
:1009C00002029142029000F00381FFE7089801685B
:1009D00001202822C4F202029142029000F0F88025
:1009E000FFE70898016801204022C4F20202914208
:1009F000029000F0ED80FFE708980168012058227E
:100A0000C4F202029142029000F0E280FFE70898EF
:100A1000016801207022C4F202029142029000F0AB
:100A2000D780FFE70898016801208822C4F20202FB
:100A30009142029000F0CC80FFE708980168012005
:100A4000A022C4F202029142029000F0C180FFE7AE
:100A5000089801680120B822C4F202029142029073
:100A600000F0B680FFE708980168012040F21042CC
:100A7000C4F202029142029000F0AA80FFE70898B7
:100A80000168012040F22842C4F202029142029021
:100A900000F09E80FFE708980168012040F2404284
:100AA000C4F202029142029000F09280FFE708989F
:100AB0000168012040F25842C4F2020291420290C1
:100AC00000F08680FFE708980168012040F270423C
:100AD000C4F20202914202907AD0FFE708980168BE
:100AE000012040F28842C4F20202914202906FD08B
:100AF000FFE708980168012040F2A042C4F2020218
:100B00009142029064D0FFE708980168012040F20A
:100B1000B842C4F202029142029059D0FFE708980D
:100B20000168012045F20842C5F602029142029096
:100B30004ED0FFE708980168012045F21C42C5F637
:100B400002029142029043D0FFE708980168012019
:100B500045F23042C5F602029142029038D0FFE7DA
:100B600008980168012045F24442C5F6020291420C
:100B700002902DD0FFE708980168012045F2584205
:100B8000C5F602029142029022D0FFE70898016860
:100B9000012045F26C42C5F602029142029017D044
:100BA000FFE708980168012045F28042C5F602027D
:100BB000914202900CD0FFE7089800684AF66C3129
:100BC000CAF2FD710844B0FA80F040090290FFE7D4
:100BD0000298C00770B1FFE70898416E806E4860C8
:100BE0000898C06E28B1FFE70898016F406F486011
:100BF000FFE7FFE70898016801201022C4F2020213
:100C00009142019000F0A380FFE70898016801205D
:100C10002822C4F202029142019000F09880FFE77E
:100C20000898016801204022C4F20202914201901A
:100C300000F08D80FFE70898016801205822C4F277
:100C400002029142019000F08280FFE7089801685B
:100C500001207022C4F202029142019077D0FFE796
:100C60000898016801208822C4F202029142019092
:100C70006DD0FFE7089801680120A022C4F20202AB
:100C80009142019063D0FFE7089801680120B822E3
:100C9000C4F202029142019059D0FFE7089801681E
:100CA000012040F21042C4F20202914201904ED063
:100CB000FFE708980168012040F22842C4F20202CE
:100CC0009142019043D0FFE708980168012040F26B
:100CD0004042C4F202029142019038D0FFE70898E6
:100CE0000168012040F25842C4F202029142019090
:100CF0002DD0FFE708980168012040F27042C4F24D
:100D000002029142019022D0FFE708980168012079
:100D100040F28842C4F202029142019017D0FFE7EC
:100D200008980168012040F2A042C4F202029142F8
:100D300001900CD0FFE7089800684FF64831CBF6D9
:100D4000FD710844B0FA80F040090190FFE7019876
:100D5000C00750B3FFE70898C06D00F01F013F20A7
:100D600088400499886008980168086820F4802009
:100D700008600598089909684860089880684028C4
:100D800009D1FFE7069808990968886007980899CB
:100D90000968C86008E0079808990968886006989B
:100DA00008990968C860FFE782E008980168012097
:100DB00045F20842C5F60202914200904ED0FFE78C
:100DC00008980168012045F21C42C5F602029142D2
:100DD000009043D0FFE708980168012045F23042B7
:100DE000C5F602029142009038D0FFE708980168EA
:100DF000012045F24442C5F60202914200902DD0F6
:100E0000FFE708980168012045F25842C5F6020242
:100E10009142009022D0FFE708980168012045F236
:100E20006C42C5F602029142009017D0FFE7089885
:100E30000168012045F28042C5F60202914200900D
:100E40000CD0FFE7089800684AF66C31CAF2FD71D1
:100E50000844B0FA80F040090090FFE70098C0070E
:100E600020B3FFE70898C06D00F01F010120884003
:100E7000039948600598089909684860089880684F
:100E8000402809D1FFE70698089909688860079803
:100E900008990968C86008E0079808990968886097
:100EA000069808990968C860FFE700E0FFE7FFE7D8
:100EB00009B070470000000070470000000000000B
:100EC00081B0EFF3108072B60090FFE7FEE70000FC
:100ED00044F60C01C5F60201086840F00200086003
:100EE000FFE744F60400C5F602000068800400280D
:100EF00001D4FFE7F5E7704784B002900298406B99
:100F0000009002980068D0F884004FF6FC71884386
:100F1000009940EA810002990968C1F884000298AA
:100F20000068D0F8840020F47F00029A1168926B68
:100F300040EA0240C1F884000298816B009808449E
:100F4000009002980068D0F888006FF38F00009935
:100F500040EA810002990968C1F888000298006897
:100F6000D0F8880020F4FE00029A1168D26B40EAA3
:100F70000240C1F888000298C16B009800EB410064
:100F8000009002980068D0F8A0006FF38F000099DD
:100F900040EA810002990968C1F8A000029800683F
:100FA000D0F8A00020F4FE00029A1168126C40EA0A
:100FB0000240C1F8A0000299086C496C009A00FB3D
:100FC0000120009002980068D0F8B0006FF38F0005
:100FD000009940EA810002990968C1F8B0000298BE
:100FE0000068D0F8B00020F4FE00029A1168926CFC
:100FF00040EA0240C1F8B0000299886CC96C009ABE
:1010000000FB0120009002980068D0F8AC006FF35C
:101010008F00009940EA810002990968C1F8AC008C
:101020000299086D496D009A00FB0120009002981A
:101030000068D0F8F0006FF38F00009940EA81005B
:1010400002990968C1F8F00002980068D0F8F00031
:1010500020F47C10029A1168926D40EA0240C1F8B7
:10106000F0000298816D009800EB4100009002981A
:101070000068D0F8C0006FF38F00009940EA81004B
:1010800002990968C1F8C00002980068D0F8C00051
:1010900020F47C10029A1168D26D40EA0240C1F837
:1010A000C00002980068D0F8C00020F07C50029A7E
:1010B0001168126E40EA0260C1F8C00002994A6BE2
:1010C0004AF60040C4F2000000EB8200C8660299B4
:1010D0008A6BC86E00EB820008670299CA6B086FC2
:1010E00000EBC200486702990A6C4B6C486F5A4388
:1010F00000EB8200886702998A6CCB6C886F5A4338
:1011000000EB8200C86702990A6D4B6DC86F5A43A5
:1011100000EB8200C1F8800002998A6DD1F880004E
:1011200000EBC200C1F884000299CA6D8B6ED1F841
:1011300084005A4300EB8200C1F8880002990A6ECD
:101140008B6ED1F888005A4300EB8200C1F8900002
:101150000298D0F890004DF2FD31C4F200018842AF
:101160000FD3FFE70299D1F89C0040F02000C1F8AE
:101170009C000299032081F8980001208DF80F004F
:1011800017E00298C06E0190FFE701980299D1F82C
:101190009010884208D2FFE7019900200860FFE71D
:1011A000019804300190F0E7FFE700208DF80F0070
:1011B000FFE79DF80F0004B070470000000000003A
:1011C00080B58AB0089003F0E7FD0490089828B92C
:1011D000FFE701208DF8270000F0AABC089890F8DE
:1011E000350002280ED0FFE7089980204865FFE708
:1011F0000899002081F83400FFE701208DF82700CE
:1012000000F096BC0898016801201022C4F2020286
:101210009142039000F0A380FFE708980168012045
:101220002822C4F202029142039000F09880FFE766
:101230000898016801204022C4F202029142039002
:1012400000F08D80FFE70898016801205822C4F261
:1012500002029142039000F08280FFE70898016843
:1012600001207022C4F202029142039077D0FFE77E
:101270000898016801208822C4F20202914203907A
:101280006DD0FFE7089801680120A022C4F2020295
:101290009142039063D0FFE7089801680120B822CB
:1012A000C4F202029142039059D0FFE70898016806
:1012B000012040F21042C4F20202914203904ED04B
:1012C000FFE708980168012040F22842C4F20202B8
:1012D0009142039043D0FFE708980168012040F253
:1012E0004042C4F202029142039038D0FFE70898CE
:1012F0000168012040F25842C4F202029142039078
:101300002DD0FFE708980168012040F27042C4F236
:1013100002029142039022D0FFE708980168012061
:1013200040F28842C4F202029142039017D0FFE7D4
:1013300008980168012040F2A042C4F202029142E2
:1013400003900CD0FFE7089800684FF64831CBF6C1
:10135000FD710844B0FA80F040090390FFE703985C
:10136000C00780B1FFE708980168086820F01E00F8
:10137000086008980168486920F080004861089872
:101380000068059009E008980168086820F00E00E0
:101390000860089800680590FFE708980168012038
:1013A0001022C4F202029142029000F00381FFE792
:1013B0000898016801202822C4F20202914202909A
:1013C00000F0F880FFE70898016801204022C4F28D
:1013D00002029142029000F0ED80FFE70898016858
:1013E00001205822C4F202029142029000F0E280F1
:1013F000FFE70898016801207022C4F202029142BE
:10140000029000F0D780FFE7089801680120882249
:10141000C4F202029142029000F0CC80FFE70898EB
:1014200001680120A022C4F202029142029000F061
:10143000C180FFE7089801680120B822C4F20202C7
:101440009142029000F0B680FFE708980168012001
:1014500040F21042C4F202029142029000F0AA80CF
:10146000FFE708980168012040F22842C4F2020216
:101470009142029000F09E80FFE7089801680120E9
:1014800040F24042C4F202029142029000F0928087
:10149000FFE708980168012040F25842C4F20202B6
:1014A0009142029000F08680FFE7089801680120D1
:1014B00040F27042C4F20202914202907AD0FFE7F9
:1014C00008980168012040F28842C4F20202914269
:1014D00002906FD0FFE708980168012040F2A04217
:1014E000C4F202029142029064D0FFE708980168BA
:1014F000012040F2B842C4F202029142029059D057
:10150000FFE708980168012045F20842C5F602028B
:10151000914202904ED0FFE708980168012045F201
:101520001C42C5F602029142029043D0FFE70898A0
:101530000168012045F23042C5F602029142029054
:1015400038D0FFE708980168012045F24442C5F60B
:101550000202914202902DD0FFE708980168012015
:1015600045F25842C5F602029142029022D0FFE7AE
:1015700008980168012045F26C42C5F602029142CA
:10158000029017D0FFE708980168012045F28042D9
:10159000C5F60202914202900CD0FFE7089800685D
:1015A0004AF66C31CAF2FD710844B0FA80F0400985
:1015B0000290FFE70298C00738B1FFE70898016E74
:1015C000086820F480700860FFE708980068102120
:1015D000C4F20201884200F08180FFE708980068A9
:1015E0002821C4F20201884278D0FFE708980068F9
:1015F0004021C4F20201884270D0FFE708980068D9
:101600005821C4F20201884268D0FFE708980068B8
:101610007021C4F20201884260D0FFE70898006898
:101620008821C4F20201884258D0FFE70898006878
:10163000A021C4F20201884250D0FFE70898006858
:10164000B821C4F20201884248D0FFE70898006838
:1016500040F21041C4F2020188423FD0FFE70898EF
:10166000006840F22841C4F20201884236D0FFE708
:101670000898006840F24041C4F2020188422DD02F
:10168000FFE70898006840F25841C4F2020188421E
:1016900024D0FFE70898006840F27041C4F20201CC
:1016A00088421BD0FFE70898006840F28841C4F2E6
:1016B0000201884212D0FFE70898006840F2A0417A
:1016C000C4F20201884209D0FFE70898006840F29E
:1016D000B841C4F20201884207D1FFE708980168C7
:1016E000086820F00100086006E0089801680868B2
:1016F00020F001000860FFE7FFE705980068C007D9
:10170000C8B1FFE703F048FB0499401A062811D33B
:10171000FFE70899202048650899032081F83500E3
:10172000FFE70899002081F83400FFE701208DF8D9
:101730002700FDE1E1E70898016801201022C4F2CA
:1017400002029142019000F0A380FFE7089801682F
:1017500001202822C4F202029142019000F09880F8
:10176000FFE70898016801204022C4F2020291427A
:10177000019000F08D80FFE7089801680120582251
:10178000C4F202029142019000F08280FFE70898C3
:10179000016801207022C4F202029142019077D0C8
:1017A000FFE70898016801208822C4F202029142F2
:1017B00001906DD0FFE7089801680120A022C4F2D3
:1017C00002029142019063D0FFE70898016801206E
:1017D000B822C4F202029142019059D0FFE7089862
:1017E0000168012040F21042C4F2020291420190CD
:1017F0004ED0FFE708980168012040F22842C4F269
:1018000002029142019043D0FFE70898016801204D
:1018100040F24042C4F202029142019038D0FFE708
:1018200008980168012040F25842C4F20202914235
:1018300001902DD0FFE708980168012040F2704226
:10184000C4F202029142019022D0FFE70898016899
:10185000012040F28842C4F202029142019017D066
:10186000FFE708980168012040F2A042C4F202029A
:10187000914201900CD0FFE7089800684FF648317C
:10188000CBF6FD710844B0FA80F040090190FFE703
:101890000198C00760B1FFE70898806D079008982D
:1018A000C06D00F01F013F208840079988600BE061
:1018B0000898806D06900898C06D00F01F01012007
:1018C000884006994860FFE70898016801201022C7
:1018D000C4F202029142009000F00381FFE70898F1
:1018E000016801202822C4F202029142009000F017
:1018F000F880FFE70898016801204022C4F2020244
:101900009142009000F0ED80FFE708980168012007
:101910005822C4F202029142009000F0E280FFE7F8
:101920000898016801207022C4F2020291420090DE
:1019300000F0D780FFE70898016801208822C4F2F0
:1019400002029142009000F0CC80FFE70898016805
:101950000120A022C4F202029142009000F0C18056
:10196000FFE7089801680120B822C4F20202914200
:10197000009000F0B680FFE708980168012040F26F
:101980001042C4F202029142009000F0AA80FFE7E8
:1019900008980168012040F22842C4F202029142F4
:1019A000009000F09E80FFE708980168012040F257
:1019B0004042C4F202029142009000F09280FFE7A0
:1019C00008980168012040F25842C4F20202914294
:1019D000009000F08680FFE708980168012040F23F
:1019E0007042C4F20202914200907AD0FFE7089858
:1019F0000168012040F28842C4F202029142009044
:101A00006FD0FFE708980168012040F2A042C4F2BD
:101A100002029142009064D0FFE70898016801201B
:101A200040F2B842C4F202029142009059D0FFE75E
:101A300008980168012045F20842C5F60202914269
:101A400000904ED0FFE708980168012045F21C4243
:101A5000C5F602029142009043D0FFE70898016862
:101A6000012045F23042C5F602029142009038D082
:101A7000FFE708980168012045F24442C5F60202DA
:101A8000914200902DD0FFE708980168012045F2AF
:101A90005842C5F602029142009022D0FFE7089812
:101AA0000168012045F26C42C5F6020291420090A5
:101AB00017D0FFE708980168012045F28042C5F67B
:101AC0000202914200900CD0FFE7089800684AF6A5
:101AD0006C31CAF2FD710844B0FA80F04009009000
:101AE000FFE70098C007A0B1FFE70898416E806E3D
:101AF00048600898C06E58B1FFE70898C16E086842
:101B000020F4807008600898016F406F4860FFE71C
:101B1000FFE70899012081F83500FFE708990020C8
:101B200081F83400FFE7FFE700208DF82700FFE78A
:101B30009DF827000AB080BD80B586B00490049857
:101B400020B9FFE701208DF8170046E3049890F8CC
:101B50003500022807D0FFE704998020486501205E
:101B60008DF8170039E30498016801201022C4F2AF
:101B700002029142029000F0A380FFE704980168FE
:101B800001202822C4F202029142029000F09880C3
:101B9000FFE70498016801204022C4F2020291424A
:101BA000029000F08D80FFE7049801680120582220
:101BB000C4F202029142029000F08280FFE7049892
:101BC000016801207022C4F202029142029077D093
:101BD000FFE70498016801208822C4F202029142C2
:101BE00002906DD0FFE7049801680120A022C4F2A2
:101BF00002029142029063D0FFE70498016801203D
:101C0000B822C4F202029142029059D0FFE7049830
:101C10000168012040F21042C4F202029142029097
:101C20004ED0FFE704980168012040F22842C4F238
:101C300002029142029043D0FFE70498016801201C
:101C400040F24042C4F202029142029038D0FFE7D3
:101C500004980168012040F25842C4F20202914205
:101C600002902DD0FFE704980168012040F27042F5
:101C7000C4F202029142029022D0FFE70498016868
:101C8000012040F28842C4F202029142029017D031
:101C9000FFE704980168012040F2A042C4F202026A
:101CA000914202900CD0FFE7049800684FF648314B
:101CB000CBF6FD710844B0FA80F040090290FFE7CE
:101CC0000298C007002800F09D80FFE704990420D7
:101CD00081F83500049800681021C4F2020188429E
:101CE00000F08180FFE7049800682821C4F2020117
:101CF000884278D0FFE7049800684021C4F20201CE
:101D0000884270D0FFE7049800685821C4F20201AD
:101D1000884268D0FFE7049800687021C4F202018D
:101D2000884260D0FFE7049800688821C4F202016D
:101D3000884258D0FFE704980068A021C4F202014D
:101D4000884250D0FFE704980068B821C4F202012D
:101D5000884248D0FFE70498006840F21041C4F27E
:101D6000020188423FD0FFE70498006840F2284112
:101D7000C4F20201884236D0FFE70498006840F2BE
:101D80004041C4F2020188422DD0FFE70498006868
:101D900040F25841C4F20201884224D0FFE704987F
:101DA000006840F27041C4F2020188421BD0FFE794
:101DB0000498006840F28841C4F20201884212D0BF
:101DC000FFE70498006840F2A041C4F20201884293
:101DD00009D0FFE70498006840F2B841C4F202015C
:101DE000884207D1FFE704980168086820F00100E5
:101DF000086006E004980168086820F001000860A7
:101E0000FFE7E5E104980168086820F00E0008602B
:101E1000049800681021C4F20201884200F0818019
:101E2000FFE7049800682821C4F20201884278D0B4
:101E3000FFE7049800684021C4F20201884270D094
:101E4000FFE7049800685821C4F20201884268D074
:101E5000FFE7049800687021C4F20201884260D054
:101E6000FFE7049800688821C4F20201884258D034
:101E7000FFE704980068A021C4F20201884250D014
:101E8000FFE704980068B821C4F20201884248D0F4
:101E9000FFE70498006840F21041C4F20201884252
:101EA0003FD0FFE70498006840F22841C4F20201E5
:101EB000884236D0FFE70498006840F24041C4F2FF
:101EC000020188422DD0FFE70498006840F2584193
:101ED000C4F20201884224D0FFE70498006840F26F
:101EE0007041C4F2020188421BD0FFE704980068E9
:101EF00040F28841C4F20201884212D0FFE7049800
:101F0000006840F2A041C4F20201884209D0FFE714
:101F10000498006840F2B841C4F20201884207D137
:101F2000FFE704980168086820F00100086006E0F7
:101F300004980168086820F001000860FFE7049831
:101F4000016801201022C4F202029142019000F0C7
:101F50000381FFE70498016801202822C4F20202ED
:101F60009142019000F0F880FFE704980168012099
:101F70004022C4F202029142019000F0ED80FFE79E
:101F80000498016801205822C4F202029142019093
:101F900000F0E280FFE70498016801207022C4F29B
:101FA00002029142019000F0D780FFE70498016897
:101FB00001208822C4F202029142019000F0CC80FC
:101FC000FFE7049801680120A022C4F202029142B6
:101FD000019000F0C180FFE7049801680120B82259
:101FE000C4F202029142019000F0B680FFE704982B
:101FF0000168012040F21042C4F2020291420190B5
:1020000000F0AA80FFE704980168012040F228420E
:10201000C4F202029142019000F09E80FFE7049812
:102020000168012040F24042C4F202029142019054
:1020300000F09280FFE704980168012040F25842C6
:10204000C4F202029142019000F08680FFE70498FA
:102050000168012040F27042C4F2020291420190F4
:102060007AD0FFE704980168012040F28842C4F268
:102070000202914201906FD0FFE7049801680120AD
:1020800040F2A042C4F202029142019064D0FFE704
:1020900004980168012040F2B842C4F20202914261
:1020A000019059D0FFE704980168012045F20842E9
:1020B000C5F60202914201904ED0FFE704980168F4
:1020C000012045F21C42C5F602029142019043D024
:1020D000FFE704980168012045F23042C5F602028C
:1020E0009142019038D0FFE704980168012045F241
:1020F0004442C5F60202914201902DD0FFE70498B8
:102100000168012045F25842C5F602029142019051
:1021100022D0FFE704980168012045F26C42C5F621
:1021200002029142019017D0FFE704980168012054
:1021300045F28042C5F60202914201900CD0FFE7C1
:10214000049800684AF66C31CAF2FD710844B0FA8E
:1021500080F040090190FFE70198C00728B3FFE72E
:102160000498016E086820F4807008600498806DFF
:1021700003900498C06D00F01F010120884003996E
:1021800048600498416E806E48600498C06E58B1F3
:10219000FFE70498C16E086820F480700860049816
:1021A000016F406F4860FFE7FFE70499012081F865
:1021B0003500FFE70499002081F83400FFE7049818
:1021C000006D20B1FFE70498016D8847FFE7FFE746
:1021D000FFE700208DF81700FFE79DF8170006B015
:1021E00080BD00000000000081B000900098406DAC
:1021F00001B070470000000080B590B00F90002043
:102200000B9040F20000C2F20040006848F2B511A5
:10221000C1F64E31A0FB0110800A0A900F98806D24
:1022200009900F98806D0890099800680E900898A2
:1022300000680D900F98016801201022C4F202027C
:102240009142079000F0A380FFE70F9801680120FA
:102250002822C4F202029142079000F09880FFE722
:102260000F98016801204022C4F2020291420790B7
:1022700000F08D80FFE70F98016801205822C4F21A
:1022800002029142079000F08280FFE70F980168F8
:1022900001207022C4F202029142079077D0FFE73A
:1022A0000F98016801208822C4F20202914207902F
:1022B0006DD0FFE70F9801680120A022C4F202024E
:1022C0009142079063D0FFE70F9801680120B82280
:1022D000C4F202029142079059D0FFE70F980168BB
:1022E000012040F21042C4F20202914207904ED007
:1022F000FFE70F980168012040F22842C4F2020271
:102300009142079043D0FFE70F980168012040F207
:102310004042C4F202029142079038D0FFE70F9882
:102320000168012040F25842C4F202029142079033
:102330002DD0FFE70F980168012040F27042C4F2EF
:1023400002029142079022D0FFE70F980168012016
:1023500040F28842C4F202029142079017D0FFE790
:102360000F980168012040F2A042C4F2020291429B
:1023700007900CD0FFE70F9800684FF64831CBF676
:10238000FD710844B0FA80F040090790FFE7079814
:10239000C007002800F01385FFE70E980F99C96D5C
:1023A00001F01F01C8400007002840F1B080FFE79E
:1023B0000F9800681021C4F20201884200F0818069
:1023C000FFE70F9800682821C4F20201884278D004
:1023D000FFE70F9800684021C4F20201884270D0E4
:1023E000FFE70F9800685821C4F20201884268D0C4
:1023F000FFE70F9800687021C4F20201884260D0A4
:10240000FFE70F9800688821C4F20201884258D083
:10241000FFE70F980068A021C4F20201884250D063
:10242000FFE70F980068B821C4F20201884248D043
:10243000FFE70F98006840F21041C4F202018842A1
:102440003FD0FFE70F98006840F22841C4F2020134
:10245000884236D0FFE70F98006840F24041C4F24E
:10246000020188422DD0FFE70F98006840F25841E2
:10247000C4F20201884224D0FFE70F98006840F2BE
:102480007041C4F2020188421BD0FFE70F98006838
:1024900040F28841C4F20201884212D0FFE70F984F
:1024A000006840F2A041C4F20201884209D0FFE76F
:1024B0000F98006840F2B841C4F20201884207D187
:1024C000FFE70F980068006800F00400069006E03F
:1024D0000F980068006800F008000690FFE7069873
:1024E000A0B1FFE70F980168086820F004000860B9
:1024F0000F98C06D00F01F0108208840099988607E
:102500000F99486D40F001004865FFE7FFE70E981E
:102510000F99C96D01F01F01C840C007002800F0E5
:10252000A980FFE70F9800681021C4F202018842D9
:1025300000F08180FFE70F9800682821C4F20201B3
:10254000884278D0FFE70F9800684021C4F202016A
:10255000884270D0FFE70F9800685821C4F202014A
:10256000884268D0FFE70F9800687021C4F202012A
:10257000884260D0FFE70F9800688821C4F202010A
:10258000884258D0FFE70F980068A021C4F20201EA
:10259000884250D0FFE70F980068B821C4F20201CA
:1025A000884248D0FFE70F98006840F21041C4F21B
:1025B000020188423FD0FFE70F98006840F22841AF
:1025C000C4F20201884236D0FFE70F98006840F25B
:1025D0004041C4F2020188422DD0FFE70F98006805
:1025E00040F25841C4F20201884224D0FFE70F981C
:1025F000006840F27041C4F2020188421BD0FFE73C
:102600000F98006840F28841C4F20201884212D05B
:10261000FFE70F98006840F2A041C4F2020188422F
:1026200009D0FFE70F98006840F2B841C4F20201F8
:10263000884207D1FFE70F980068406900F08000EA
:10264000059005E00F980068006800200590FFE7FE
:10265000059870B1FFE70F98C06D00F01F010120D1
:102660008840099988600F99486D40F002004865DC
:10267000FFE7FFE70E980F99C96D01F01F01C840F1
:102680004007002840F1A980FFE70F98006810215B
:10269000C4F20201884200F08180FFE70F980068D1
:1026A0002821C4F20201884278D0FFE70F98006821
:1026B0004021C4F20201884270D0FFE70F98006801
:1026C0005821C4F20201884268D0FFE70F980068E1
:1026D0007021C4F20201884260D0FFE70F980068C1
:1026E0008821C4F20201884258D0FFE70F980068A1
:1026F000A021C4F20201884250D0FFE70F98006881
:10270000B821C4F20201884248D0FFE70F98006860
:1027100040F21041C4F2020188423FD0FFE70F9817
:10272000006840F22841C4F20201884236D0FFE737
:102730000F98006840F24041C4F2020188422DD057
:10274000FFE70F98006840F25841C4F20201884246
:1027500024D0FFE70F98006840F27041C4F20201F4
:1027600088421BD0FFE70F98006840F28841C4F20E
:102770000201884212D0FFE70F98006840F2A041A2
:10278000C4F20201884209D0FFE70F98006840F2C6
:10279000B841C4F20201884207D1FFE70F980068F0
:1027A000006800F00200049005E00F9800680068DF
:1027B00000200490FFE7049870B1FFE70F98C06D08
:1027C00000F01F0104208840099988600F99486D26
:1027D00040F004004865FFE7FFE70E980F99C96DC8
:1027E00001F01F01C840C006002840F1DE80FFE76D
:1027F0000F9800681021C4F20201884200F0818025
:10280000FFE70F9800682821C4F20201884278D0BF
:10281000FFE70F9800684021C4F20201884270D09F
:10282000FFE70F9800685821C4F20201884268D07F
:10283000FFE70F9800687021C4F20201884260D05F
:10284000FFE70F9800688821C4F20201884258D03F
:10285000FFE70F980068A021C4F20201884250D01F
:10286000FFE70F980068B821C4F20201884248D0FF
:10287000FFE70F98006840F21041C4F2020188425D
:102880003FD0FFE70F98006840F22841C4F20201F0
:10289000884236D0FFE70F98006840F24041C4F20A
:1028A000020188422DD0FFE70F98006840F258419E
:1028B000C4F20201884224D0FFE70F98006840F27A
:1028C0007041C4F2020188421BD0FFE70F980068F4
:1028D00040F28841C4F20201884212D0FFE70F980B
:1028E000006840F2A041C4F20201884209D0FFE72B
:1028F0000F98006840F2B841C4F20201884207D143
:10290000FFE70F980068006800F00800039006E0F9
:102910000F980068006800F004000390FFE7039838
:10292000002841D0FFE70F98C06D00F01F01102074
:102930008840099988600F98006800684003002863
:102940001AD5FFE70F98006800680003002809D433
:10295000FFE70F98006C20B1FFE70F98016C8847E4
:10296000FFE708E00F98806C20B1FFE70F98816CBB
:102970008847FFE7FFE716E00F9800680068C0058A
:10298000002807D4FFE70F980168086820F00800C6
:102990000860FFE70F98006C20B1FFE70F98016C0B
:1029A0008847FFE7FFE7FFE7FFE70E980F99C96D3C
:1029B00001F01F01C8408006002840F12681FFE792
:1029C0000F9800681021C4F20201884200F0818053
:1029D000FFE70F9800682821C4F20201884278D0EE
:1029E000FFE70F9800684021C4F20201884270D0CE
:1029F000FFE70F9800685821C4F20201884268D0AE
:102A0000FFE70F9800687021C4F20201884260D08D
:102A1000FFE70F9800688821C4F20201884258D06D
:102A2000FFE70F980068A021C4F20201884250D04D
:102A3000FFE70F980068B821C4F20201884248D02D
:102A4000FFE70F98006840F21041C4F2020188428B
:102A50003FD0FFE70F98006840F22841C4F202011E
:102A6000884236D0FFE70F98006840F24041C4F238
:102A7000020188422DD0FFE70F98006840F25841CC
:102A8000C4F20201884224D0FFE70F98006840F2A8
:102A90007041C4F2020188421BD0FFE70F98006822
:102AA00040F28841C4F20201884212D0FFE70F9839
:102AB000006840F2A041C4F20201884209D0FFE759
:102AC0000F98006840F2B841C4F20201884207D171
:102AD000FFE70F980068006800F01000029006E021
:102AE0000F980068006800F002000290FFE702986B
:102AF000002800F08980FFE70F98C06D00F01F01EB
:102B000020208840099988600F9890F835000428A3
:102B100037D1FFE70F980168086820F016000860B9
:102B20000F980168486920F0800048610F98006C98
:102B300020B9FFE70F98806C38B1FFE70F98016864
:102B4000086820F008000860FFE70F98C06D00F0EB
:102B50001F013F208840099988600F99012081F862
:102B60003500FFE70F99002081F83400FFE70F9848
:102B7000006D20B1FFE70F98016D8847FFE700F077
:102B800019BC0F9800680068400300281AD5FFE7B9
:102B90000F98006800680003002809D4FFE70F9829
:102BA000406C20B1FFE70F98416C8847FFE708E0D1
:102BB0000F98C06B20B1FFE70F98C16B8847FFE704
:102BC000FFE720E00F9800680068C005002811D4D6
:102BD000FFE70F980168086820F0100008600F995F
:102BE000012081F83500FFE70F99002081F83400BB
:102BF000FFE7FFE70F98C06B20B1FFE70F98C16BAD
:102C00008847FFE7FFE7FFE7FFE70F98406D0028E1
:102C100000F0D480FFE70F98406DC007002800F057
:102C2000C480FFE70F99042081F835000F980068F1
:102C30001021C4F20201884200F08180FFE70F9862
:102C400000682821C4F20201884278D0FFE70F987B
:102C500000684021C4F20201884270D0FFE70F985B
:102C600000685821C4F20201884268D0FFE70F983B
:102C700000687021C4F20201884260D0FFE70F981B
:102C800000688821C4F20201884258D0FFE70F98FB
:102C90000068A021C4F20201884250D0FFE70F98DB
:102CA0000068B821C4F20201884248D0FFE70F98BB
:102CB000006840F21041C4F2020188423FD0FFE7B1
:102CC0000F98006840F22841C4F20201884236D0D1
:102CD000FFE70F98006840F24041C4F202018842C9
:102CE0002DD0FFE70F98006840F25841C4F202016E
:102CF000884224D0FFE70F98006840F27041C4F288
:102D0000020188421BD0FFE70F98006840F288411B
:102D1000C4F20201884212D0FFE70F98006840F227
:102D2000A041C4F20201884209D0FFE70F98006871
:102D300040F2B841C4F20201884207D1FFE70F9880
:102D40000168086820F00100086006E00F9801683B
:102D5000086820F001000860FFE7FFE70B980130EA
:102D60000B900A99884201D9FFE707E0FFE70F9827
:102D700000680068C0070028F0D1FFE70F980068DE
:102D80000068C00728B1FFE70F99032081F83500DC
:102D900004E00F99012081F83500FFE7FFE70F9964
:102DA000002081F83400FFE7FFE70F98C06C20B1E6
:102DB000FFE70F98C16C8847FFE7FFE7FAE20F983B
:102DC0000168012045F20842C5F6020291420190D5
:102DD0004ED0FFE70F980168012045F21C42C5F66E
:102DE00002029142019043D0FFE70F980168012051
:102DF00045F23042C5F602029142019038D0FFE719
:102E00000F980168012045F24442C5F60202914242
:102E100001902DD0FFE70F980168012045F258423C
:102E2000C5F602029142019022D0FFE70F98016897
:102E3000012045F26C42C5F602029142019017D082
:102E4000FFE70F980168012045F28042C5F60202B3
:102E5000914201900CD0FFE70F9800684AF66C3160
:102E6000CAF2FD710844B0FA80F040090190FFE712
:102E70000198C007002800F09B82FFE70F980068C8
:102E800000680C900D980F99C96D01F01F01C840A2
:102E90004007002840F1D780FFE79DF83000400749
:102EA000002840F1D080FFE70F98C06D00F01F01AF
:102EB00004208840089948609DF8310000060028E9
:102EC00018D5FFE79DF83200C00748B9FFE70F9813
:102ED000806C20B1FFE70F98816C8847FFE708E01E
:102EE0000F98006C20B1FFE70F98016C8847FFE74F
:102EF000FFE7A7E09DF830008006002800F19980E8
:102F0000FFE70F9800681021C4F20201884200F028
:102F10008180FFE70F9800682821C4F202018842EF
:102F200078D0FFE70F9800684021C4F20201884280
:102F300070D0FFE70F9800685821C4F20201884260
:102F400068D0FFE70F9800687021C4F20201884240
:102F500060D0FFE70F9800688821C4F20201884220
:102F600058D0FFE70F980068A021C4F20201884200
:102F700050D0FFE70F980068B821C4F202018842E0
:102F800048D0FFE70F98006840F21041C4F20201F8
:102F900088423FD0FFE70F98006840F22841C4F212
:102FA0000201884236D0FFE70F98006840F24041A6
:102FB000C4F2020188422DD0FFE70F98006840F26A
:102FC0005841C4F20201884224D0FFE70F980068FC
:102FD00040F27041C4F2020188421BD0FFE70F9813
:102FE000006840F28841C4F20201884212D0FFE733
:102FF0000F98006840F2A041C4F20201884209D053
:10300000FFE70F98006840F2B841C4F2020188421D
:1030100007D1FFE70F980168086820F008000860F2
:1030200006E00F980168086820F004000860FFE7D8
:10303000FFE70F98006C20B1FFE70F98016C8847FD
:10304000FFE7FFE7B3E10D980F99C96D01F01F018C
:10305000C8408007002840F1E180FFE79DF830007C
:103060008007002840F1DA80FFE70F98C06D00F07C
:103070001F0102208840089948609DF83100000631
:10308000002818D5FFE79DF83200C00748B9FFE7D0
:103090000F98406C20B1FFE70F98416C8847FFE71D
:1030A00008E00F98C06B20B1FFE70F98C16B88470D
:1030B000FFE7FFE7B1E09DF830008006002800F14F
:1030C000A380FFE70F9800681021C4F20201884234
:1030D00000F08180FFE70F9800682821C4F2020108
:1030E000884278D0FFE70F9800684021C4F20201BF
:1030F000884270D0FFE70F9800685821C4F202019F
:10310000884268D0FFE70F9800687021C4F202017E
:10311000884260D0FFE70F9800688821C4F202015E
:10312000884258D0FFE70F980068A021C4F202013E
:10313000884250D0FFE70F980068B821C4F202011E
:10314000884248D0FFE70F98006840F21041C4F26F
:10315000020188423FD0FFE70F98006840F2284103
:10316000C4F20201884236D0FFE70F98006840F2AF
:103170004041C4F2020188422DD0FFE70F98006859
:1031800040F25841C4F20201884224D0FFE70F9870
:10319000006840F27041C4F2020188421BD0FFE790
:1031A0000F98006840F28841C4F20201884212D0B0
:1031B000FFE70F98006840F2A041C4F20201884284
:1031C00009D0FFE70F98006840F2B841C4F202014D
:1031D000884207D1FFE70F980168086820F01400C3
:1031E000086006E00F980168086820F00A0008608F
:1031F000FFE70F99012081F83500FFE70F990020C4
:1032000081F83400FFE7FFE70F98C06B20B1FFE7BC
:103210000F98C16B8847FFE7FFE7C7E00D980F994C
:10322000C96D01F01F01C8400007002840F1BC80B3
:10323000FFE79DF830000007002840F1B580FFE768
:103240000F9800681021C4F20201884200F08180CA
:10325000FFE70F9800682821C4F20201884278D065
:10326000FFE70F9800684021C4F20201884270D045
:10327000FFE70F9800685821C4F20201884268D025
:10328000FFE70F9800687021C4F20201884260D005
:10329000FFE70F9800688821C4F20201884258D0E5
:1032A000FFE70F980068A021C4F20201884250D0C5
:1032B000FFE70F980068B821C4F20201884248D0A5
:1032C000FFE70F98006840F21041C4F20201884203
:1032D0003FD0FFE70F98006840F22841C4F2020196
:1032E000884236D0FFE70F98006840F24041C4F2B0
:1032F000020188422DD0FFE70F98006840F2584144
:10330000C4F20201884224D0FFE70F98006840F21F
:103310007041C4F2020188421BD0FFE70F98006899
:1033200040F28841C4F20201884212D0FFE70F98B0
:10333000006840F2A041C4F20201884209D0FFE7D0
:103340000F98006840F2B841C4F20201884207D1E8
:10335000FFE70F980168086820F01C00086006E08D
:103360000F980168086820F00E000860FFE70F98CA
:10337000C06D00F01F01012000FA01F1089A5160B0
:103380000F9948650F9981F83500FFE70F990020E4
:1033900081F83400FFE70F98C06C20B1FFE70F9869
:1033A000C16C8847FFE700E0FFE7FFE7FFE700E0C9
:1033B000FFE7FFE710B080BD10B58EB00C9001F0B4
:1033C000EBFC0A900C9828B9FFE701208DF8370034
:1033D00000F09FBC0C98016801201022C4F2020288
:1033E0009142079000F0A380FFE70C98016801204C
:1033F0002822C4F202029142079000F09880FFE771
:103400000C98016801204022C4F202029142079008
:1034100000F08D80FFE70C98016801205822C4F26B
:1034200002029142079000F08280FFE70C98016849
:1034300001207022C4F202029142079077D0FFE788
:103440000C98016801208822C4F202029142079080
:103450006DD0FFE70C9801680120A022C4F202029F
:103460009142079063D0FFE70C9801680120B822D1
:10347000C4F202029142079059D0FFE70C9801680C
:10348000012040F21042C4F20202914207904ED055
:10349000FFE70C980168012040F22842C4F20202C2
:1034A0009142079043D0FFE70C980168012040F259
:1034B0004042C4F202029142079038D0FFE70C98D4
:1034C0000168012040F25842C4F202029142079082
:1034D0002DD0FFE70C980168012040F27042C4F241
:1034E00002029142079022D0FFE70C980168012068
:1034F00040F28842C4F202029142079017D0FFE7DF
:103500000C980168012040F2A042C4F202029142EC
:1035100007900CD0FFE70C9800684FF64831CBF6C7
:10352000FD710844B0FA80F040090790FFE7079862
:10353000C007002800F07981FFE70C98406A08B1C5
:10354000FFE7FFE70C99022081F83500FFE70C99AF
:10355000002081F83400FFE70C9800681021C4F2C5
:103560000201884200F08180FFE70C980068282162
:10357000C4F20201884278D0FFE70C98006840212D
:10358000C4F20201884270D0FFE70C98006858210D
:10359000C4F20201884268D0FFE70C9800687021ED
:1035A000C4F20201884260D0FFE70C9800688821CD
:1035B000C4F20201884258D0FFE70C980068A021AD
:1035C000C4F20201884250D0FFE70C980068B8218D
:1035D000C4F20201884248D0FFE70C98006840F22C
:1035E0001041C4F2020188423FD0FFE70C98006806
:1035F00040F22841C4F20201884236D0FFE70C981D
:10360000006840F24041C4F2020188422DD0FFE739
:103610000C98006840F25841C4F20201884224D05C
:10362000FFE70C98006840F27041C4F20201884242
:103630001BD0FFE70C98006840F28841C4F20201F9
:10364000884212D0FFE70C98006840F2A041C4F213
:103650000201884209D0FFE70C98006840F2B841A7
:10366000C4F20201884207D1FFE70C98016808689C
:1036700020F00100086006E00C980168086820F05E
:1036800001000860FFE7FFE70C9800680068C007CA
:1036900098B1FFE701F080FB0A99401A06280BD386
:1036A000FFE70C99202048650C99032081F835002C
:1036B00001208DF837002CE3E6E70C9800680068DD
:1036C0000B900B9848F23F01CFF6106108400B9029
:1036D0000C998868D1F80CC00B694A6940EA0C0063
:1036E000184310438A691043CA691043096A0143A9
:1036F0000B9808430B900C98406A042808D1FFE708
:103700000C99C86A096B01430B9808430B90FFE7BB
:1037100041F20000C5F6004000684FF6FF71884393
:10372000B0F1005F40D3FFE70C984068292807D329
:10373000FFE70C98416801202F2906902AD3FFE764
:103740000C9840683F2807D3FFE70C984168012098
:10375000432906901ED3FFE70C984068472807D3FB
:10376000FFE70C98416801204929069012D3FFE732
:103770000C98416800204F29059008D3FFE70C986A
:1037800041680020532938BF01200590FFE70598C4
:103790000690FFE70698C00728B1FFE70B9840F4B2
:1037A00080100B90FFE7FFE70B980C990968086001
:1037B0000C98006840690B900B9820F007000B9064
:1037C0000C98416A0B9808430B900C98406A0428A7
:1037D0001AD1FFE70C98816A0B9808430B900C985C
:1037E000C06A80B1FFE70C98FDF762F850B1FFE7BF
:1037F0000C99402048650C99012081F835008DF81E
:10380000370086E2FFE7FFE70B980C9909684861EB
:103810000C98FCF711FE09900C98C06D00F01F0188
:103820003F2088400999886026E10C9801680120B2
:1038300045F20842C5F60202914204904ED0FFE7DD
:103840000C980168012045F21C42C5F60202914223
:10385000049043D0FFE70C980168012045F2304204
:10386000C5F602029142049038D0FFE70C98016837
:10387000012045F24442C5F60202914204902DD047
:10388000FFE70C980168012045F25842C5F6020294
:103890009142049022D0FFE70C980168012045F284
:1038A0006C42C5F602029142049017D0FFE70C98D3
:1038B0000168012045F28042C5F60202914204905F
:1038C0000CD0FFE70C9800684AF66C31CAF2FD7123
:1038D0000844B0FA80F040090490FFE70498C0075C
:1038E000002800F0BD80FFE70C980168012045F238
:1038F0000842C5F60202914203904ED0FFE70C98B1
:103900000168012045F21C42C5F602029142039073
:1039100043D0FFE70C980168012045F23042C5F61C
:1039200002029142039038D0FFE70C980168012011
:1039300045F24442C5F60202914203902DD0FFE7C2
:103940000C980168012045F25842C5F602029142E6
:10395000039022D0FFE70C980168012045F26C42E9
:10396000C5F602029142039017D0FFE70C98016858
:10397000012045F28042C5F60202914203900CD02C
:10398000FFE70C9800684AF66C31CAF2FD710844F2
:10399000B0FA80F040090390FFE70398C00708B130
:1039A000FFE7FFE70C99022081F83500FFE70C994B
:1039B000002081F83400FFE70C98006800680B9045
:1039C0000B986FF310100B900C988068402803D16F
:1039D000FFE71020029008E00C9880688038B0FA69
:1039E00080F0400980030290FFE702980C99CA68B2
:1039F0000B69D1F814C0D1F818E0CC694EEA040E76
:103A00004CEA0E0C43EA0C031A4340EAD200096A5E
:103A100040EA11110B9808430B900B980C99096818
:103A200008600C9908684AF6F832CAF2FD72104430
:103A30004CF6CD42CCF6CC42A0FB02026FF0030064
:103A400000EA9200C8650C98FCF7F6FC08900C9808
:103A5000C06D00F01F0101208840089948600AE00D
:103A60000C99402048650C99032081F8350001200D
:103A70008DF837004DE1FFE70C9801680120102216
:103A8000C4F202029142019000F00381FFE70C981A
:103A9000016801202822C4F202029142019000F044
:103AA000F880FFE70C98016801204022C4F202026E
:103AB0009142019000F0ED80FFE70C980168012031
:103AC0005822C4F202029142019000F0E280FFE726
:103AD0000C98016801207022C4F202029142019008
:103AE00000F0D780FFE70C98016801208822C4F21B
:103AF00002029142019000F0CC80FFE70C9801682F
:103B00000120A022C4F202029142019000F0C18083
:103B1000FFE70C9801680120B822C4F2020291422A
:103B2000019000F0B680FFE70C980168012040F298
:103B30001042C4F202029142019000F0AA80FFE715
:103B40000C980168012040F22842C4F2020291421E
:103B5000019000F09E80FFE70C980168012040F280
:103B60004042C4F202029142019000F09280FFE7CD
:103B70000C980168012040F25842C4F202029142BE
:103B8000019000F08680FFE70C980168012040F268
:103B90007042C4F20202914201907AD0FFE70C9881
:103BA0000168012040F28842C4F202029142019071
:103BB0006FD0FFE70C980168012040F2A042C4F2E8
:103BC00002029142019064D0FFE70C980168012045
:103BD00040F2B842C4F202029142019059D0FFE78C
:103BE0000C980168012045F20842C5F60202914294
:103BF00001904ED0FFE70C980168012045F21C426D
:103C0000C5F602029142019043D0FFE70C9801688B
:103C1000012045F23042C5F602029142019038D0AF
:103C2000FFE70C980168012045F24442C5F6020204
:103C3000914201902DD0FFE70C980168012045F2D8
:103C40005842C5F602029142019022D0FFE70C983B
:103C50000168012045F26C42C5F6020291420190D2
:103C600017D0FFE70C980168012045F28042C5F6A5
:103C70000202914201900CD0FFE70C9800684AF6CE
:103C80006C31CAF2FD710844B0FA80F0400901902D
:103C9000FFE70198C00790B3FFE70C98FCF7B4FC6E
:103CA0000C988068802804D1FFE70C9900204860B8
:103CB000FFE70C990879096E08600C98416E806ED8
:103CC00048600C98406888B1FFE70C984068082865
:103CD0000CD8FFE70C98FCF753FD0C98C16E002040
:103CE00008600C98016F406F486007E00C99002055
:103CF000C8660C9908670C994867FFE7FFE70C99BD
:103D0000002048650C9A012182F835108DF83700A3
:103D1000FFE79DF837000EB010BD00000000000066
:103D200080B588B0069005910492039300208DF829
:103D30000B00069820B9FFE701208DF81F006CE307
:103D4000FFE7069890F83400012804D1FFE702202D
:103D50008DF81F0061E30699012081F83400FFE728
:103D6000FFE7069890F83500012840F04383FFE70D
:103D70000699022081F835000699002048650698CA
:103D800000681021C4F20201884200F08180FFE740
:103D9000069800682821C4F20201884278D0FFE723
:103DA000069800684021C4F20201884270D0FFE703
:103DB000069800685821C4F20201884268D0FFE7E3
:103DC000069800687021C4F20201884260D0FFE7C3
:103DD000069800688821C4F20201884258D0FFE7A3
:103DE00006980068A021C4F20201884250D0FFE783
:103DF00006980068B821C4F20201884248D0FFE763
:103E00000698006840F21041C4F2020188423FD097
:103E1000FFE70698006840F22841C4F20201884298
:103E200036D0FFE70698006840F24041C4F2020134
:103E300088422DD0FFE70698006840F25841C4F24E
:103E40000201884224D0FFE70698006840F27041E2
:103E5000C4F2020188421BD0FFE70698006840F2D6
:103E60008841C4F20201884212D0FFE70698006838
:103E700040F2A041C4F20201884209D0FFE706984F
:103E8000006840F2B841C4F20201884207D1FFE75E
:103E900006980168086820F00100086006E00698AE
:103EA0000168086820F001000860FFE7069805999E
:103EB000049A039BFCF774FD069801680120102208
:103EC000C4F202029142019000F0A380FFE706983D
:103ED000016801202822C4F202029142019000F000
:103EE0009880FFE70698016801204022C4F2020290
:103EF0009142019000F08D80FFE706980168012053
:103F00005822C4F202029142019000F08280FFE741
:103F10000698016801207022C4F2020291420190C9
:103F200077D0FFE70698016801208822C4F20202D8
:103F3000914201906DD0FFE7069801680120A02210
:103F4000C4F202029142019063D0FFE70698016833
:103F50000120B822C4F202029142019059D0FFE739
:103F600006980168012040F21042C4F20202914218
:103F700001904ED0FFE706980168012040F22842E8
:103F8000C4F202029142019043D0FFE70698016813
:103F9000012040F24042C4F202029142019038D026
:103FA000FFE706980168012040F25842C4F202027D
:103FB000914201902DD0FFE706980168012040F260
:103FC0007042C4F202029142019022D0FFE70698AB
:103FD0000168012040F28842C4F20202914201903D
:103FE00017D0FFE706980168012040F2A042C4F212
:103FF0000202914201900CD0FFE7069800684FF64C
:104000004831CBF6FD710844B0FA80F040090190C8
:10401000FFE70198C007A8B1FFE7069800680068AD
:104020000B2161F344000699096808600698006C4A
:1040300038B1FFE706980168086840F0080008609A
:10404000FFE714E0069800680068052161F343006B
:104050000699096808600698006C38B1FFE7069871
:104060000168086840F004000860FFE7FFE7069871
:10407000016801201022C4F202029142009000F077
:104080000381FFE70698016801202822C4F202029A
:104090009142009000F0F880FFE706980168012047
:1040A0004022C4F202029142009000F0ED80FFE74E
:1040B0000698016801205822C4F202029142009041
:1040C00000F0E280FFE70698016801207022C4F248
:1040D00002029142009000F0D780FFE70698016845
:1040E00001208822C4F202029142009000F0CC80AC
:1040F000FFE7069801680120A022C4F20202914263
:10410000009000F0C180FFE7069801680120B82206
:10411000C4F202029142009000F0B680FFE70698D8
:104120000168012040F21042C4F202029142009064
:1041300000F0AA80FFE706980168012040F22842BB
:10414000C4F202029142009000F09E80FFE70698C0
:104150000168012040F24042C4F202029142009004
:1041600000F09280FFE706980168012040F2584273
:10417000C4F202029142009000F08680FFE70698A8
:104180000168012040F27042C4F2020291420090A4
:104190007AD0FFE706980168012040F28842C4F215
:1041A0000202914200906FD0FFE70698016801205B
:1041B00040F2A042C4F202029142009064D0FFE7B4
:1041C00006980168012040F2B842C4F2020291420E
:1041D000009059D0FFE706980168012045F2084297
:1041E000C5F60202914200904ED0FFE706980168A2
:1041F000012045F21C42C5F602029142009043D0D4
:10420000FFE706980168012045F23042C5F6020238
:104210009142009038D0FFE706980168012045F2EE
:104220004442C5F60202914200902DD0FFE7069865
:104230000168012045F25842C5F602029142009001
:1042400022D0FFE706980168012045F26C42C5F6CE
:1042500002029142009017D0FFE706980168012002
:1042600045F28042C5F60202914200900CD0FFE771
:10427000069800684AF66C31CAF2FD710844B0FA3B
:1042800080F040090090FFE70098C007D0B1FFE739
:104290000698006E0068C003002807D5FFE706985F
:1042A000016E086840F480700860FFE70698C06EF1
:1042B00038B1FFE70698C16E086840F48070086066
:1042C000FFE7FFE7069800681021C4F20201884268
:1042D00000F08180FFE7069800682821C4F20201FF
:1042E000884278D0FFE7069800684021C4F20201B6
:1042F000884270D0FFE7069800685821C4F2020196
:10430000884268D0FFE7069800687021C4F2020175
:10431000884260D0FFE7069800688821C4F2020155
:10432000884258D0FFE706980068A021C4F2020135
:10433000884250D0FFE706980068B821C4F2020115
:10434000884248D0FFE70698006840F21041C4F266
:10435000020188423FD0FFE70698006840F22841FA
:10436000C4F20201884236D0FFE70698006840F2A6
:104370004041C4F2020188422DD0FFE70698006850
:1043800040F25841C4F20201884224D0FFE7069867
:10439000006840F27041C4F2020188421BD0FFE77E
:1043A0000698006840F28841C4F20201884212D0A7
:1043B000FFE70698006840F2A041C4F2020188427B
:1043C00009D0FFE70698006840F2B841C4F2020144
:1043D000884207D1FFE706980168086840F00100AD
:1043E000086006E006980168086840F0010008606F
:1043F000FFE70DE006994FF400604865FFE7069976
:10440000002081F83400FFE701208DF80B00FFE762
:104410009DF80B008DF81F00FFE79DF81F0008B006
:1044200080BD00000000000080B598B016904DF2ED
:10443000EC71C0F6000101A84C22FBF77EFF169834
:1044400020B9FFE701208DF85F00D9E116980068D8
:104450004AF20001C4F20001884206D1FFE7169932
:10446000086800F580704860FFE716988068B0F52E
:10447000407F01D1FFE7FFE71698006C08B1FFE726
:10448000FFE71698806C08B1FFE7FFE71698006D0C
:1044900008B1FFE7FFE71698006E08B1FFE7FFE7F6
:1044A0001699C86D096E084408B1FFE7FFE7169832
:1044B00090F8980040B9FFE71699002081F899001C
:1044C000169800F0A1F9FFE716980168886920F0B6
:1044D0001000886100F060FC1590FFE716980068F6
:1044E00080690007002817D5FFE700F055FC1599F3
:1044F000401A0B280FD3FFE71699D1F89C0040F023
:104500000100C1F89C001699032081F89800012051
:104510008DF85F0074E1E1E716980168886940F062
:104520000100886100F038FC1590FFE716980068DC
:104530008069C007B8B9FFE700F02EFC1599401A52
:104540000B280FD3FFE71699D1F89C0040F001002B
:10455000C1F89C001699032081F8980001208DF87D
:104560005F004DE1E2E716980168886940F00200BB
:1045700088611698007C012807D1FFE7169801682A
:10458000886920F04000886106E016980168886913
:1045900040F040008861FFE71698407C012807D171
:1045A000FFE716980168886940F48040886106E05A
:1045B00016980168886920F480408861FFE71698A2
:1045C000807C012807D1FFE716980168886920F4EC
:1045D0008050886106E016980168886940F4805030
:1045E0008861FFE716980068806920F44070169A89
:1045F000116892681043886116980168886920F0F4
:10460000A400886116980168086920F0100008610C
:104610001698C068012807D1FFE7169801688869D5
:1046200040F0040088612BE01698C06830B3FFE7C3
:104630001698C068022819D0FFE7169801688869A3
:1046400040F08000886116980168086940F0100009
:1046500008611698C068032807D1FFE7169801681B
:10466000886940F020008861FFE706E0169801683D
:10467000886940F020008861FFE700E0FFE7FFE77E
:10468000169A116853699069D2F81CE0A0F1010CE8
:104690006FF0FF0000EB0E2040EA4C60126A013A16
:1046A00010430022CFF6FF7202EB03421043C861B1
:1046B00016988068B0F5407F1CD1FFE7169A116804
:1046C000536A906AD2F82CE001386FF0FF0C0CEBC3
:1046D0000E2C40EA0C00D2F830C06FF00F0202EB53
:1046E0000C1210430022CFF6FF7202EB034210437C
:1046F000C860FFE71698006E48B1FFE7169801689A
:10470000426ED1F8C0001043C1F8C000FFE716990F
:10471000C86D096E084480B1FFE716980068D0F8AC
:10472000C80020F00700169A1168936E01AA52F88B
:1047300023201043C1F8C800FFE71698006C80B131
:10474000FFE716980068D0F8BC0020F00700169A22
:104750001168536C01AA52F823201043C1F8BC0021
:10476000FFE71698806C88B1FFE716980068D0F8CC
:10477000BC0020F07000169A1168D36C01AA52F8A0
:10478000232040EA0210C1F8BC00FFE71698006D34
:1047900088B1FFE716980068D0F8BC0020F4E0600C
:1047A000169A1168536D01AA52F8232040EA02209C
:1047B000C1F8BC00FFE7169800684AF20001C4F295
:1047C0000001884207D1FFE716984168886820F009
:1047D00003008860FFE716990020C1F8940016993D
:1047E000C1F89C001699012081F898001698FCF7F2
:1047F00083FB8DF853009DF853008DF85F00FFE7B1
:104800009DF85F0018B080BD80B5C0B03F9000201B
:104810003E903D903C903B903A900AA8C021FBF717
:10482000A5FD3F9800684AF20001C4F200018842E9
:104830006FD1FFE700200B904FF400410A912690C2
:104840000AA801F05DF918B1FFE7FCF739FBFFE7B3
:1048500040F21000C2F200400168013101600068BE
:10486000012810D1FFE7FFE744F2EC40C5F6020053
:10487000016841F480710160006800F48070099063
:104880000998FFE7FFE7FFE744F2E040C5F60200C2
:10489000016841F480710160006800F48070089044
:1048A0000898FFE7FFE744F2E040C5F60200016820
:1048B00041F080010160006800F0800007900798D7
:1048C000FFE74FF400703A90022001903B900020E7
:1048D00002903C903D90092003903E9042F20000EF
:1048E000C5F602003AA9049100F06AF8019B029A09
:1048F000039804994FF4005CCDF8E8C03B933C92D8
:104900003D923E9041F60040C5F6020000F058F896
:1049100053E03F9800684AF20041C4F20001884227
:104920004AD1FFE700200B904FF400410A912690F6
:104930000AA801F0E5F818B1FFE7FCF7C1FAFFE7B4
:1049400040F21000C2F200400168013101600068CD
:10495000012810D1FFE7FFE744F2EC40C5F6020062
:10496000016841F480710160006800F48070069075
:104970000698FFE7FFE7FFE744F2E040C5F60200D4
:10498000016841F002010160006800F0020005903A
:104990000598FFE74FF440503A9002203B900020EA
:1049A0003C903D9009203E9040F20040C5F6020048
:1049B0003AA900F005F8FFE7FFE740B080BD00002E
:1049C00090B00F900E9100200D908020C5F6000051
:1049D0000A90FFE70E9800680D99C840002800F083
:1049E000CF81FFE70E9800680D9A012191400840A1
:1049F0000C900C98002800F0BF81FFE70E984068EB
:104A000000F00300012807D0FFE70E98406800F08F
:104A1000030002282FD1FFE70F9880680B900D98B4
:104A20004100032000FA01F10B9888430B900E9887
:104A3000C0680D99490000FA01F10B9808430B90EA
:104A40000B980F9988600F9840680B900D99012082
:104A500000FA01F10B9888430B900E984068C0F360
:104A600000100D9900FA01F10B9808430B900B9878
:104A70000F994860FFE70E98406800F00300032894
:104A800018D0FFE70F98C0680B900D9841000320E5
:104A900000FA01F10B9888430B900E9880680D99ED
:104AA000490000FA01F10B9808430B900B980F99FD
:104AB000C860FFE70E98406800F00300022826D186
:104AC000FFE70F980D996FF0030202EA51010844C5
:104AD000006A0B900D9800F0070081000F2000FA8B
:104AE00001F10B9888430B900E9800690D9901F025
:104AF0000701890000FA01F10B9808430B900B980D
:104B00000F990D9B02EA530211440862FFE70F98C8
:104B100000680B900D984100032000FA01F10B98FA
:104B200088430B900E98406800F003000D994900EF
:104B300000FA01F10B9808430B900B980F9908604D
:104B40000E9880798007002800F01581FFE7FFE7C5
:104B500044F2F440C5F60200016841F00201016030
:104B6000006800F0020009900998FFE70D9820F016
:104B7000030040F20841C5F6000140580B900D9823
:104B800000F0030081000F2000FA01F10B98884328
:104B90000B900F980021C5F60201884203D1FFE770
:104BA000002008907AE00F9840F20041C5F602011B
:104BB000884203D1FFE7012007906CE00F9840F690
:104BC0000001C5F60201884203D1FFE702200690EA
:104BD0005EE00F9840F60041C5F60201884203D11D
:104BE000FFE70320059050E00F9841F20001C5F661
:104BF0000201884203D1FFE70420049042E00F98AD
:104C000041F20041C5F60201884203D1FFE70520C9
:104C1000039034E00F9841F60001C5F60201884286
:104C200003D1FFE70620029026E00F9841F60041ED
:104C3000C5F60201884203D1FFE70720019018E082
:104C40000F9842F20001C5F60201884203D1FFE746
:104C5000082000900AE00F9942F20042C5F60202D5
:104C60000A20914208BF09200090FFE700980190B8
:104C7000FFE701980290FFE702980390FFE703988F
:104C80000490FFE704980590FFE705980690FFE77A
:104C900006980790FFE707980890FFE708980D9996
:104CA00001F00301890000FA01F10B9808430B9011
:104CB0000B980D9921F0030140F20842C5F600025D
:104CC00088504FF0B04000680B900C990B988843C7
:104CD0000B900E988079C006002805D5FFE70C9947
:104CE0000B9808430B90FFE70B984FF0B04108601A
:104CF0000420C5F6000000680B900C990B988843BF
:104D00000B900E9880798006002805D5FFE70C9956
:104D10000B9808430B90FFE70B980421C5F60001A0
:104D200008600A9840680B900C990B9888430B9088
:104D30000E9880798007002805D5FFE70C990B981D
:104D400008430B90FFE70B980A9948600A9800689F
:104D50000B900C990B9888430B900E988079C007A4
:104D600028B1FFE70C990B9808430B90FFE70B98CD
:104D70000A990860FFE7FFE70D9801300D9029E6DA
:104D800010B070470000000041F20000C5F600407E
:104D90000068000C7047000040F6D060C2F200408E
:104DA000006870470000000083B0019000910198F6
:104DB00090F8410020283BD1FFE7FFE7019890F8E9
:104DC0004000012804D1FFE702208DF80B0033E0FA
:104DD0000199012081F84000FFE7FFE701992420B5
:104DE00081F8410001980168086820F0010008601E
:104DF00001980168086820F480500860009A0198C2
:104E0000016808681043086001980168086840F06C
:104E1000010008600199202081F84100FFE7019915
:104E2000002081F84000FFE700208DF80B0003E030
:104E300002208DF80B00FFE79DF80B0003B07047D0
:104E400084B002900191029890F84100202840D14E
:104E5000FFE7FFE7029890F84000012804D1FFE740
:104E600002208DF80F0038E00299012081F84000FF
:104E7000FFE7FFE70299242081F8410002980168CA
:104E8000086820F00100086002980068006800903F
:104E9000009820F4706000900199009840EA012089
:104EA00000900098029909680860029801680868F3
:104EB00040F0010008600299202081F84100FFE7DE
:104EC0000299002081F84000FFE700208DF80F00D4
:104ED00003E002208DF80F00FFE79DF80F0004B0FB
:104EE000704700000000000080B582B0009000987C
:104EF00020B9FFE701208DF807007BE0009890F8CB
:104F0000410040B9FFE70099002081F84000009877
:104F100000F076F8FFE70099242081F8410000981E
:104F20000168086820F00100086000980168406886
:104F300020F07060086100980168886820F40040E3
:104F400088600098C068012807D1FFE700980168D1
:104F5000806840F40040886006E00098016880683E
:104F600040F404408860FFE70098C068022807D139
:104F7000FFE700980168486840F40060486006E078
:104F800000980168486820F400604860FFE70098D6
:104F90000168486848F20002C0F2002210434860ED
:104FA00000980168C86820F40040C860009A116841
:104FB000106953699269184340EA0220C860009A58
:104FC0001168D069126A1043086000980168086887
:104FD00040F001000860009900204864009A2021F8
:104FE00082F8411000990863009981F842008DF819
:104FF0000700FFE79DF8070002B080BD0000000039
:1050000080B5BEB03D9000203C903B903A903990E6
:10501000389008A8C021FBF7A9F93D98006845F22F
:105020000041C4F2000188423CD1FFE70020099012
:1050300008210891299008A800F062FD18B1FFE747
:10504000FBF73EFFFFE7FFE744F2E040C5F6020052
:10505000016841F002010160006800F00200079061
:105060000798FFE7C02038901220399000203A902E
:105070003B9004203C9040F20040C5F6020038A965
:10508000FFF79EFCFFE744F2E840C5F60200016826
:1050900041F400110160006800F4001006900698C9
:1050A000FFE7D3E03D98006845F60001C4F2000137
:1050B00088423CD1FFE700200990082108912990FF
:1050C00008A800F01DFD18B1FFE7FBF7F9FEFFE7A8
:1050D000FFE744F2E040C5F60200016841F020011C
:1050E0000160006800F0200005900598FFE70320AC
:1050F00038901220399000203A903B9004203C9048
:1051000041F20040C5F6020038A9FFF759FCFFE75D
:1051100044F2E840C5F60200016841F480010160F4
:10512000006800F4800004900498FFE78DE03D984B
:10513000006845F60041C4F2000188423DD1FFE716
:105140000020099008210891299008A800F0D8FCB7
:1051500018B1FFE7FBF7B4FEFFE7FFE744F2E040DA
:10516000C5F60200016841F080010160006800F0AE
:10517000800003900398FFE74FF4C070389012202E
:10518000399000203A903B9004203C9041F600403A
:10519000C5F6020038A9FFF713FCFFE744F2E84028
:1051A000C5F60200016841F400010160006800F4E6
:1051B000000002900298FFE746E03D98006841F643
:1051C0000041C5F6000188423DD1FFE7002009906B
:1051D000102108912E9008A800F092FC18B1FFE76A
:1051E000FBF76EFEFFE7FFE744F2E040C5F6020082
:1051F000016841F020010160006800F0200001908A
:105200000198FFE74FF44040389012203990002079
:105210003A903B9004203C9041F20040C5F60200D9
:1052200038A9FFF7CDFBFFE744F2F440C5F60200D2
:10523000016841F080010160006800F0800000908A
:105240000098FFE7FFE7FFE7FFE7FFE73EB080BD1D
:1052500040F20800C2F20040027840F6D061C2F28B
:10526000004108681044086070470000000000001A
:1052700080B582B0032000F023F901F031FF44F241
:105280001842C5F602021168C1F303234DF6380136
:10529000C0F60001CB5C03F01F03D84000900098DB
:1052A000126802F00F02895C01F01F01C84040F251
:1052B0000401C2F200410860009840F20001C2F20D
:1052C000004108600F2000F013F820B1FFE7012033
:1052D0008DF8070005E000F0BBF800208DF807000E
:1052E000FFE79DF8070002B080BD0000000000004D
:1052F00080B582B0009040F20800C2F20040007811
:1053000020B9FFE701208DF8070030E040F20000EF
:10531000C2F20040006840F20801C2F200410A787F
:105320004FF47A71B1FBF2F1B0FBF1F003F0A0F9A8
:1053300020B1FFE701208DF8070018E000980F2842
:105340000DD8FFE700994FF0FF30002200F0A0F8E1
:10535000009840F20C01C2F20041086003E0012015
:105360008DF8070003E000208DF80700FFE79DF8A7
:10537000070002B080BD000010B581B00090009819
:1053800040784EF69851CEF2000108604EF6A051DA
:10539000CEF20001086820F0010008600098406823
:1053A0004EF69C52CEF200021060DDF800E09EF84E
:1053B0000C0000079EF80B2040EA02609EF80020D7
:1053C0009EF808309EF809C09EF80A4040EAC440A2
:1053D0009EF80D4040EA84409EF80E4040EA44406A
:1053E0009EF80FE040EA0E4040EA0C2040EA4300FD
:1053F0001043086001B010BDBFF35F8F4EF624511B
:10540000CEF20001086820F4803008604EF6945116
:10541000CEF200010020086070470000000000008C
:1054200081B00090009840F001004EF69451CEF209
:10543000000108604EF62451CEF20001086840F4E5
:1054400080300860BFF34F8FBFF36F8F01B070479C
:1054500081B0FFE744F2F440C5F60200016841F074
:1054600002010160006800F0020000900098FFE770
:1054700001B070470000000080B582B0ADF80600B2
:10548000BDF9060008F0E4F802B080BD000000009D
:1054900080B586B0ADF816000491039208F0F0F8DC
:1054A0000290BDF91600019002980499039A05F044
:1054B000BBFE0146019808F0EBF806B080BD000085
:1054C00080B582B00190019808F006F902B080BD65
:1054D00080B584B0029044F60C00C5F60200006866
:1054E00000F004010020B0EB910F13D1FFE744F668
:1054F0000C00C5F60200006800F00700029988421F
:1055000004D0FFE701208DF80F002EE000208DF879
:105510000F002AE044F60C01C5F60201086820F0ED
:105520000700029A10430860FFF736FC0190FFE77E
:1055300044F60400C5F60200006800F400510020A3
:10554000B0EB513F0DD1FFE7FFF726FC0199401A60
:10555000B0F57A7F04D9FFE701208DF80F0004E051
:10556000E6E700208DF80F00FFE79DF80F0004B07C
:1055700080BD00000000000080B501F05DFD44F238
:105580002041C5F602010968C1F302124DF6380147
:10559000C0F60001895C01F01F01C84080BD000019
:1055A00088B0079044F22840C5F60200016801F077
:1055B000030106910068C0F30530059044F22C40C9
:1055C000C5F602000068C0F300100490049844F28D
:1055D0003C41C5F60201096889B2C908484300EE9A
:1055E000100AB8EE400A8DED020A0598002800F076
:1055F0001B81FFE70698009048B1FFE7009801285B
:1056000069D0FFE70098022800F08980ABE044F2FF
:105610000040C5F60200006800F020010020B0EB59
:10562000511F33D0FFE744F20040C5F60200006886
:10563000C0F3C10149F20000C0F2D030C84003906D
:105640009DED030AB8EE400A9DED051AB8EE411A29
:1056500080EE010A44F23840C5F6020000686FF39C
:105660005F2001EE100AB8EE411A9DED022A9FED6F
:10567000743A82EE032A31EE021AB7EE002A31EEB6
:10568000021A20EE010A8DED010A23E09DED050AC4
:10569000B8EE401A9FED6C0A80EE010A44F23840E1
:1056A000C5F6020000686FF35F2001EE100AB8EE45
:1056B000411A9DED022A9FED623A82EE032A31EEF5
:1056C000021AB7EE002A31EE021A20EE010A8DED21
:1056D000010AFFE76BE09DED050AB8EE401A9FED69
:1056E000590A80EE010A44F23840C5F6020000680B
:1056F0006FF35F2001EE100AB8EE411A9DED022A09
:105700009FED4F3A82EE032A31EE021AB7EE002ADD
:1057100031EE021A20EE010A8DED010A47E09DEDFF
:10572000050AB8EE401A9FED450A80EE010A44F2E0
:105730003840C5F6020000686FF35F2001EE100AE2
:10574000B8EE411A9DED022A9FED3D3A82EE032A02
:1057500031EE021AB7EE002A31EE021A20EE010AEB
:105760008DED010A23E09DED050AB8EE401A9FED8C
:10577000350A80EE010A44F23840C5F6020000689E
:105780006FF35F2001EE100AB8EE411A9DED022A78
:105790009FED2B3A82EE032A31EE021AB7EE002A71
:1057A00031EE021A20EE010A8DED010AFFE79DEDB0
:1057B000010A44F23840C5F60200016889B2490A7C
:1057C00001EE101AB8EE411AB7EE002A31EE021AB5
:1057D00080EE010A0799BCEEC00A81ED000A9DED3A
:1057E000010A0168C1F3064101EE101AB8EE411A30
:1057F00031EE021A80EE010A0799BCEEC00A81ED73
:10580000010A9DED010A0068C0F3066001EE100A6E
:10581000B8EE411A31EE021A80EE010A0798BCEE8A
:10582000C00A80ED020A07E0079900200860079986
:10583000486007998860FFE708B07047001BB74BC6
:10584000000000460024744A0024744C000000004C
:1058500088B0079044F22840C5F60200016801F0C4
:10586000030106910068C0F30550059044F22C40F6
:10587000C5F602000068C0F300200490049844F2CA
:105880004441C5F60201096889B2C908484300EEDF
:10589000100AB8EE400A8DED020A0598002800F0C3
:1058A0001B81FFE70698009048B1FFE700980128A8
:1058B00069D0FFE70098022800F08980ABE044F24D
:1058C0000040C5F60200006800F020010020B0EBA7
:1058D000511F33D0FFE744F20040C5F602000068D4
:1058E000C0F3C10149F20000C0F2D030C8400390BB
:1058F0009DED030AB8EE400A9DED051AB8EE411A77
:1059000080EE010A44F24040C5F6020000686FF3E1
:105910005F2001EE100AB8EE411A9DED022A9FEDBC
:10592000743A82EE032A31EE021AB7EE002A31EE03
:10593000021A20EE010A8DED010A23E09DED050A11
:10594000B8EE401A9FED6C0A80EE010A44F2404026
:10595000C5F6020000686FF35F2001EE100AB8EE92
:10596000411A9DED022A9FED623A82EE032A31EE42
:10597000021AB7EE002A31EE021A20EE010A8DED6E
:10598000010AFFE76BE09DED050AB8EE401A9FEDB6
:10599000590A80EE010A44F24040C5F60200006850
:1059A0006FF35F2001EE100AB8EE411A9DED022A56
:1059B0009FED4F3A82EE032A31EE021AB7EE002A2B
:1059C00031EE021A20EE010A8DED010A47E09DED4D
:1059D000050AB8EE401A9FED450A80EE010A44F22E
:1059E0004040C5F6020000686FF35F2001EE100A28
:1059F000B8EE411A9DED022A9FED3D3A82EE032A50
:105A000031EE021AB7EE002A31EE021A20EE010A38
:105A10008DED010A23E09DED050AB8EE401A9FEDD9
:105A2000350A80EE010A44F24040C5F602000068E3
:105A30006FF35F2001EE100AB8EE411A9DED022AC5
:105A40009FED2B3A82EE032A31EE021AB7EE002ABE
:105A500031EE021A20EE010A8DED010AFFE79DEDFD
:105A6000010A44F24040C5F60200016889B2490AC1
:105A700001EE101AB8EE411AB7EE002A31EE021A02
:105A800080EE010A0799BCEEC00A81ED000A9DED87
:105A9000010A0168C1F3064101EE101AB8EE411A7D
:105AA00031EE021A80EE010A0799BCEEC00A81EDC0
:105AB000010A9DED010A0068C0F3066001EE100ABC
:105AC000B8EE411A31EE021A80EE010A0798BCEED8
:105AD000C00A80ED020A07E00799002008600799D4
:105AE000486007998860FFE708B07047001BB74B14
:105AF000000000460024744A0024744C000000009A
:105B000080B59AB0189000208DF857008DF8560097
:105B10001898C0780007002848D5FFE71898806ECD
:105B2000149078B1FFE71498B0F5801F13D0FFE709
:105B30001498B0F5001F16D0FFE71498B0F5401F79
:105B400019D019E044F22C41C5F60201086840F46E
:105B50000030086014E018980830022105F0A0FB1E
:105B60008DF857000CE018982830022105F080FCD1
:105B70008DF8570004E003E001208DF85700FFE79F
:105B80009DF8570060B9FFE744F25041C5F60201A5
:105B9000086820F44010189A926E1043086004E0E0
:105BA0009DF857008DF85600FFE7FFE718984078FA
:105BB000C007002840D0FFE71898806D1390042894
:105BC00020D81399DFE801F0030C141C1D0044F2E7
:105BD0002C41C5F60201086840F40030086015E069
:105BE00018980830002105F05BFB8DF857000DE098
:105BF00018982830002105F03BFC8DF8570005E08F
:105C000004E003E001208DF85700FFE79DF85700FE
:105C100060B9FFE744F25041C5F60201086820F080
:105C20000700189A926D1043086004E09DF8570031
:105C30008DF85600FFE7FFE71898407880070028A6
:105C40004BD5FFE71898C06D129088B1FFE7129806
:105C5000402816D0FFE7129880281AD0FFE7129844
:105C6000C0281ED0FFE71298B0F5807F1AD01AE046
:105C700044F22C41C5F60201086840F40030086087
:105C800015E018980830002105F00AFB8DF8570040
:105C90000DE018982830002105F0EAFB8DF8570038
:105CA00005E004E003E001208DF85700FFE79DF8D0
:105CB000570060B9FFE744F25041C5F60201086899
:105CC00020F4E070189AD26D1043086004E09DF84B
:105CD00057008DF85600FFE7FFE718984078400717
:105CE000002850D5FFE71898D0F8A8001190A0B16F
:105CF000FFE71198B0F5001F18D0FFE71198B0F535
:105D0000800F1BD0FFE71198B0F5C00F1ED0FFE742
:105D10001198B0F5000F1AD01AE044F22C41C5F6E4
:105D20000201086840F40030086015E01898083057
:105D3000002105F0B5FA8DF857000DE018982830CD
:105D4000002105F095FB8DF8570005E004E003E025
:105D500001208DF85700FFE79DF8570068B9FFE76D
:105D600044F25841C5F60201086820F46000189A10
:105D7000D2F8A8201043086004E09DF857008DF881
:105D80005600FFE7FFE7189840780007002850D535
:105D9000FFE71898D0F8AC001090A0B1FFE710987A
:105DA000B0F1807F18D0FFE71098B0F1007F1BD0D2
:105DB000FFE71098B0F1407F1ED0FFE71098B0F1D8
:105DC000806F1AD01AE044F22C41C5F6020108682F
:105DD00040F40030086015E018980830002105F004
:105DE0005FFA8DF857000DE018982830002105F073
:105DF0003FFB8DF8570005E004E003E001208DF83B
:105E00005700FFE79DF8570068B9FFE744F2584193
:105E1000C5F60201086820F0E060189AD2F8AC20BC
:105E20001043086004E09DF857008DF85600FFE726
:105E3000FFE71898C078800700283ED5FFE718983C
:105E4000C06C0F90F0B1FFE70F98102808D0FFE763
:105E50000F9820280DD0FFE70F98302811D012E0BE
:105E600044F22C41C5F60201086840F40030086095
:105E70000DE018980830022105F012FA8DF857004D
:105E800005E004E003E001208DF85700FFE79DF8EE
:105E9000570060B9FFE744F24C41C5F602010868BB
:105EA00020F03000189AD26C1043086004E09DF88E
:105EB00057008DF85600FFE7FFE718984078C006B6
:105EC00000284ED5FFE71898006E0E90A0B1FFE7AE
:105ED0000E98B0F5805F18D0FFE70E98B0F5005F20
:105EE0001BD0FFE70E98B0F5405F1ED0FFE70E987D
:105EF000B0F5804F1AD01AE044F22C41C5F60201E9
:105F0000086840F40030086015E018980830002157
:105F100005F0C6F98DF857000DE0189828300021DB
:105F200005F0A6FA8DF8570005E004E003E0012033
:105F30008DF85700FFE79DF8570060B9FFE744F27E
:105F40005041C5F60201086820F4E040189A126E2C
:105F50001043086004E09DF857008DF85600FFE7F5
:105F6000FFE718984078800600284CD5FFE718987E
:105F7000406E0D90C8B1FFE70D98B0F5803F15D089
:105F8000FFE70D98B0F5003F18D0FFE70D98B0F58A
:105F9000403F1BD0FFE70D98B0F5802F17D0FFE7EB
:105FA0000D98B0F5A02F13D013E016E01898083024
:105FB000012105F075F98DF857000EE0189828308A
:105FC000012105F055FA8DF8570006E005E004E0E0
:105FD00003E001208DF85700FFE79DF8570060B9F6
:105FE000FFE744F25041C5F60201086820F4E020C2
:105FF000189A526E1043086004E09DF857008DF81F
:106000005600FFE7FFE718984078400600284ED575
:10601000FFE71898D0F8B0000C90C8B1FFE70C98D3
:10602000B0F1805F15D0FFE70C98B0F1005F18D099
:10603000FFE70C98B0F1405F1BD0FFE70C98B0F180
:10604000804F17D0FFE70C98B0F1A04F13D013E0AA
:1060500016E018980830012105F022F98DF8570054
:106060000EE018982830012105F002FA8DF857004B
:1060700006E005E004E003E001208DF85700FFE7AB
:106080009DF8570068B9FFE744F25841C5F6020190
:10609000086820F0E040189AD2F8B0201043086059
:1060A00004E09DF857008DF85600FFE7FFE71898C9
:1060B0004078000600283BD5FFE71898006F0B904A
:1060C000D8B1FFE70B98B0F1805F05D0FFE70B98E0
:1060D000B0F1005F09D011E044F22C41C5F6020195
:1060E000086840F4003008600CE01898083001217E
:1060F00005F0D6F88DF8570004E003E001208DF894
:106100005700FFE79DF8570060B9FFE744F25041A0
:10611000C5F60201086820F04050189A126F10432B
:10612000086004E09DF857008DF85600FFE7FFE790
:106130001898C078C007002837D0FFE71898806CFF
:106140000A90032817D80A99DFE801F014020B130C
:1061500044F22C41C5F60201086840F400300860A2
:106160000DE018980830022105F09AF88DF85700D4
:1061700005E004E003E001208DF85700FFE79DF8FB
:10618000570060B9FFE744F24C41C5F602010868C8
:1061900020F00300189A926C1043086004E09DF808
:1061A00057008DF85600FFE7FFE718988078400603
:1061B000002840F1B480FFE744F60001C5F6020173
:1061C000086840F480700860FEF7E6FD1690FFE76F
:1061D00044F60000C5F602000068C00500280CD493
:1061E000FFE7FEF7D9FD1699401A652804D3FFE7AB
:1061F00003208DF8570000E0EAE79DF857000028DB
:1062000040F08780FFE744F27040C5F60200006866
:1062100000F440701899D1F8B41001F4407188422C
:1062200013D0FFE744F27041C5F60201086820F47C
:1062300040701790086840F480300860086820F4C7
:106240008030086017980860FFE71898D0F8B4000D
:10625000B0F5807F1FD1FFE7FEF79EFD1690FFE7A8
:1062600044F27040C5F60200006800F00201002010
:10627000B0EB510F0ED1FFE7FEF78EFD1699401AD5
:1062800041F28931884204D3FFE703208DF857009B
:1062900000E0E5E7FFE79DF85700A0BBFFE7FFE759
:1062A0001898D0F8B40000F44070B0F5407F13D1D6
:1062B000FFE744F21041C5F60201086820F47C5063
:1062C000189AD2F8B4204FF6F043C0F6FF731A4084
:1062D00040EA1210086008E044F21041C5F60201DD
:1062E000086820F47C500860FFE71898D0F8B420C4
:1062F0006FF31F3244F27041C5F602010868104383
:106300000860FFE704E09DF857008DF85600FFE7AE
:1063100004E09DF857008DF85600FFE7FFE7189856
:106320000068C007002800F04C80FFE71898C06F95
:10633000099028282BD80999DFE801F01529292987
:106340002929292916292929292929291E292929DB
:1063500029292929262929292929292927292929B2
:1063600029292929280016E018980830012104F06D
:1063700097FF8DF857000EE018982830012105F09E
:1063800077F88DF8570006E005E004E003E001200F
:106390008DF85700FFE79DF8570060B9FFE744F21A
:1063A0005441C5F60201086820F03800189AD26FEF
:1063B0001043086004E09DF857008DF85600FFE791
:1063C000FFE7189800788007002839D5FFE718986C
:1063D000806F0890052819D80899DFE801F00304B8
:1063E0000C14151616E018980830012104F058FF17
:1063F0008DF857000EE018982830012105F038F884
:106400008DF8570006E005E004E003E001208DF878
:106410005700FFE79DF8570060B9FFE744F2544189
:10642000C5F60201086820F00700189A926F104321
:10643000086004E09DF857008DF85600FFE7FFE77D
:1064400018980078400700283BD5FFE71898D0F847
:1064500094000790052819D80799DFE801F0030494
:106460000C14151616E018980830012104F018FFD6
:106470008DF857000EE018982830012104F0F8FF3D
:106480008DF8570006E005E004E003E001208DF8F8
:106490005700FFE79DF8570068B9FFE744F25841FD
:1064A000C5F60201086820F00700189AD2F8942077
:1064B0001043086004E09DF857008DF85600FFE790
:1064C000FFE718980078800600284ED5FFE7189857
:1064D000D0F890000690C8B1FFE70698B0F1805F51
:1064E00015D0FFE70698B0F1005F18D0FFE70698D7
:1064F000B0F1405F1BD0FFE70698B0F1804F17D096
:10650000FFE70698B0F1A04F13D013E016E01898FB
:106510000830002104F0C4FE8DF857000EE01898F2
:106520002830022104F0A4FF8DF8570006E005E0B2
:1065300004E003E001208DF85700FFE79DF85700C5
:1065400068B9FFE744F25441C5F60201086820F03B
:10655000E040189AD2F890201043086004E09DF8BB
:1065600057008DF85600FFE7FFE7189800784006BF
:1065700000284ED5FFE71898D0F89C000590C8B1C8
:10658000FFE70598B0F5806F15D0FFE70598B0F5E7
:10659000006F18D0FFE70598B0F5406F1BD0FFE7FC
:1065A0000598B0F5805F17D0FFE70598B0F5A05FBC
:1065B00013D013E016E018980830002104F070FEA4
:1065C0008DF857000EE018982830022104F050FF93
:1065D0008DF8570006E005E004E003E001208DF8A7
:1065E0005700FFE79DF8570068B9FFE744F25841AC
:1065F000C5F60201086820F4E050189AD2F89C20F1
:106600001043086004E09DF857008DF85600FFE73E
:10661000FFE718980078000600284ED5FFE7189885
:10662000D0F8A0000490C8B1FFE70498B0F5005F6F
:1066300015D0FFE70498B0F5804F18D0FFE7049815
:10664000B0F5C04F1BD0FFE70498B0F5004F17D04E
:10665000FFE70498B0F5204F13D013E016E0189828
:106660000830002104F01CFE8DF857000EE0189849
:106670002830022104F0FCFE8DF8570006E005E00A
:1066800004E003E001208DF85700FFE79DF8570074
:1066900068B9FFE744F25841C5F60201086820F4E2
:1066A0006040189AD2F8A0201043086004E09DF8DA
:1066B00057008DF85600FFE7FFE7189800780007AD
:1066C000002820D5FFE71898D0F88400B0F5805F47
:1066D0000CD1FFE718982830022104F0C9FE20B140
:1066E000FFE701208DF85600FFE7FFE744F2544131
:1066F000C5F60201086820F44050189AD2F88420A8
:1067000010430860FFE718980078C006002820D5DD
:10671000FFE71898D0F89800B0F5807F0CD1FFE71C
:1067200018982830022104F0A3FE20B1FFE70120D1
:106730008DF85600FFE7FFE744F25841C5F6020125
:10674000086820F44070189AD2F898201043086026
:10675000FFE718988078000700283CD5FFE71898D5
:10676000D0F8A400039050B1FFE70398B0F5803F44
:106770000DD0FFE70398B0F5003F10D010E0189857
:106780000830002104F08CFD8DF857000CE01898BB
:106790002830022104F06CFE8DF8570004E003E07D
:1067A00001208DF85700FFE79DF8570068B9FFE713
:1067B00044F25841C5F60201086820F44030189AA6
:1067C000D2F8A4201043086004E09DF857008DF82B
:1067D0005600FFE7FFE718988078400700283FD56C
:1067E000FFE71898D0F888000290B0F5801F0AD013
:1067F000FFE70298B0F5001F0ED0FFE70298B0F552
:10680000401F11D011E044F22C41C5F60201086886
:1068100040F4003008600CE018982830012104F0A2
:1068200027FE8DF8570004E003E001208DF85700A3
:10683000FFE79DF8570068B9FFE744F25441C5F6F9
:106840000201086820F44010189AD2F888201043FA
:10685000086004E09DF857008DF85600FFE7FFE759
:1068600018988078C007A8B3FFE71898006D0190CA
:1068700028B1FFE70198B0F5803F09D010E044F25D
:106880002C41C5F60201086840F4003008600BE0B6
:1068900018980830022104F003FD8DF8570003E03A
:1068A00001208DF85700FFE79DF8570060B9FFE71A
:1068B00044F24C41C5F60201086820F48030189A71
:1068C000126D1043086004E09DF857008DF85600E3
:1068D000FFE7FFE71898C078800600280CD5FFE78F
:1068E00018982830022104F0C3FD20B1FFE70120F1
:1068F0008DF85600FFE7FFE718988078800700289A
:106900003CD5FFE71898D0F880000090D0B1FFE7A1
:106910000098B0F5807F0AD0FFE70098B0F5007FBF
:106920000ED0FFE70098B0F5407F0AD00BE044F2AC
:106930002C41C5F60201086840F40030086006E00A
:1069400005E004E003E001208DF85700FFE79DF823
:10695000570068B9FFE744F25441C5F602010868E0
:1069600020F44070189AD2F880201043086004E0A8
:106970009DF857008DF85600FFE7FFE718988078DC
:10698000C00600280CD5FFE744F25041C5F60201CD
:10699000086820F00040189A526F10430860FFE723
:1069A0001898C078C00600280DD5FFE744F21041C2
:1069B000C5F60201086820F48040189AD2F8B82081
:1069C00010430860FFE718988078800600280CD5EF
:1069D000FFE744F25041C5F60201086820F08070DC
:1069E000189AD26E10430860FFE71898C0784006E6
:1069F000002811D5FFE7FFE744F21041C5F6020178
:106A0000086820F4004008601898D0F8BC20086896
:106A100010430860FFE7FFE71898C07800060028D9
:106A20000CD5FFE744F24C41C5F60201086820F09E
:106A30004050189A526D10430860FFE7189880780C
:106A4000000600280DD5FFE744F25441C5F60201C7
:106A5000086820F44000189AD2F88C20104308608F
:106A6000FFE718980079C00790B1FFE71898083041
:106A7000002104F015FC8DF857009DF8570008B967
:106A8000FFE704E09DF857008DF85600FFE7FFE7A9
:106A9000189800798007002812D5FFE71898083069
:106AA000012104F0FDFB8DF857009DF8570008B94F
:106AB000FFE704E09DF857008DF85600FFE7FFE779
:106AC000189800794007002812D5FFE71898083079
:106AD000022104F0E5FB8DF857009DF8570008B936
:106AE000FFE704E09DF857008DF85600FFE7FFE749
:106AF000189800790007002812D5FFE71898283069
:106B0000002104F0B5FC8DF857009DF8570008B936
:106B1000FFE704E09DF857008DF85600FFE7FFE718
:106B200018980079C006002812D5FFE71898283079
:106B3000012104F09DFC8DF857009DF8570008B91D
:106B4000FFE704E09DF857008DF85600FFE7FFE7E8
:106B5000189800798006002812D5FFE71898283089
:106B6000022104F085FC8DF857009DF8570008B904
:106B7000FFE704E09DF857008DF85600FFE7FFE7B8
:106B80009DF8560020B9FFE700208DF8670003E06C
:106B900001208DF86700FFE79DF867001AB080BDFF
:106BA00080B586B004900391049820B9FFE70120D6
:106BB0008DF817003CE2039842F20001C5F2002173
:106BC000096801F00F01884216D9FFE742F2000080
:106BD000C5F20020016821F00F01039A1143016002
:106BE000006800F00F000399884204D0FFE70120FD
:106BF0008DF817001CE2FFE7049800784007002892
:106C000019D5FFE70498006944F21841C5F602015E
:106C1000096801F0700188420CD9FFE744F218417D
:106C2000C5F60201086820F07000049A126910434A
:106C30000860FFE7FFE7049800780007002819D5EF
:106C4000FFE70498406944F21C41C5F60201096857
:106C500001F0700188420CD9FFE744F21C41C5F6EF
:106C60000201086820F07000049A5269104308601D
:106C7000FFE7FFE704980078C006002819D5FFE772
:106C80000498806944F21C41C5F60201096801F4C8
:106C9000E06188420CD9FFE744F21C41C5F60201CD
:106CA000086820F4E060049A926910430860FFE7E6
:106CB000FFE7049800788006002819D5FFE70498BC
:106CC000C06944F22041C5F60201096801F0700173
:106CD00088420CD9FFE744F22041C5F6020108685A
:106CE00020F07000049AD26910430860FFE7FFE7C4
:106CF000049800788007002819D5FFE70498C06839
:106D000044F21841C5F60201096801F00F018842FA
:106D10000CD9FFE744F21841C5F60201086820F0DB
:106D20000F00049AD26810430860FFE7FFE7049859
:106D30000078C007002800F08C80FFE744F218417B
:106D4000C5F60201086820F47060049A9268104346
:106D5000086004984068022811D1FFE744F200401F
:106D6000C5F60200006800F400310020B0EB514F7E
:106D700004D1FFE701208DF8170059E13EE00498A7
:106D80004068032811D1FFE744F20040C5F6020035
:106D9000006800F000710020B0EB516F04D1FFE7F4
:106DA00001208DF8170043E127E00498406801288E
:106DB00011D1FFE744F20040C5F60200006800F47C
:106DC00080710020B0EB112F04D1FFE701208DF876
:106DD00017002DE110E044F20040C5F60200006803
:106DE00000F004010020B0EB910F04D1FFE7012077
:106DF0008DF817001CE1FFE7FFE7FFE744F21041C1
:106E0000C5F60201086820F00700049A5268104392
:106E10000860FDF7C1FF0190FFE744F21040C5F69E
:106E20000200006800F0380004994968B0EBC10F17
:106E30000ED0FFE7FDF7B0FF0199401A41F289310A
:106E4000884204D3FFE703208DF81700F0E0E4E761
:106E5000FFE7049800788007002819D5FFE7049819
:106E6000C06844F21841C5F60201096801F00F013B
:106E700088420CD2FFE744F21841C5F602010868C7
:106E800020F00F00049AD26810430860FFE7FFE784
:106E9000039842F20001C5F20021096801F00F01D8
:106EA000884216D2FFE742F20000C5F200200168D6
:106EB00021F00F01039A11430160006800F00F00F8
:106EC0000399884204D0FFE701208DF81700AFE056
:106ED000FFE7049800784007002819D5FFE70498D9
:106EE000006944F21841C5F60201096801F0700119
:106EF00088420CD2FFE744F21841C5F60201086847
:106F000020F07000049A126910430860FFE7FFE761
:106F1000049800780007002819D5FFE70498406915
:106F200044F21C41C5F60201096801F07001884273
:106F30000CD2FFE744F21C41C5F60201086820F0BC
:106F40007000049A526910430860FFE7FFE7049855
:106F50000078C006002819D5FFE70498806944F23C
:106F60001C41C5F60201096801F4E06188420CD2B7
:106F7000FFE744F21C41C5F60201086820F4E06016
:106F8000049A926910430860FFE7FFE704980078CD
:106F90008006002819D5FFE70498C06944F2204113
:106FA000C5F60201096801F0700188420CD2FFE7C2
:106FB00044F22041C5F60201086820F07000049AEE
:106FC000D26910430860FFE7FFE700F089F844F258
:106FD0001842C5F602021168C1F303234DF63801C9
:106FE000C0F60001CB5C03F01F03D840009000986E
:106FF000126802F00F02895C01F01F01C84040F2E4
:107000000401C2F200410860009840F20001C2F29F
:107010000041086040F20C00C2F200400068FEF738
:1070200067F98DF80B009DF80B008DF81700FFE74E
:107030009DF8170006B080BD80B582B000F050F812
:1070400044F21842C5F602021168C1F303234DF65B
:107050003801C0F60001CB5C03F01F03D84001905B
:107060000198126802F00F02895C01F01F0120FAFA
:1070700001F140F20400C2F200400160019940F2C7
:107080000002C2F200421160006802B080BD000040
:1070900080B5FFF7D1FF44F21C41C5F60201096833
:1070A000C1F302124DF63801C0F60001895C01F00F
:1070B0001F01C84080BD000080B5FFF7BDFF44F24E
:1070C0001C41C5F602010968C1F302224DF63801E0
:1070D000C0F60001895C01F01F01C84080BD0000BE
:1070E0008AB044F21040C5F60200006800F0380093
:1070F00001460191182800F269810199DFE811F039
:107100001900660166016601660166016601660195
:107110003A00660166016601660166016601660164
:10712000400066016601660166016601660166014E
:10713000460044F20040C5F60200006800F020015D
:107140000020B0EB511F0ED0FFE744F20040C5F61F
:1071500002000068C0F3C10149F20000C0F2D03063
:10716000C840029005E049F20000C0F2D030029021
:10717000FFE731E140F60010C0F23D0002902BE144
:1071800043F20060C0F26E10029025E144F2284004
:10719000C5F60200016801F0030108910068C0F320
:1071A0000510079044F22C40C5F60200006800F07C
:1071B00001000690069844F23441C5F602010968C0
:1071C00089B2C908484300EE100AB8EE400A8DEDB6
:1071D000040A0798002800F0F580FFE7089800905F
:1071E00048B1FFE70098012869D0FFE7009802281E
:1071F00000F08980ABE044F20040C5F60200006870
:1072000000F020010020B0EB511F33D0FFE744F223
:107210000040C5F602000068C0F3C10149F2000059
:10722000C0F2D030C84005909DED050AB8EE400A86
:107230009DED071AB8EE411A80EE010A44F2304083
:10724000C5F6020000686FF35F2001EE100AB8EE89
:10725000411A9DED042A9FED633A82EE032A31EE36
:10726000021AB7EE002A31EE021A20EE010A8DED65
:10727000030A23E09DED070AB8EE401A9FED5B0A72
:1072800080EE010A44F23040C5F6020000686FF358
:107290005F2001EE100AB8EE411A9DED042A9FED21
:1072A000513A82EE032A31EE021AB7EE002A31EE8D
:1072B000021A20EE010A8DED030AFFE76BE09DED57
:1072C000070AB8EE401A9FED480A80EE010A44F220
:1072D0003040C5F6020000686FF35F2001EE100A2F
:1072E000B8EE411A9DED042A9FED3E3A82EE032A44
:1072F00031EE021AB7EE002A31EE021A20EE010A30
:107300008DED030A47E09DED070AB8EE401A9FEDA8
:10731000340A80EE010A44F23040C5F602000068EB
:107320006FF35F2001EE100AB8EE411A9DED042ABA
:107330009FED2C3A82EE032A31EE021AB7EE002AB4
:1073400031EE021A20EE010A8DED030A23E09DEDD5
:10735000070AB8EE401A9FED240A80EE010A44F2B3
:107360003040C5F6020000686FF35F2001EE100A9E
:10737000B8EE411A9DED042A9FED1A3A82EE032AD7
:1073800031EE021AB7EE002A31EE021A20EE010A9F
:107390008DED030AFFE744F23040C5F602000068B5
:1073A00081B2012000EB512009909DED030A9DED73
:1073B000091AB8EE411A80EE010ABCEEC00A8DED42
:1073C000020A02E000200290FFE705E040F600100C
:1073D000C0F23D000290FFE702980AB0704700BF7C
:1073E000001BB74B000000460024744A0024744C74
:1073F00080B58CB00A900A9828B9FFE701208DF873
:107400002F0000F09DBD0A980078C007002800F00A
:10741000B980FFE744F21040C5F60200006800F0B2
:107420003800069044F22840C5F602000068059036
:10743000069810280AD0FFE7069818281CD1FFE705
:10744000059800F00300022816D1FFE744F200403F
:10745000C5F60200006800F400310020B0EB514F87
:1074600009D0FFE70A98406828B9FFE701208DF8A6
:107470002F0000F065BD84E0FFE70A984068B0F592
:10748000803F09D1FFE744F20041C5F602010868D8
:1074900040F48030086032E00A98406868B9FFE73D
:1074A00044F20041C5F60201086820F4803008600B
:1074B000086820F48020086020E00A984068B0F551
:1074C000A02F0DD1FFE744F20041C5F60201086884
:1074D00040F480200860086840F4803008600CE0C8
:1074E00044F20041C5F60201086820F480300860CB
:1074F000086820F480200860FFE7FFE7FFE7FFE768
:107500000A984068F0B1FFE7FDF746FC0990FFE7F5
:1075100044F20040C5F60200006800F4003100208B
:10752000B0EB514F0DD1FFE7FDF736FC0999401A3A
:10753000652805D3FFE703208DF82F0000F000BD7C
:10754000E6E71DE0FDF728FC0990FFE744F2004064
:10755000C5F60200006800F400310020B0EB514F86
:107560000DD0FFE7FDF718FC0999401A652805D3EF
:10757000FFE703208DF82F0000F0E2BCE6E7FFE70D
:10758000FFE7FFE70A9800788007002840F116819E
:10759000FFE744F21040C5F60200006800F0380032
:1075A000049044F22840C5F6020000680390049855
:1075B00050B1FFE70498182878D1FFE79DF80C0038
:1075C0008007002872D1FFE744F20040C5F60200B0
:1075D000006800F004010020B0EB910F09D0FFE734
:1075E0000A98C06828B9FFE701208DF82F0000F045
:1075F000A7BC44F20041C5F60201086820F019005A
:107600000A9AD26810430860FDF7C6FB0990FFE7AD
:1076100044F20040C5F60200006800F004010020BA
:10762000B0EB910F0DD1FFE7FDF7B6FB0999401ABA
:10763000032805D3FFE703208DF82F0000F080BC5E
:10764000E6E7FFE7FDF7A0FB41F2030188421DD802
:10765000FFE70A98006940280AD1FFE744F2044195
:10766000C5F602010868202262F3113008600CE0C0
:1076700044F20441C5F60201086820F47C300A9AFD
:10768000126940EA02300860FFE70CE044F204416E
:10769000C5F60201086820F0FE400A9A126940EA25
:1076A00002600860FFE7FFE7FFE786E00A98C0682E
:1076B00000285CD0FFE744F20041C5F602010868EB
:1076C00020F019000A9AD26810430860FDF764FBA5
:1076D0000990FFE744F20040C5F60200006800F0A0
:1076E00004010020B0EB910F0DD1FFE7FDF754FB33
:1076F0000999401A032805D3FFE703208DF82F00CE
:1077000000F01EBCE6E7FFE7FDF73EFB41F2030198
:1077100088421DD8FFE70A98006940280AD1FFE790
:1077200044F20441C5F602010868202262F31130D8
:1077300008600CE044F20441C5F60201086820F438
:107740007C300A9A126940EA02300860FFE70CE0D8
:1077500044F20441C5F60201086820F0FE400A9A8E
:10776000126940EA02600860FFE7FFE724E044F2A4
:107770000041C5F60201086820F001000860FDF72D
:107780000BFB0990FFE744F20040C5F602000068D9
:1077900000F004010020B0EB910F0CD0FFE7FDF7E3
:1077A000FBFA0999401A032804D3FFE703208DF858
:1077B0002F00C5E3E7E7FFE7FFE7FFE70A98007858
:1077C000C006002840F1EB80FFE744F21040C5F608
:1077D0000200006800F03800029044F22840C5F62C
:1077E000020000680190029808280AD0FFE702987A
:1077F000182850D1FFE7019800F0030001284AD172
:10780000FFE744F20040C5F60200006800F4807112
:107810000020B0EB112F09D0FFE70A98C06980283B
:1078200004D0FFE701208DF82F0089E3FFE7FDF783
:10783000ABFA41F2030188421DD8FFE70A98006ABB
:1078400020280AD1FFE744F20441C5F60201086886
:10785000102262F39E6008600CE044F20441C5F619
:107860000201086820F0F8400A9A126A40EA826031
:107870000860FFE70CE044F20C41C5F6020108681D
:1078800020F07C500A9A126A40EA02600860FFE722
:10789000FFE7FFE782E00A98C069002858D0FFE7B9
:1078A00044F20041C5F60201086840F0800008601B
:1078B000FDF772FA0990FFE744F20040C5F60200B6
:1078C000006800F480710020B0EB112F0CD1FFE7AD
:1078D000FDF762FA0999401A032804D3FFE7032051
:1078E0008DF82F002CE3E7E7FFE7FDF74DFA41F2B3
:1078F000030188421DD8FFE70A98006A20280AD1B0
:10790000FFE744F20441C5F602010868102262F361
:107910009E6008600CE044F20441C5F6020108686C
:1079200020F0F8400A9A126A40EA82600860FFE795
:107930000CE044F20C41C5F60201086820F07C50CE
:107940000A9A126A40EA02600860FFE7FFE724E053
:1079500044F20041C5F60201086820F0800008608A
:10796000FDF71AFA0990FFE744F20040C5F602005D
:10797000006800F480710020B0EB112F0CD0FFE7FD
:10798000FDF70AFA0999401A032804D3FFE70320F8
:107990008DF82F00D4E2E7E7FFE7FFE7FFE70A985B
:1079A0000078000700284FD5FFE70A98406928B300
:1079B000FFE744F27441C5F60201086840F0010097
:1079C0000860FDF7E9F90990FFE744F27440C5F655
:1079D0000200006800F002010020B0EB510F0CD152
:1079E000FFE7FDF7D9F90999401A032804D3FFE707
:1079F00003208DF82F00A3E2E7E724E044F274416E
:107A0000C5F60201086820F001000860FDF7C4F91E
:107A10000990FFE744F27440C5F60200006800F0E8
:107A200002010020B0EB510F0CD0FFE7FDF7B4F9D5
:107A30000999401A032804D3FFE703208DF82F008B
:107A40007EE2E7E7FFE7FFE70A9800788006002874
:107A50004FD5FFE70A98806928B3FFE744F2004159
:107A6000C5F60201086840F480500860FDF794F9FB
:107A70000990FFE744F20040C5F60200006800F4F8
:107A800000510020B0EB513F0CD1FFE7FDF784F926
:107A90000999401A032804D3FFE703208DF82F002B
:107AA0004EE2E7E724E044F20041C5F6020108682F
:107AB00020F480500860FDF76FF90990FFE744F269
:107AC0000040C5F60200006800F400510020B0EB51
:107AD000513F0CD0FFE7FDF75FF90999401A0328E1
:107AE00004D3FFE703208DF82F0029E2E7E7FFE743
:107AF000FFE70A9800784007002840F1A780FFE7D9
:107B000044F60001C5F60201086840F48070086080
:107B1000FDF742F90990FFE744F60000C5F60200C0
:107B20000068C00500280CD4FFE7FDF735F9099976
:107B3000401A652804D3FFE703208DF82F00FFE1EA
:107B4000EAE7FFE70A988068012809D1FFE744F2D5
:107B50007041C5F60201086840F00100086031E09C
:107B60000A98806868B9FFE744F27041C5F60201DF
:107B7000086820F001000860086820F00400086030
:107B80001FE00A98806805280DD1FFE744F2704194
:107B9000C5F60201086840F004000860086840F07B
:107BA000010008600CE044F27041C5F6020108686B
:107BB00020F001000860086820F004000860FFE77A
:107BC000FFE7FFE7FFE70A988068F8B1FFE7FDF7F6
:107BD000E3F80990FFE744F27040C5F60200006840
:107BE00000F002010020B0EB510F0ED1FFE7FDF7CE
:107BF000D3F80999401A41F28931884204D3FFE74A
:107C000003208DF82F009BE1E5E71EE0FDF7C4F8A7
:107C10000990FFE744F27040C5F60200006800F0EA
:107C200002010020B0EB510F0ED0FFE7FDF7B4F8D2
:107C30000999401A41F28931884204D3FFE70320B1
:107C40008DF82F007CE1E5E7FFE7FFE70A98406A3F
:107C5000002800F07181FFE744F21040C5F60200F1
:107C6000006800F03800182800F0E080FFE70A986C
:107C7000406A022840F0B480FFE744F20041C5F6B4
:107C80000201086820F080700860FDF785F809900F
:107C9000FFE744F20040C5F60200006800F0007102
:107CA0000020B0EB516F0CD0FFE7FDF775F8099994
:107CB000401A032804D3FFE703208DF82F003FE18B
:107CC000E7E7FFE744F22841C5F60201086840F201
:107CD000F33290430A9B9A6ADB6A42EA031210432A
:107CE00008600A99086BD1F834C08B6BCA6B0138F5
:107CF0006FF35F204FF60061CFF6FF7101EB4C216F
:107D000089B208440021CFF6FF7101EB034101F471
:107D1000FE0108444FF07F4101EB026101F0FE419A
:107D2000084444F23041C5F602010860FFE744F21E
:107D30002C41C5F602010091086820F0010008609E
:107D400044F23442C5F6020210684FF6F8739843C5
:107D50000A9B9B6C40EAC3001060086820F00C008E
:107D60000A9A126C10430860086820F002000A9A10
:107D7000526C10430860086840F48030086008685E
:107D800040F400300860086840F48020086008680B
:107D900040F00100086044F20041C5F602010868A5
:107DA00040F080700860FCF7F7FF0990FFE744F2AD
:107DB0000040C5F60200006800F000710020B0EB42
:107DC000516F0CD1FFE7FCF7E7FF0999401A032830
:107DD00004D3FFE703208DF82F00B1E0E7E724E0AC
:107DE00044F20041C5F60201086820F08070086086
:107DF000FCF7D2FF0990FFE744F20040C5F602000D
:107E0000006800F000710020B0EB516F0CD0FFE76C
:107E1000FCF7C2FF0999401A032804D3FFE70320A7
:107E20008DF82F008CE0E7E7FFE784E044F228407C
:107E3000C5F602000068089044F23040C5F6020022
:107E4000006807900A98406A012837D0FFE7089831
:107E500000F003000A99896A88422FD1FFE7089849
:107E600000F47C710A98C06AB0EB111F26D1FFE7BD
:107E700007986FF35F200A99096B013988421DD179
:107E8000FFE7BDF81C100A98406B0138B0EB512F8A
:107E900014D1FFE7079800F4FE010A98806B0138BF
:107EA000B0EB114F0AD1FFE7079800F0FE410A98A6
:107EB000C06B0138B0EB116F04D0FFE701208DF8E3
:107EC0002F003DE044F23440C5F60200006880B265
:107ED000C00808900A98806C0899884229D0FFE76A
:107EE00044F22C41C5F60201086820F00100086048
:107EF000FCF752FF0990FFE7FCF74EFF0999401A83
:107F000008B9FFE7F8E744F23441C5F60201086812
:107F10004FF6F87290430A9A926C40EAC2000860E9
:107F200044F22C41C5F60201086840F001000860E7
:107F3000FFE7FFE7FFE7FFE700208DF82F00FFE7EF
:107F40009DF82F000CB080BD80B586B004900498D9
:107F500020B9FFE701208DF817003AE10498406A44
:107F600008B9FFE7FFE704990020886204980068D9
:107F700043F20001C4F2010188421BD0FFE70498DC
:107F8000006843F60001C4F20001884212D0FFE706
:107F90000498006843F60041C4F20001884209D009
:107FA000FFE70498C068102804D3FFE701208DF88C
:107FB00017000EE1049803F043FB02900498006858
:107FC00043F20001C4F20101884216D0FFE7049891
:107FD000006843F60001C4F2000188420DD0FFE7BB
:107FE0000498006843F60041C4F20001884204D0BE
:107FF000FFE7029808281FD8FFE70498006843F2BB
:108000000001C4F20101884212D0FFE70498006821
:1080100043F60001C4F20001884209D0FFE704984A
:10802000006843F60041C4F20001884208D1FFE72E
:108030000298112804D3FFE701208DF81700C8E04B
:10804000049890F8810040B9FFE70499002081F876
:108050008000049800F0C4F8FFE70499022081F83A
:10806000810004980168086820F001000860049805
:108070000068806800F4F810039004988069B0F1FB
:10808000806F1BD1FFE704984068B0F5800F04D1E2
:10809000FFE70498806B50B1FFE70498406868B927
:1080A000FFE70498806BB0F1805F07D1FFE7049889
:1080B0000168086840F480500860FFE70498807900
:1080C0004006002810D5FFE70498C06807280BD3A6
:1080D000FFE704980068006820F48070049A116833
:1080E000126D1043086006E004980168086820F4E7
:1080F00080700860FFE7049B1968DA68D869D3F8D4
:1081000028C040EA0C00DDF80CC040EA0C00DB6B34
:10811000184310438860049A0192506B516A0843D7
:10812000916B0843916908431168D2F804C09368C1
:10813000D2F810E040EA0E00D2F814E040EA0E0057
:10814000D2F820E040EA0E0040EA0C00D2F84CC021
:1081500040EA0C001843936C1843926D1043C860BA
:108160000498406898B9FFE7049800688068012186
:1081700061F3CC20049909688860049800688068DD
:10818000022161F34A20049909688860FFE7049896
:108190000168086D20F001000865049880794006A8
:1081A00000280BD5FFE704980068C06820F0004065
:1081B000049A1168526D1043C860FFE704990020CB
:1081C000C1F88400049A012182F881108DF817000B
:1081D000FFE79DF8170006B080BD0000000000001A
:1081E00080B5D4B0539000205290519050904F9051
:1081F0004E901EA8C021F8F7B9F85398006843F2D2
:108200000001C4F20101884262D1FFE700201F9003
:108210004FF480511E9136901EA8FDF771FC18B1E5
:10822000FFE7F8F74DFEFFE7FFE744F2F040C5F641
:108230000200016841F480510160006800F4805040
:108240001D901D98FFE7FFE744F2E040C5F60200ED
:10825000016841F008010160006800F008001C900E
:108260001C98FFE7FFE744F2E040C5F60200016812
:1082700041F040010160006800F040001B901B9835
:10828000FFE780204E9002200A904F9000200B9034
:108290005090519005200C90529040F60040C5F649
:1082A00002004EA90D91FCF78BFB0A9B0B9A0C98D0
:1082B0000D994FF4206CCDF838C14F9350925192E4
:1082C000529041F60000C5F60200FCF779FBCCE1C4
:1082D0005398006843F60001C4F20001884261D15E
:1082E000FFE700201F904FF480511E9136901EA88A
:1082F000FDF706FC18B1FFE7F8F7E2FDFFE7FFE73F
:1083000044F2E840C5F60200016841F48041016092
:10831000006800F480401A901A98FFE7FFE744F2E3
:10832000E040C5F60200016841F004010160006808
:1083300000F0040019901998FFE7FFE744F2E040CD
:10834000C5F60200016841F001010160006800F01B
:10835000010018901898FFE706204E900220069022
:108360004F90002007905090519005200890529017
:1083700040F60000C5F602004EA90991FCF720FB6B
:10838000069B079A089809994FF4805CCDF838C18C
:108390004F935092519252900020C5F60200FCF784
:1083A0000FFB61E15398006843F60041C4F20001FD
:1083B000884260D1FFE700201F904FF480511E914A
:1083C00036901EA8FDF79CFB18B1FFE7F8F778FD83
:1083D000FFE7FFE744F2E840C5F60200016841F418
:1083E00000410160006800F4004017901798FFE713
:1083F000FFE744F2E040C5F60200016841F00201E7
:108400000160006800F0020016901698FFE7FFE791
:1084100044F2E040C5F60200016841F00401016049
:10842000006800F0040015901598FFE704204E90B6
:10843000022003904F90002004905090519007200C
:10844000529040F20040C5F602004EA90591FCF79B
:10845000B7FA039A049805994FF440634E934F92EC
:10846000509051900620529040F60000C5F6020050
:10847000FCF7A6FAF7E05398006843F20041C4F213
:10848000010188423DD1FFE700201F904FF40051C9
:108490001E9137901EA8FDF733FB18B1FFE7F8F7E0
:1084A0000FFDFFE7FFE744F2F040C5F60200016868
:1084B00041F400510160006800F4005014901498D9
:1084C000FFE7FFE744F2E040C5F60200016841F033
:1084D00010010160006800F0100013901398FFE78E
:1084E00064204E9002204F90002050905190052023
:1084F000529041F20000C5F602004EA9FCF760FA66
:10850000B0E05398006845F20001C4F201018842CE
:108510003ED1FFE700201F904FF400511E9137908D
:108520001EA8FDF7EDFA18B1FFE7F8F7C9FCFFE761
:10853000FFE744F2F040C5F60200016841F4801103
:108540000160006800F4801012901298FFE7FFE7C6
:1085500044F2E040C5F60200016841F020010160EC
:10856000006800F0200011901198FFE74FF4607050
:108570004E9002204F900020509051900520529034
:1085800041F20040C5F602004EA9FCF719FA68E076
:108590005398006841F20041C5F6000188425FD15E
:1085A000FFE700201F904FF480411E914A901EA8C3
:1085B000FDF7A6FA18B1FFE7F8F782FCFFE7FFE73F
:1085C00044F2F440C5F60200016841F02001016068
:1085D000006800F0200010901098FFE7FFE744F2D9
:1085E000E040C5F60200016841F001010160006849
:1085F00000F001000F900F98FFE7FFE744F2E04022
:10860000C5F60200016841F040010160006800F019
:1086100040000E900E98FFE720204E900220009020
:108620004F900020019050905190082052900020CF
:10863000C5F602004EA90291FCF7C2F9009A019812
:1086400002994FF4A0434E934F92509051900520C1
:10865000529041F60000C5F60200FCF7B1F9FFE7C1
:10866000FFE7FFE7FFE7FFE7FFE754B080BD00004B
:1086700080B582B00190019802F0FEFF02B080BD8B
:1086800085B003900291FFE7039890F83C00012821
:1086900004D1FFE702208DF8130099E0039901202F
:1086A00081F83C00FFE7FFE70399022081F83D00D5
:1086B0000398006840680190039800688068009003
:1086C000039800680021C4F20101884209D0FFE745
:1086D0000398006840F20041C4F2010188420AD1C7
:1086E000FFE7019820F4700001900298416801981A
:1086F00008430190FFE7019820F070000190029874
:10870000016801980843019001980399096848603D
:10871000039800680021C4F2010188423CD0FFE7C1
:1087200003980068B0F1804F36D0FFE703980068E7
:1087300040F20041C4F2000188422DD0FFE70398C7
:10874000006840F60001C4F20001884224D0FFE72F
:108750000398006840F60041C4F2000188421BD033
:10876000FFE70398006840F20041C4F2010188422B
:1087700012D0FFE70398006841F60001C4F200013F
:10878000884209D0FFE70398006844F20001C4F270
:10879000010188420ED1FFE7009820F08000009090
:1087A000029881680098084300900098039909682E
:1087B0008860FFE70399012081F83D00FFE70399F6
:1087C000002081F83C00FFE700208DF81300FFE750
:1087D0009DF8130005B0704780B582B000900098F6
:1087E00020B9FFE701208DF8070045E0009890F8D8
:1087F0003D0040B9FFE70099002081F83C00009857
:1088000000F03EF8FFE70099022081F83D00009952
:1088100051F8040B03F084F80099012081F8480016
:10882000FFE70099012081F83E00009981F83F00A0
:10883000009981F84000009981F84100009981F881
:108840004200009981F84300FFE7FFE7009901200B
:1088500081F84400009981F84500009981F84600AC
:10886000009981F84700FFE70099012081F83D0059
:1088700000208DF80700FFE79DF8070002B080BDDB
:1088800082B001900198006840F60001C4F2000136
:10889000884210D1FFE7FFE744F2E840C5F6020046
:1088A000016841F004010160006800F004000090DC
:1088B0000098FFE7FFE702B07047000000000000EB
:1088C00080B586B00490039100208DF80B00FFE77F
:1088D000049890F83C00012804D1FFE702208DF8AD
:1088E0001700D1E00499012081F83C00FFE7FFE781
:1088F0000499022081F83D00049800688068019086
:1089000001984FF68871CFF6CE710840019001981A
:1089100020F47F40019001980499096888600398C9
:1089200000680090002800F09580FFE7009810286C
:1089300000F09080FFE70098202800F08B80FFE790
:108940000098302800F08680FFE70098402874D017
:10895000FFE70098502856D0FFE7009860285FD0C6
:10896000FFE7009870282AD0FFE70098B0F5805FF5
:1089700024D0FFE70098B0F5005F35D0FFE70098FE
:10898000B0F5801F66D0FFE70098B0F1101F61D0EE
:10899000FFE700982021C0F2100188425AD0FFE77B
:1089A00000983021C0F21001884253D0FFE70098B0
:1089B0004021C0F2100188424CD052E055E00498AA
:1089C0000068039B5A689968DB6803F07DF8049897
:1089D000006880680190019840F07700019001984C
:1089E00004990968886040E004980068039B5A680D
:1089F0009968DB6803F068F804980168886840F4B7
:108A00008040886031E004980068039A5168D26819
:108A100003F0EAFB04980068502103F071F824E0A9
:108A200004980068039A5168D26803F005FC049822
:108A30000068602103F064F817E004980068039A66
:108A40005168D26803F0D0FB04980068402103F01D
:108A500057F80AE0049800680399096803F050F891
:108A600003E001208DF80B00FFE70499012081F855
:108A70003D00FFE70499002081F83C00FFE79DF8E6
:108A80000B008DF81700FFE79DF8170006B080BDBA
:108A900080B586B004900391049820B9FFE70120C7
:108AA0008DF817008AE0049890F83D0040B9FFE780
:108AB0000499002081F83C00049800F085F8FFE755
:108AC0000499022081F83D000498016888684BF6FB
:108AD000F872CFF6FE7210408860049951F8040BCA
:108AE00002F01EFF049800688068029004980068F5
:108AF0008069019004980068006A009003980168FA
:108B0000029808430290019840F203318843019093
:108B100003998868896940EA012101980843019016
:108B2000019840F60C418843019001984FF2F00102
:108B3000884301900399C868C96940EA01210198F6
:108B40000843019003990869096A000140EA01316C
:108B5000019808430190009820F0220000900098AE
:108B600020F08800009003994868496940EA0111A3
:108B70000098084300900298049909688860019859
:108B80000499096888610098049909680862049941
:108B9000012081F84800049981F83E00049981F889
:108BA0003F00049981F84400049981F84500049934
:108BB00081F83D0000208DF81700FFE79DF81700B1
:108BC00006B080BD0000000080B58AB0099000208A
:108BD0000890079006900590049009980068B0F1FD
:108BE000804F2ED1FFE7FFE744F2E840C5F60200D0
:108BF000016841F001010160006800F0010003908C
:108C00000398FFE7FFE744F2E040C5F60200016881
:108C100041F001010160006800F00100029002983B
:108C2000FFE70320049002200590002006900790A3
:108C3000012008900020C5F6020004A9FBF7C0FE41
:108C400036E00998006840F20041C4F20001884211
:108C50002DD1FFE7FFE744F2E840C5F602000168C6
:108C600041F002010160006800F0020001900198EB
:108C7000FFE7FFE744F2E040C5F60200016841F07B
:108C800001010160006800F0010000900098FFE71A
:108C9000C0200490022005900021069107910890C1
:108CA0000020C5F6020004A9FBF78AFEFFE7FFE7F4
:108CB0000AB080BD0000000080B588B00790002099
:108CC000069005900490039002900798006840F683
:108CD0000001C4F20001884220D1FFE7FFE744F21F
:108CE000E040C5F60200016841F00801016000683B
:108CF00000F0080001900198FFE74FF470400290E7
:108D000002200390002104910591069040F6004056
:108D1000C5F6020002A9FBF753FEFFE708B080BDCD
:108D200080B586B004900391029200208DF8070070
:108D3000FFE7049890F83C00012804D1FFE70220E7
:108D40008DF81700C0E00499012081F83C00FFE78E
:108D5000FFE702980090142800F2A7800099DFE84E
:108D600001F00BA4A4A424A4A4A43EA4A4A457A4E6
:108D7000A4A471A4A4A48A0004980068039902F032
:108D8000D7FE04980168886940F00800886104985B
:108D90000168886920F004008861039802690498DA
:108DA000016888691043886183E00498006803992A
:108DB00002F066FF04980168886940F400608861E9
:108DC00004980168886920F48060886103980269CA
:108DD00004980168886940EA0220886169E0049883
:108DE0000068039903F004F804980168C86940F02A
:108DF0000800C86104980168C86920F00400C861CF
:108E00000398026904980168C8691043C86150E07A
:108E100004980068039903F0A3F804980168C869EE
:108E200040F40060C86104980168C86920F480605B
:108E3000C8610398026904980168C86940EA022081
:108E4000C86136E004980068039903F0F9F80498C3
:108E50000168486D40F00800486504980168486D55
:108E600020F0040048650398026904980168486D81
:108E7000104348651DE004980068039903F048F921
:108E800004980168486D40F40060486504980168E2
:108E9000486D20F480604865039802690498016871
:108EA000486D40EA0220486503E001208DF8070084
:108EB000FFE7FFE70499002081F83C00FFE79DF8F9
:108EC00007008DF81700FFE79DF8170006B080BD7A
:108ED00080B582B00090009820B9FFE701208DF89E
:108EE000070045E0009890F83D0040B9FFE7009981
:108EF000002081F83C00009800F03EF8FFE7009960
:108F0000022081F83D00009951F8040B02F008FDA1
:108F10000099012081F84800FFE70099012081F8BD
:108F20003E00009981F83F00009981F840000099C7
:108F300081F84100009981F84200009981F84300CE
:108F4000FFE7FFE70099012081F84400009981F8CC
:108F50004500009981F84600009981F84700FFE735
:108F60000099012081F83D0000208DF80700FFE7FF
:108F70009DF8070002B080BD81B0009001B070473D
:108F800083B00190FFE7019890F88400012804D194
:108F9000FFE702208DF80B002CE00199012081F8F9
:108FA0008400FFE7FFE701992420C1F888000198B9
:108FB00000680068009001980168086820F00100CE
:108FC0000860009820F00050009001990020486649
:108FD000009801990968086001992020C1F888006B
:108FE000FFE70199002081F88400FFE700208DF859
:108FF0000B00FFE79DF80B0003B070470000000076
:1090000082B00190ADF8021002B07047000000007D
:1090100081B0009001B0704780B584B0029001919A
:10902000FFE7029890F88400012804D1FFE70220AE
:109030008DF80F0032E00299012081F88400FFE7EB
:10904000FFE702992420C1F88800029800680068B0
:10905000009002980168086820F0010008600298FA
:109060000068806820F060600199084302990968EF
:109070008860029803F00CF900980299096808606A
:1090800002992020C1F88800FFE70299002081F8AA
:109090008400FFE700208DF80F00FFE79DF80F0028
:1090A00004B080BD0000000080B584B00290019142
:1090B000FFE7029890F88400012804D1FFE702201E
:1090C0008DF80F0032E00299012081F88400FFE75B
:1090D000FFE702992420C1F8880002980068006820
:1090E000009002980168086820F00100086002986A
:1090F0000068806820F0604001990843029909687F
:109100008860029803F0C4F8009802990968086022
:1091100002992020C1F88800FFE70299002081F819
:109120008400FFE700208DF80F00FFE79DF80F0097
:1091300004B080BD0000000081B0009001B0704715
:1091400081B0009001B0704780B586B0049004985B
:10915000D0F8880003900498D0F88C00029004980E
:10916000006880680006002836D5FFE703982128AC
:1091700032D1FFE7FFE7FFE70498006850E8020FED
:1091800020F080000190FFE701990498026842E80E
:1091900002100028F0D1FFE7FFE70498C06FB8B1D4
:1091A000FFE70498C06FF8F70BF880B1FFE7049869
:1091B000C06FF9F719F8202808D1FFE704991020AB
:1091C000C1F8900003208DF8170049E0FFE7FFE7A2
:1091D000049803F045FBFFE70498006880684006A8
:1091E000002839D5FFE70298222835D1FFE7FFE7AD
:1091F000FFE70498006850E8020F20F0400000905C
:10920000FFE700990498026842E802100028F0D1B4
:10921000FFE7FFE70498D0F88000C8B1FFE70498A3
:10922000D0F88000F7F7CCFF88B1FFE70498D0F8BA
:109230008000F8F7D9FF202808D1FFE70499102013
:10924000C1F8900003208DF8170009E0FFE7FFE761
:10925000049803F091FAFFE700208DF81700FFE76C
:109260009DF8170006B080BD81B0009001B0704736
:1092700080B592B0119011980068C0691090119853
:10928000006800680F901198006880680E90109830
:1092900040F60F0108400D900D98E0B9FFE79DF8EA
:1092A00040008006002815D5FFE79DF83C008006A9
:1092B000002806D4FFE79DF83B00C006002809D52A
:1092C000FFE71198406F20B1FFE71198416F884781
:1092D000FFE74AE3FFE70D98002800F00C81FFE765
:1092E0000E980121C1F20001084209D1FFE70F9851
:1092F00040F22011C0F20041084200F0FC80FFE77C
:109300009DF84000C00788B1FFE79DF83D00C00709
:1093100060B1FFE711980168012008621199D1F846
:10932000900040F00100C1F89000FFE79DF8400078
:109330008007002811D5FFE79DF83800C00760B10D
:10934000FFE711980168022008621199D1F8900096
:1093500040F00400C1F89000FFE79DF8400040078E
:10936000002811D5FFE79DF83800C00760B1FFE77E
:1093700011980168042008621199D1F8900040F01A
:109380000200C1F89000FFE79DF8400000070028A8
:1093900019D5FFE79DF83C008006002807D4FFE7B9
:1093A0000E980121C1F2000108420CD0FFE711988C
:1093B0000168082008621199D1F8900040F0080077
:1093C000C1F89000FFE79DF841000007002813D581
:1093D000FFE79DF83F00400700280DD5FFE71198F3
:1093E00001684FF4006008621199D1F8900040F0D4
:1093F0002000C1F89000FFE71198D0F890000028F5
:1094000078D0FFE79DF840008006002815D5FFE7DB
:109410009DF83C008006002806D4FFE79DF83B003D
:10942000C006002809D5FFE71198406F20B1FFE77B
:109430001198416F8847FFE7FFE71198D0F8900037
:109440000C9011980068806800F04000402806D019
:10945000FFE79DF8300010F0280F42D0FFE7119889
:1094600003F08AF91198006880684006002833D517
:10947000FFE7FFE7FFE71198006850E8020F20F0D0
:1094800040000B90FFE70B991198026842E8021028
:109490000028F0D1FFE7FFE71198D0F88000B0B1C5
:1094A000FFE71198D0F880104CF2A950C0F60000E8
:1094B00008651198D0F88000F8F73EFB30B1FFE75F
:1094C0001198D0F88000016D8847FFE703E01198FC
:1094D000FFF7CAFEFFE703E01198FFF7C5FEFFE7BD
:1094E00007E01198FFF7C0FE11990020C1F8900025
:1094F000FFE7FFE739E21198C06E012840F0D681FE
:10950000FFE79DF84000C006002840F1CF81FFE74B
:109510009DF83C00C006002840F1C881FFE7119883
:1095200001681020086211980068806840060028D1
:1095300040F15A81FFE71198D0F8800000681021AF
:10954000C4F20201884200F0A280FFE71198D0F82F
:10955000800000682821C4F20201884200F0978050
:10956000FFE71198D0F8800000684021C4F20201A2
:10957000884200F08C80FFE71198D0F880000068E6
:109580005821C4F20201884200F08180FFE711985F
:10959000D0F8800000687021C4F20201884276D0C1
:1095A000FFE71198D0F8800000688821C4F202011A
:1095B00088426CD0FFE71198D0F880000068A021A5
:1095C000C4F20201884262D0FFE71198D0F880000F
:1095D0000068B821C4F20201884258D0FFE7119810
:1095E000D0F88000006840F21041C4F202018842C5
:1095F0004DD0FFE71198D0F88000006840F2284174
:10960000C4F20201884242D0FFE71198D0F88000EE
:10961000006840F24041C4F20201884237D0FFE7BF
:109620001198D0F88000006840F25841C4F202015D
:1096300088422CD0FFE71198D0F88000006840F2F3
:109640007041C4F20201884221D0FFE71198D0F89E
:109650008000006840F28841C4F20201884216D0BE
:10966000FFE71198D0F88000006840F2A041C4F2F2
:10967000020188420BD0FFE71198D0F88000006803
:1096800040F2B841C4F20201884207D1FFE71198C5
:10969000D0F8800000684068019006E01198D0F88A
:1096A0008000006840680190FFE70198ADF82A004B
:1096B000BDF82A0000287BD0FFE7BDF82A001199E9
:1096C000B1F85C10884273DAFFE7BDF82A001199FF
:1096D000A1F85E001198D0F88000C069B0F5807FD5
:1096E00059D0FFE7FFE7FFE71198006850E8000F47
:1096F00020F480700990FFE709991198026842E808
:1097000000100028F0D1FFE7FFE7FFE7FFE711981F
:10971000006850E8020F20F001000890FFE7089968
:109720001198026842E802100028F0D1FFE7FFE735
:10973000FFE7FFE71198006850E8020F20F04000B3
:109740000790FFE707991198026842E80210002885
:10975000F0D1FFE7FFE711992020C1F88C001199A3
:109760000020C866FFE7FFE71198006850E8000F87
:1097700020F010000690FFE706991198026842E871
:1097800000100028F0D1FFE7FFE71198D0F8800023
:10979000F7F716FDFFE71199022008671198B0F856
:1097A0005C10B0F85E20891A89B2FFF729FC1AE034
:1097B000BDF82A001199B1F85C10884212D1FFE778
:1097C0001198D0F88000C069B0F5807F09D1FFE71B
:1097D0001199022008671198B0F85C10FFF710FC8F
:1097E000FFE7FFE7FFE7C0E01199B1F85C00B1F8CF
:1097F0005E10401AADF816001198B0F85E0000280F
:1098000053D0FFE7BDF8160000284ED0FFE7FFE772
:10981000FFE71198006850E8000F20F49070049062
:10982000FFE704991198026842E800100028F0D17F
:10983000FFE7FFE7FFE7FFE71198006850E8020F36
:109840004FF6FE71CEF6FF7108400390FFE70399D3
:109850001198026842E802100028EDD1FFE7FFE707
:1098600011992020C1F88C0011990020C866119927
:109870004867FFE7FFE71198006850E8000F20F005
:1098800010000290FFE702991198026842E8001068
:109890000028F0D1FFE7FFE711990220086711982F
:1098A000BDF81610FFF7ACFBFFE75EE09DF8420045
:1098B000C00600280FD5FFE79DF83A0040060028B3
:1098C00009D5FFE7119801684FF4801008621198DC
:1098D000FFF736FC49E09DF840000006002815D54A
:1098E000FFE79DF83C000006002806D4FFE79DF83E
:1098F0003A000006002809D5FFE71198806F20B1D3
:10990000FFE71198816F8847FFE72EE09DF8400040
:10991000400600280AD5FFE79DF83C0040060028D5
:1099200004D5FFE7119802F077FF1EE09DF8420092
:10993000000600280AD5FFE79DF83F0040060028F2
:1099400004D5FFE71198FFF7F7FB0EE09DF8430001
:10995000C00750B1FFE79DF83F000006002804D57E
:10996000FFE71198FFF754FBFFE712B080BD00003E
:1099700080B582B00090009820B9FFE701208DF8F3
:10998000070046E00098806908B1FFE700E0FFE7C4
:109990000098D0F8880040B9FFE70099002081F8CE
:1099A0008400009800F03CF8FFE700992420C1F8FB
:1099B000880000980168086820F00100086000989D
:1099C000806A20B1FFE7009802F0A6FCFFE700984C
:1099D00002F076FF012804D1FFE701208DF807008F
:1099E00017E000980168486820F4904048600098AB
:1099F0000168886820F02A0088600098016808687B
:109A000040F001000860009802F02AFD8DF8070080
:109A1000FFE79DF8070002B080BD000000000000D5
:109A200080B5DEB05D9000205C905B905A905990BC
:109A3000589028A8C021F6F799FC5D98006840F678
:109A40000041C5F6000188423CD1FFE70020299083
:109A5000042128914D9028A8FCF752F818B1FFE78F
:109A6000F7F72EFAFFE7FFE744F2F440C5F60200ED
:109A7000016841F008010160006800F008002790CB
:109A80002798FFE7FFE744F2E040C5F602000168CF
:109A900041F001010160006800F001002690269865
:109AA000FFE74FF4C06058900220599000205A9070
:109AB0005B9003205C900020C5F6020058A9FAF7DD
:109AC0007FFF5AE35D98006844F60041C4F200014C
:109AD00088425DD1FFE7002029900221289146901D
:109AE00028A8FCF70DF818B1FFE7F7F7E9F9FFE749
:109AF000FFE744F2E840C5F60200016841F40021A6
:109B00000160006800F4002025902598FFE7FFE73A
:109B100044F2E040C5F60200016841F00101016035
:109B2000006800F0010024902498FFE7FFE744F26A
:109B3000E040C5F60200016841F0080101600068DC
:109B400000F0080023902398FFE74FF4006058903E
:109B5000022010905990002011905A905B9006209E
:109B60005C900020C5F6020058A91291FAF728FF70
:109B7000109A11981299589259925A905B90082015
:109B80005C9040F60040C5F60200FAF719FFF3E2D8
:109B90005D98006845F20001C4F20001884262D17C
:109BA000FFE70020299002212891469028A8FBF782
:109BB000A7FF18B1FFE7F7F783F9FFE7FFE744F2E4
:109BC000E840C5F60200016841F4801101600068B8
:109BD00000F4801022902298FFE7FFE744F2E04073
:109BE000C5F60200016841F004010160006800F060
:109BF000040021902198FFE7FFE744F2E040C5F61A
:109C00000200016841F008010160006800F00800EE
:109C100020902098FFE74FF48050589002200C903D
:109C2000599000200D905A905B9008200E905C9007
:109C300040F60000C5F6020058A90F91FAF7C0FEE1
:109C40000C9B0D9A0E980F994FF0040CCDF860C143
:109C500059935A925B925C9040F60040C5F6020020
:109C6000FAF7AEFE87E25D98006847F60001C4F29D
:109C70000001884261D1FFE700202990022128914C
:109C8000469028A8FBF73CFF18B1FFE7F7F718F953
:109C9000FFE7FFE744F2E840C5F60200016841F043
:109CA00080410160006800F080401F901F98FFE72E
:109CB000FFE744F2E040C5F60200016841F02001F0
:109CC0000160006800F020001E901E98FFE7FFE78B
:109CD00044F2E040C5F60200016841F01001016065
:109CE000006800F010001D901D98FFE7402058907C
:109CF000022008905990002009905A905B9007200C
:109D00000A905C9041F20040C5F6020058A90B9100
:109D1000FAF756FE089B099A0A980B994FF4807C33
:109D2000CDF860C159935A925B925C9041F2000069
:109D3000C5F60200FAF744FE1CE25D98006847F69B
:109D40000041C4F2000188423CD1FFE70020299085
:109D500002212891469028A8FBF7D2FE18B1FFE710
:109D6000F7F7AEF8FFE7FFE744F2E840C5F6020078
:109D7000016841F000410160006800F000401C9063
:109D80001C98FFE7FFE744F2E040C5F602000168D7
:109D900041F010010160006800F010001B901B985A
:109DA000FFE7032058900220599000205A905B90C2
:109DB00008205C9041F20000C5F6020058A9FAF7AD
:109DC000FFFDD6E15D98006841F20001C4F2010197
:109DD000884240F0A080FFE70020299001212891CF
:109DE000479028A8FBF78CFE18B1FFE7F7F768F853
:109DF000FFE7FFE744F2F040C5F60200016841F0DA
:109E000010010160006800F010001A901A98FFE736
:109E1000FFE744F2E040C5F60200016841F00201AC
:109E20000160006800F0020019901998FFE74FF4F4
:109E30004040589002205990002006905A905B9024
:109E400004205C9040F20040C5F6020058A9FAF7E1
:109E5000B7FD069940F21400C2F20040079040F2AC
:109E60004042C4F202020260292242608160C16065
:109E70004FF480620261416181614FF48072C2617E
:109E80004FF4003202624162F9F796FA18B1FFE727
:109E9000F7F716F8FFE7FFE75D9840F21401C2F20A
:109EA0000041C0F880105D988863FFE740F28C00A5
:109EB000C2F20040059040F2B841C4F202010160D4
:109EC0002A214160402181600021C1604FF48062FD
:109ED000026141618161C1614FF4003202624162FD
:109EE000F9F76AFA18B1FFE7F6F7EAFFFFE7FFE7CD
:109EF0005D9840F28C01C2F20041C1675D988863B1
:109F0000FFE72520049000221146FBF7C1FA0498D0
:109F1000FBF7B2FA2CE15D98006844F20041C4F20C
:109F2000000188423BD1FFE70020299002212891BF
:109F3000469028A8FBF7E4FD18B1FFE7F6F7C0FF4D
:109F4000FFE7FFE744F2E840C5F60200016841F48C
:109F500000310160006800F4003018901898FFE7A5
:109F6000FFE744F2E040C5F60200016841F001015C
:109F70000160006800F0010017901798FFE70C20BF
:109F800058900220599000205A905B9007205C90D6
:109F90000020C5F6020058A9FAF712FDE7E05D9827
:109FA000006844F60001C4F2000188423DD1FFE799
:109FB0000020299002212891469028A8FBF7A0FDB7
:109FC00018B1FFE7F6F77CFFFFE7FFE744F2E84050
:109FD000C5F60200016841F480210160006800F4C8
:109FE000802016901698FFE7FFE744F2E040C5F6A0
:109FF0000200016841F002010160006800F0020007
:10A0000015901598FFE74FF4406058900220599042
:10A0100000205A905B9007205C9040F20040C5F60B
:10A02000020058A9FAF7CCFCA0E05D98006841F264
:10A030000041C4F20101884240F09780FFE7002010
:10A04000299001212891479028A8FBF759FD18B1C4
:10A05000FFE7F6F735FFFFE7FFE744F2F040C5F60C
:10A060000200016841F020010160006800F020005A
:10A0700014901498FFE7FFE744F2E040C5F60200B1
:10A08000016841F004010160006800F004001390D1
:10A090001398FFE7C02058900220599000200290AA
:10A0A0005A905B9007205C9040F60000C5F60200D5
:10A0B00058A9FAF785FC029940F20410C2F2004058
:10A0C00003901022C4F202020260472242608160C3
:10A0D000C1604FF48062026141618161C1610162CE
:10A0E0004162F9F769F918B1FFE7F6F7E9FEFFE712
:10A0F000FFE75D9840F20411C2F20041C0F8801001
:10A100005D988863FFE740F27C10C2F20040019046
:10A110002821C4F202010160482141604021816090
:10A120000021C1604FF48062026141618161C161BF
:10A1300001624162F9F740F918B1FFE7F6F7C0FE96
:10A14000FFE7FFE75D9840F27C11C2F20041C16772
:10A150005D988863FFE74720009000221146FBF7D7
:10A1600097F90098FBF788F9FFE7FFE7FFE7FFE7BC
:10A17000FFE7FFE7FFE7FFE7FFE75EB080BD000016
:10A1800080B586B004900391ADF80A200498D0F809
:10A190008C0020283CD1FFE7039820B1FFE7BDF8F1
:10A1A0000A0020B9FFE701208DF8170034E0049978
:10A1B0000020C8660498006840F60041C5F600011A
:10A1C00088421CD0FFE7049800684068000200281D
:10A1D00014D5FFE7FFE7FFE70498006850E8000F99
:10A1E00040F080600190FFE701990498026842E81E
:10A1F00000100028F0D1FFE7FFE7FFE7FFE7049832
:10A200000399BDF80A2002F0EFFF8DF8170003E074
:10A2100002208DF81700FFE79DF8170006B080BDFB
:10A2200081B0009001B0704781B0009001B07047DC
:10A2300080B58AB008900791ADF81A200593089868
:10A24000D0F88800202840F08780FFE7079820B1E9
:10A25000FFE7BDF81A0020B9FFE701208DF82700BD
:10A260007EE008990020C1F8900008992120C1F8EB
:10A270008800FAF791FD0290BDF81A000899A1F83C
:10A280005400BDF81A000899A1F856000898806893
:10A29000B0F5805F09D1FFE70898006928B9FFE7AA
:10A2A000002004900798039004E007980490002091
:10A2B0000390FFE7FFE70898B0F8560088B3FFE780
:10A2C0000898029B05996A4611608021002203F0DC
:10A2D00023F840B1FFE708992020C1F88800032047
:10A2E0008DF827003CE0049858B9FFE703980088F0
:10A2F0006FF35F2008990968886203980230039021
:10A3000008E0049800780899096888620498013088
:10A310000490FFE70899B1F856000138A1F85600FB
:10A32000C9E70898029B05996A46116040210022FE
:10A3300002F0F2FF40B1FFE708992020C1F8880041
:10A3400003208DF827000BE008992020C1F8880031
:10A3500000208DF8270003E002208DF82700FFE79A
:10A360009DF827000AB080BD81B0009001B0704711
:10A37000FFE7FEE70000000080B586B000200190F6
:10A380000590049003900290FBF736F801980121A4
:10A390008DF808108DF8090003901F228DF8102009
:10A3A00087228DF811208DF812008DF813008DF89A
:10A3B00014108DF815108DF816008DF8170002A8EE
:10A3C000FAF7DAFF0420FBF72BF806B080BD000097
:10A3D00080B588B0FFE744F2D840C5F602000168B6
:10A3E00041F002010160006800F002000790079848
:10A3F000FFE7FFE744F2D840C5F60200016841F0EC
:10A4000001010160006800F0010006900698FFE776
:10A410000B200190002204921146FBF739F80198B5
:10A42000FBF72AF8049A0C2002901146FBF730F84B
:10A430000298FBF721F8049A3A2003901146FBF7A3
:10A4400027F80398FBF718F8049A46200590114660
:10A45000FBF71EF80598FBF70FF808B080BD000069
:10A4600080B582B040F2F410C2F2004000904AF28F
:10A470000001C4F200010160002201928260C2600A
:10A480000274427482741021416101218161C161B1
:10A49000016241628162C162016342638263C2639D
:10A4A0000264042141648264C1640265416582657D
:10A4B000C265026642668166F9F7B6FF18B1FFE72A
:10A4C000F6F7FEFCFFE702B080BD000000000000D0
:10A4D00080B582B040F29420C2F2004000904AF26F
:10A4E0000041C4F200010160002201928260C2605A
:10A4F0000274427482741021416101218161C16141
:10A50000016241628162C162016342638263C2632C
:10A510000264042141648264C1640265416582650C
:10A52000C265026642668166F9F77EFF18B1FFE7F1
:10A53000F6F7C6FCFFE702B080BD00000000000097
:10A5400089B0FFE744F2E040C5F60200016841F03F
:10A5500010010160006800F0100008900898FFE703
:10A56000FFE744F2E040C5F60200016841F4807163
:10A570000160006800F4807007900798FFE7FFE72C
:10A5800044F2E040C5F60200016841F0200101609C
:10A59000006800F0200006900698FFE7FFE744F20D
:10A5A000E040C5F60200016841F0800101600068EA
:10A5B00000F0800005900598FFE7FFE744F2E040D7
:10A5C000C5F60200016841F004010160006800F076
:10A5D000040004900498FFE7FFE744F2E040C5F66A
:10A5E0000200016841F001010160006800F0010013
:10A5F00003900398FFE7FFE744F2E040C5F602004E
:10A60000016841F002010160006800F00200029060
:10A610000298FFE7FFE744F2E040C5F60200016858
:10A6200041F008010160006800F008000190019805
:10A63000FFE7FFE744F2E040C5F60200016841F0A1
:10A6400040010160006800F0400000900098FFE7C2
:10A6500009B070470000000080B582B040F234308D
:10A66000C2F20040019045F20041C4F200010160D5
:10A6700047F2B151C3F270014160002181600122B3
:10A68000C260016141618161C1610162FAF72CFC24
:10A6900018B1FFE7F6F714FCFFE740F23430C2F2DE
:10A6A00000400021FAF780FB18B1FFE7F6F708FC3D
:10A6B000FFE740F23430C2F200400021FAF7C0FB5D
:10A6C00018B1FFE7F6F7FCFBFFE702B080BD000022
:10A6D00080B582B040F28830C2F20040019045F669
:10A6E0000001C4F20001016047F2B151C3F27001F0
:10A6F0004160002181600122C2600161416181618C
:10A70000C1610162FAF7F0FB18B1FFE7F6F7D8FB79
:10A71000FFE740F28830C2F200400021FAF744FB24
:10A7200018B1FFE7F6F7CCFBFFE740F28830C2F242
:10A7300000400021FAF784FB18B1FFE7F6F7C0FBF1
:10A74000FFE702B080BD000080B582B040F2DC308F
:10A75000C2F20040019045F60041C4F200010160E0
:10A7600047F2B151C3F270014160002181600122C2
:10A77000C260016141618161C1610162FAF7B4FBAC
:10A7800018B1FFE7F6F79CFBFFE740F2DC30C2F2BE
:10A7900000400021FAF708FB18B1FFE7F6F790FB3D
:10A7A000FFE740F2DC30C2F200400021FAF748FB3C
:10A7B00018B1FFE7F6F784FBFFE702B080BD0000A9
:10A7C00080B582B040F23040C2F20040019041F6C4
:10A7D0000041C5F60001016047F2B151C3F27001BA
:10A7E0004160002181600122C2600161416181619B
:10A7F000C1610162FAF778FB18B1FFE7F6F760FB79
:10A80000FFE740F23040C2F200400021FAF7CCFAF4
:10A8100018B1FFE7F6F754FBFFE740F23040C2F211
:10A8200000400021FAF70CFB18B1FFE7F6F748FBF0
:10A83000FFE702B080BD000080B582B040F28440E6
:10A84000C2F20040009040F60041C5F600010160F0
:10A8500043F22431C0F20301416000210191816083
:10A86000C16001610C2242618161016241628162C9
:10A870004166FFF77DF818B1FFE7F6F721FBFFE728
:10A8800040F28440C2F200400021FEF70DFC18B1F6
:10A89000FFE7F6F715FBFFE740F28440C2F2004005
:10A8A0000021FEF7B9FB18B1FFE7F6F709FBFFE758
:10A8B00040F28440C2F20040FEF762FB18B1FFE7AD
:10A8C000F6F7FEFAFFE702B080BD000000000000CE
:10A8D00080B582B040F21850C2F20040009043F2BE
:10A8E0000001C4F2010101604FF4800141600021C8
:10A8F000019181600322C260016141614FF0806279
:10A9000082614FF08052C261016241628162C16224
:10A910004FF0804242638163C1630164416481649A
:10A92000C164016541658165FDF70EFB18B1FFE764
:10A93000F6F7C6FAFFE702B080BD00000000000095
:10A9400080B582B040F2A050C2F20040009043F6C1
:10A950000001C4F2000101604FF480014160002158
:10A96000019181600322C260016141614FF0806208
:10A9700082614FF08052C261016241628162C162B4
:10A980004FF0804242638163C1630164416481642A
:10A99000C164016541658165FDF7D6FA18B1FFE72D
:10A9A000F6F78EFAFFE702B080BD0000000000005D
:10A9B00080B582B040F22860C2F20040009043F6B9
:10A9C0000041C4F2000101604FF4800141600021A8
:10A9D000019181600322C260016141614FF0806298
:10A9E00082614FF08052C261016241628162C16244
:10A9F0004FF0804242638163C163016441648164BA
:10AA0000C164016541658165FDF79EFA18B1FFE7F4
:10AA1000F6F756FAFFE702B080BD00000000000024
:10AA200080B582B040F2B060C2F20040009043F2C4
:10AA30000041C4F2010101604FF480014160002136
:10AA4000019181600322C260016141614FF0806227
:10AA500082614FF08052C261016241628162C162D3
:10AA60004FF0804242638163C16301644164816449
:10AA7000C164016541658165FDF766FA18B1FFE7BC
:10AA8000F6F71EFAFFE702B080BD000000000000EC
:10AA900080B582B040F23870C2F20040009045F2BA
:10AAA0000001C4F2010101604FF480014160002106
:10AAB000019181600322C260016141614FF08062B7
:10AAC00082614FF08052C261016241628162C16263
:10AAD0004FF0804242638163C163016441648164D9
:10AAE000C164016541658165FDF72EFA18B1FFE784
:10AAF000F6F7E6F9FFE702B080BD000000000000B5
:10AB000080B582B040F2C070C2F20040009041F2C5
:10AB10000041C5F6000101604FF480014160002151
:10AB2000019181600322C260016141614FF0806246
:10AB300082614FF08052C261016241628162C162F2
:10AB40004FF0804242638163C16301644164816468
:10AB5000C164016541658165FDF7F6F918B1FFE74C
:10AB6000F6F7AEF9FFE702B080BD0000000000007C
:10AB700080B58EB005A800902421F5F7F7FB009969
:10AB80000022019204920392029240F64800C2F21F
:10AB900000404FF080430360426082604FF0FF331B
:10ABA000C3600261826101230593069207930892B4
:10ABB00009920A920B930C920D92FDF769FF18B15E
:10ABC000FFE7F6F77DF9FFE700200290049040F6DA
:10ABD0004800C2F2004002A9FDF752FD18B1FFE79C
:10ABE000F6F76EF9FFE70EB080BD00000000000030
:10ABF00080B58EB005A800902421F5F7B7FB009929
:10AC00000022019204920392029240F69400C2F252
:10AC1000004040F20043C4F20003036042608260DF
:10AC20004FF6FF73C36002618261012305930692B0
:10AC30000793089209920A920B930C920D92FDF7DA
:10AC400027FF18B1FFE7F6F73BF9FFE70020029076
:10AC5000049040F69400C2F2004002A9FDF710FDF6
:10AC600018B1FFE7F6F72CF9FFE70EB080BD000042
:10AC700080B590B0002101910F910E910D910C9132
:10AC80000B910A9109910891079106910591049100
:10AC90000391029140F6E000C2F2004040F600024B
:10ACA000C4F200020260416081604FF6FF72C26030
:10ACB00001618161FDF790FD18B1FFE7F6F700F93A
:10ACC000FFE74FF480500C9040F6E000C2F20040E5
:10ACD0000CA9FDF7F5FD18B1FFE7F6F7F1F8FFE76E
:10ACE00040F6E000C2F20040FEF7F2F818B1FFE7CC
:10ACF000F6F7E6F8FFE7002009900B9040F6E00039
:10AD0000C2F2004009A9FDF7BBFC18B1FFE7F6F756
:10AD1000D7F8FFE760200290002203920492069287
:10AD200040F6E000C2F2004002A9FDF7F9FF18B1B9
:10AD3000FFE7F6F7C5F8FFE740F6E000C2F2004093
:10AD400002A90422FDF7ECFF18B1FFE7F6F7B8F807
:10AD5000FFE740F6E000C2F2004002A90822FDF73A
:10AD6000DFFF18B1FFE7F6F7ABF8FFE740F6E000CA
:10AD7000C2F2004002A90C22FDF7D2FF18B1FFE792
:10AD8000F6F79EF8FFE740F6E000C2F20040FDF75C
:10AD900093FF10B080BD000080B582B040F6E8207F
:10ADA000C2F20040009044F60041C4F2000101608C
:10ADB0004FF4E1314160002101918160C160016186
:10ADC0000C2242618161C161016241628162FEF7D0
:10ADD000CFFD18B1FFE7F6F773F8FFE740F6E8207C
:10ADE000C2F200400021FEF75FF918B1FFE7F6F765
:10ADF00067F8FFE740F6E820C2F200400021FEF7C6
:10AE00000BF918B1FFE7F6F75BF8FFE740F6E8202B
:10AE1000C2F20040FEF7B4F818B1FFE7F6F750F8B9
:10AE2000FFE702B080BD000080B582B040F67C3004
:10AE3000C2F20040009045F20001C4F2000101603E
:10AE40004FF4E1314160002101918160C1600161F5
:10AE50000C2242618161C161016241628162FEF73F
:10AE600087FD18B1FFE7F6F72BF8FFE740F67C30D7
:10AE7000C2F200400021FEF717F918B1FFE7F6F71C
:10AE80001FF8FFE740F67C30C2F200400021FEF7D9
:10AE9000C3F818B1FFE7F6F713F8FFE740F67C3088
:10AEA000C2F20040FEF76CF818B1FFE7F6F708F8B9
:10AEB000FFE702B080BD000080B582B040F6A4403C
:10AEC000C2F20040009047F60001C4F200010160A8
:10AED0004FF4E1314160002101918160C160016165
:10AEE0000C2242618161C161016241628162FEF7AF
:10AEF0003FFD18B1FFE7F5F7E3FFFFE740F6A44099
:10AF0000C2F200400021FEF7CFF818B1FFE7F5F7D5
:10AF1000D7FFFFE740F6A440C2F200400021FEF751
:10AF20007BF818B1FFE7F5F7CBFFFFE740F6A44049
:10AF3000C2F20040FEF724F818B1FFE7F5F7C0FFB2
:10AF4000FFE702B080BD000080B582B040F6385007
:10AF5000C2F20040009047F60041C4F200010160D7
:10AF60004FF4E1314160002101918160C1600161D4
:10AF70000C2242618161C161016241628162FEF71E
:10AF8000F7FC18B1FFE7F5F79BFFFFE740F63850F5
:10AF9000C2F200400021FEF787F818B1FFE7F5F78D
:10AFA0008FFFFFE740F63850C2F200400021FEF765
:10AFB00033F818B1FFE7F5F783FFFFE740F63850A5
:10AFC000C2F20040FDF7DCFF18B1FFE7F5F778FFAC
:10AFD000FFE702B080BD000080B582B040F62C10C3
:10AFE000C2F20040009041F20001C4F20101016090
:10AFF0004FF4E1314160002101918160C160016144
:10B000000C2242618161C161016241628162FEF78D
:10B01000AFFC18B1FFE7F5F753FFFFE740F62C1040
:10B02000C2F200400021FEF73FF818B1FFE7F5F744
:10B0300047FFFFE740F62C10C2F200400021FDF769
:10B04000EBFF18B1FFE7F5F73BFFFFE740F62C10E9
:10B05000C2F20040FDF794FF18B1FFE7F5F730FFAB
:10B06000FFE702B080BD000080B582B040F6C0109E
:10B07000C2F20040009044F20041C4F200010160BD
:10B080004FF4E1314160002101918160C1600161B3
:10B090000C2242618161C161016241628162FEF7FD
:10B0A00067FC18B1FFE7F5F70BFFFFE740F6C010AC
:10B0B000C2F200400021FDF7F7FF18B1FFE7F5F7F6
:10B0C000FFFEFFE740F6C010C2F200400021FDF78E
:10B0D000A3FF18B1FFE7F5F7F3FEFFE740F6C01056
:10B0E000C2F20040FDF74CFF18B1FFE7F5F7E8FEAC
:10B0F000FFE702B080BD000080B582B040F654206A
:10B10000C2F20040009044F60001C4F20001016068
:10B110004FF4E1314160002101918160C160016122
:10B120000C2242618161C161016241628162FEF76C
:10B130001FFC18B1FFE7F5F7C3FEFFE740F6542008
:10B14000C2F200400021FDF7AFFF18B1FFE7F5F7AD
:10B15000B7FEFFE740F65420C2F200400021FDF7A1
:10B160005BFF18B1FFE7F5F7ABFEFFE740F65420B1
:10B17000C2F20040FDF704FF18B1FFE7F5F7A0FEAB
:10B18000FFE702B080BD000080B582B040F61040FD
:10B19000C2F20040009041F20041C4F2010101609E
:10B1A0004FF4E1314160002101918160C160016192
:10B1B0000C2242618161C161016241628162FEF7DC
:10B1C000D7FB18B1FFE7F5F77BFEFFE740F610402D
:10B1D000C2F200400021FDF767FF18B1FFE7F5F765
:10B1E0006FFEFFE740F61040C2F200400021FDF77D
:10B1F00013FF18B1FFE7F5F763FEFFE740F61040D5
:10B20000C2F20040FDF7BCFE18B1FFE7F5F758FEAB
:10B21000FFE702B080BD0000FFE7FEE7000000008E
:10B22000FFE7FEE70000000088B007900691059256
:10B23000079800F0070004900498C0F10700052863
:10B2400003D3FFE70420019004E00498C0F1070055
:10B250000190FFE70198039004980430062803D872
:10B26000FFE70020009003E0049803380090FFE718
:10B270000098029006980399012202FA01F101391F
:10B280000840029B984005999A40013A11400843B2
:10B2900008B0704700000000704700000000000088
:10B2A00080B586B00490039100208DF8070044F229
:10B2B0002840C5F60200006800F00300032804D10E
:10B2C000FFE701208DF81700CBE044F20041C5F6FE
:10B2D0000201086820F080600860F9F75DFD0290C7
:10B2E000FFE744F20040C5F60200006800F000618C
:10B2F0000020B0EBD16F0CD0FFE7F9F74DFD0299BC
:10B30000401A032804D3FFE703208DF81700A8E0B4
:10B31000E7E7FFE744F22841C5F60201086820F498
:10B320007C30049A126840EA023008600499486848
:10B33000D1F808C0CB680A6901386FF35F204FF677
:10B340000061CFF6FF7101EB4C2189B20844002166
:10B35000CFF6FF7101EB034101F4FE0108444FF009
:10B360007F4101EB026101F0FE41084444F23841A3
:10B37000C5F602010860FFE744F22C41C5F6020160
:10B380000091086820F0C000049A526910430860D8
:10B39000086820F02000049A926910430860086849
:10B3A00020F01000086044F23C42C5F6020210682A
:10B3B0004FF6F8739843049BDB6940EAC3001060C2
:10B3C000086840F010000860039848B9FFE744F2AD
:10B3D0002C41C5F60201086840F40020086016E020
:10B3E0000398012809D1FFE744F22C41C5F6020178
:10B3F000086840F48010086008E044F22C41C5F66B
:10B400000201086840F400100860FFE7FFE744F21B
:10B410000041C5F60201086840F080600860F9F755
:10B42000BBFC0290FFE744F20040C5F60200006852
:10B4300000F000610020B0EBD16F0CD1FFE7F9F70D
:10B44000ABFC0299401A032804D3FFE703208DF8D0
:10B45000170006E0E7E7FFE79DF807008DF8170003
:10B46000FFE79DF8170006B080BD00000000000057
:10B4700080B586B00490039100208DF8070044F257
:10B480002840C5F60200006800F00300032804D13C
:10B49000FFE701208DF81700CBE044F20041C5F62C
:10B4A0000201086820F080500860F9F775FC0290EE
:10B4B000FFE744F20040C5F60200006800F00051CA
:10B4C0000020B0EB517F0CD0FFE7F9F765FC029943
:10B4D000401A032804D3FFE703208DF81700A8E0E3
:10B4E000E7E7FFE744F22841C5F60201086820F0CB
:10B4F0007C70049A126840EA025008600499486817
:10B50000D1F808C0CB680A6901386FF35F204FF6A5
:10B510000061CFF6FF7101EB4C2189B20844002194
:10B52000CFF6FF7101EB034101F4FE0108444FF037
:10B530007F4101EB026101F0FE41084444F24041C9
:10B54000C5F602010860FFE744F22C41C5F602018E
:10B550000091086820F44060049A52691043086022
:10B56000086820F40070049A926910430860086823
:10B5700020F48070086044F24442C5F6020210686C
:10B580004FF6F8739843049BDB6940EAC3001060F0
:10B59000086840F480700860039848B9FFE744F2F7
:10B5A0002C41C5F60201086840F48000086016E0EE
:10B5B0000398012809D1FFE744F22C41C5F60201A6
:10B5C000086840F40000086008E044F22C41C5F629
:10B5D0000201086840F080700860FFE7FFE744F26E
:10B5E0000041C5F60201086840F080500860F9F794
:10B5F000D3FB0290FFE744F20040C5F6020000686A
:10B6000000F000510020B0EB517F0CD1FFE7F9F7BB
:10B61000C3FB0299401A032804D3FFE703208DF8E7
:10B62000170006E0E7E7FFE79DF807008DF8170031
:10B63000FFE79DF8170006B080BD00000000000085
:10B6400083B002900298C16B012000EB5110019071
:10B650000298C0680130009000980730C008009040
:10B6600000980199484303B07047000000000000B3
:10B67000704700000000000080B582B00090009884
:10B680000138B0F1807F03D3FFE70120019019E07A
:10B69000009801384EF21401CEF2000108604FF01C
:10B6A000FF300F2101F0F4FF4EF21801CEF200013D
:10B6B000002008604EF21002CEF200020721116055
:10B6C0000190FFE7019802B080BD0000000000007B
:10B6D00080B5F9F7BDFD80BD80B59EB00BA84C21AB
:10B6E000F4F744FE002001900A900990089007901A
:10B6F00006900590049003900220F9F7E9FEFFE719
:10B700000020029044F61800C5F60200016841F4DA
:10B7100040410160006800F44040029040F22C403B
:10B72000C5F60000016841F001010160006800F009
:10B73000010002900298FFE7FFE744F61800C5F603
:10B740000200006800F40050B0F5005F01D0FFE790
:10B75000F3E701200B904FF480300C9002201490FE
:10B7600015901690502117911890052119911A9053
:10B770000C201B9000201C901D900BA8FBF738FE9E
:10B7800018B1FFE7F5F79CFBFFE73F20039003208C
:10B790000490002005900820069040200790089013
:10B7A0004FF4806109910A9003A80421FBF7F8F98E
:10B7B00018B1FFE7F5F784FBFFE71EB080BD00007E
:10B7C00081B04EF68851CEF20001086840F4700056
:10B7D000086042F20000C5F20020006800F00F008F
:10B7E00006280AD8FFE742F20001C5F200210868E6
:10B7F000072262F303000860FFE744F20041C5F648
:10B800000201086840F00100086044F21042C5F6E9
:10B8100002020020106008684EF67F52CEF6F62233
:10B820001040086042F20000C5F20020006800F0FD
:10B830000F0008280AD3FFE742F20001C5F20021F9
:10B840000868072262F303000860FFE744F218412A
:10B85000C5F6020100200090086044F21C41C5F6C4
:10B860000201086044F22041C5F60201086044F27A
:10B870002842C5F6020240F20021C0F20221116006
:10B8800044F22C42C5F602020021C0F2FF11116001
:10B8900044F23042C5F6020240F28021C0F20111AA
:10B8A000116044F23442C5F60202106044F238429C
:10B8B000C5F60202116044F23C42C5F60202106075
:10B8C00044F24042C5F60202116044F24441C5F61A
:10B8D0000201086044F20042C5F60202116821F438
:10B8E0008021116044F26041C5F60201086041F216
:10B8F0000001C5F600410968B0EB517F07D1FFE7B1
:10B9000048F20811C5F2001101200860FFE744F277
:10B910000001C5F2002143F2D200086001B0704777
:10B9200083B0029001910298006800900298002173
:10B93000C4F20101884225D0FFE70298B0F1804FA0
:10B9400020D0FFE7029840F20041C4F20001884293
:10B9500018D0FFE7029840F60001C4F200018842C7
:10B9600010D0FFE7029840F60041C4F2000188427F
:10B9700008D0FFE7029840F20041C4F2010188427A
:10B980000AD1FFE7009820F070000090019841680C
:10B99000009808430090FFE702980021C4F20101DB
:10B9A00088423DD0FFE70298B0F1804F38D0FFE7E2
:10B9B000029840F20041C4F20001884230D0FFE713
:10B9C000029840F60001C4F20001884228D0FFE747
:10B9D000029840F60041C4F20001884220D0FFE7FF
:10B9E000029840F20041C4F20101884218D0FFE7FA
:10B9F000029844F20001C4F20101884210D0FFE72E
:10BA0000029844F20041C4F20101884208D0FFE7E5
:10BA1000029844F60001C4F2010188420AD1FFE70E
:10BA2000009820F4407000900198C1680098084385
:10BA30000090FFE7009820F08000019949690843D1
:10BA40000090019880680299C86201980068029984
:10BA5000886202980021C4F20101884220D0FFE7E9
:10BA6000029840F20041C4F20101884218D0FFE779
:10BA7000029844F20001C4F20101884210D0FFE7AD
:10BA8000029844F20041C4F20101884208D0FFE765
:10BA9000029844F60001C4F20101884205D1FFE793
:10BAA0000198006902990863FFE70299086840F06D
:10BAB000040008600299012048610098029908601A
:10BAC00003B070470000000085B00490039102921B
:10BAD0000193049880680090009820F47F400090C3
:10BAE00003980299019A41EA022101430098084310
:10BAF000009000980499886005B07047000000002D
:10BB000083B00290019102988068009000984FF6EF
:10BB10008F71CFF6CF7108400090019800990843CB
:10BB200040F00700009000980299886003B07047C9
:10BB300085B0049003910498006A01900499086A02
:10BB400020F0010008620498406800900498806921
:10BB5000029002984FF68F71CFF6FE710840029066
:10BB6000029820F0030002900398016802980843AD
:10BB70000290019820F002000190039881680198DA
:10BB80000843019004980021C4F20101884220D0AA
:10BB9000FFE7049840F20041C4F20101884218D046
:10BBA000FFE7049844F20001C4F20101884210D07A
:10BBB000FFE7049844F20041C4F20101884208D032
:10BBC000FFE7049844F60001C4F2010188420ED157
:10BBD000FFE7019820F0080001900398C1680198E0
:10BBE00008430190019820F004000190FFE70498B9
:10BBF0000021C4F20101884220D0FFE7049840F2FE
:10BC00000041C4F20101884218D0FFE7049844F2D1
:10BC10000001C4F20101884210D0FFE7049844F209
:10BC20000041C4F20101884208D0FFE7049844F6BD
:10BC30000001C4F20101884213D1FFE7009820F40B
:10BC400080700090009820F4007000900398416983
:10BC50000098084300900398816900980843009079
:10BC6000FFE7009804994860029804998861039856
:10BC700040680499486301980499086205B07047C8
:10BC800085B0049003910498006A01900499086AB1
:10BC900020F01000086204984068009004988069C1
:10BCA0000290029848F6FF71CFF6FF6108400290BB
:10BCB000029820F44070029003980168029840EACC
:10BCC00001200290019820F02000019003988168E3
:10BCD000019840EA0110019004980021C4F201018A
:10BCE000884229D0FFE7049840F20041C4F20101E4
:10BCF000884221D0FFE7049844F20001C4F2010118
:10BD0000884203D1FFE70020B0B9FFE7049844F26E
:10BD10000041C4F20101884203D1FFE7002058B975
:10BD2000FFE7049844F60001C4F20101884212D1F1
:10BD3000FFE7012078B9FFE7019820F0800001902B
:10BD40000398C168019840EA01100190019820F021
:10BD500040000190FFE704980021C4F201018842ED
:10BD600020D0FFE7049840F20041C4F2010188426C
:10BD700018D0FFE7049844F20001C4F201018842A0
:10BD800010D0FFE7049844F20041C4F20101884258
:10BD900008D0FFE7049844F60001C4F2010188428C
:10BDA00015D1FFE7009820F480600090009820F4FF
:10BDB0000060009003984169009840EA810000907B
:10BDC00003988169009840EA81000090FFE700989D
:10BDD000049948600298049988610398406804991E
:10BDE000886301980499086205B07047000000005C
:10BDF00085B0049003910498006A01900499086A40
:10BE000020F4807008620498406800900498C0692B
:10BE1000029002984FF68F71CFF6FE7108400290A3
:10BE2000029820F0030002900398016802980843EA
:10BE30000290019820F400700190039881680198A5
:10BE400040EA0120019004980021C4F201018842D7
:10BE500029D0FFE7049840F20041C4F20101884272
:10BE600021D0FFE7049844F20001C4F201018842A6
:10BE700003D1FFE70020B0B9FFE7049844F2004186
:10BE8000C4F20101884203D1FFE7002058B9FFE75F
:10BE9000049844F60001C4F20101884212D1FFE780
:10BEA000012078B9FFE7019820F400600190039821
:10BEB000C168019840EA01200190019820F4806057
:10BEC0000190FFE704980021C4F20101884220D0CC
:10BED000FFE7049840F20041C4F20101884218D003
:10BEE000FFE7049844F20001C4F20101884210D037
:10BEF000FFE7049844F20041C4F20101884208D0EF
:10BF0000FFE7049844F60001C4F20101884215D10C
:10BF1000FFE7009820F480500090009820F4005033
:10BF2000009003984169009840EA0110009003983E
:10BF30008169009840EA01100090FFE70098049999
:10BF4000486002980499C861039840680499C863DE
:10BF500001980499086205B07047000000000000D5
:10BF600085B0049003910498006A01900499086ACE
:10BF700020F4805008620498406800900498C069DA
:10BF80000290029848F6FF71CFF6FF6108400290D8
:10BF9000029820F44070029003980168029840EAE9
:10BFA00001200290019820F40050019003988168CC
:10BFB000019840EA0130019004980021C4F2010187
:10BFC000884220D0FFE7049840F20041C4F201010A
:10BFD000884218D0FFE7049844F20001C4F201013E
:10BFE000884210D0FFE7049844F20041C4F20101F6
:10BFF000884208D0FFE7049844F60001C4F201012A
:10C0000088420BD1FFE7009820F48040009003980D
:10C010004169009840EA81100090FFE70098049978
:10C02000486002980499C8610398406804990864BC
:10C0300001980499086205B07047000000000000F4
:10C0400085B0049003910498006A01900499086AED
:10C0500020F4803008620498406800900498406D95
:10C06000029002984FF68F71CFF6FE710840029051
:10C0700003980168029808430290019820F4003068
:10C08000019003988168019840EA0140019004986A
:10C090000021C4F20101884220D0FFE7049840F259
:10C0A0000041C4F20101884218D0FFE7049844F22D
:10C0B0000001C4F20101884210D0FFE7049844F265
:10C0C0000041C4F20101884208D0FFE7049844F619
:10C0D0000001C4F2010188420BD1FFE7009820F46F
:10C0E0008030009003984169009840EA0120009058
:10C0F000FFE70098049948600298049948650398FE
:10C1000040680499886501980499086205B07047F1
:10C1100085B0049003910498006A01900499086A1C
:10C1200020F4801008620498406800900498406DE4
:10C130000290029848F6FF71CFF6FF610840029026
:10C1400003980168029840EA01200290019820F4C7
:10C150000010019003988168019840EA0150019015
:10C1600004980021C4F20101884220D0FFE704981E
:10C1700040F20041C4F20101884218D0FFE7049860
:10C1800044F20001C4F20101884210D0FFE7049894
:10C1900044F20041C4F20101884208D0FFE704984C
:10C1A00044F60001C4F2010188420BD1FFE7009878
:10C1B00020F48020009003984169009840EA812093
:10C1C0000090FFE700980499486002980499486538
:10C1D000039840680499C86501980499086205B0FD
:10C1E000704700000000000085B0049003910292A7
:10C1F0000498006A00900499086A20F0010008621F
:10C20000049880690190019820F0F0000190029953
:10C21000019840EA01100190009820F00A00009077
:10C220000399009808430090019804998861009848
:10C230000499086205B0704785B00490039102929A
:10C240000498006A00900499086A20F010000862BF
:10C25000049880690190019820F47040019002993F
:10C26000019840EA01300190009820F0A000009071
:10C270000399009840EA01100090019804998861A0
:10C2800000980499086205B07047000000000000A3
:10C2900082B001900198406E40B9FFE701990120FA
:10C2A000A1F86A000199A1F8680032E010208DF829
:10C2B00003008DF80200019800688068C0F34260B6
:10C2C0008DF80100019800688068400F8DF800002B
:10C2D0009DF802009DF800204DF65803C0F60003BB
:10C2E000995C48434DF65001C0F600018A5CB0FBF2
:10C2F000F2F0019AA2F86A009DF803009DF801206F
:10C300009B5C5843895CB0FBF1F00199A1F868008F
:10C31000FFE702B07047000081B00090009890F8ED
:10C320002800000700280BD5FFE700980068406848
:10C3300020F40040009A1168926B10434860FFE7B8
:10C34000009890F82800C00758B1FFE700980068EF
:10C35000406820F40030009A1168D26A10434860A7
:10C36000FFE7009890F82800800700280BD5FFE72A
:10C3700000980068406820F48030009A1168126BC1
:10C3800010434860FFE7009890F828004007002815
:10C390000BD5FFE700980068406820F48020009AE1
:10C3A0001168526B10434860FFE7009890F828002E
:10C3B000C00600280BD5FFE700980068806820F4CD
:10C3C0008050009A1168D26B10438860FFE7009894
:10C3D00090F82800800600280BD5FFE70098006839
:10C3E000806820F40050009A1168126C1043886035
:10C3F000FFE7009890F82800400600281CD5FFE7CA
:10C4000000980068406820F48010009A1168526C0F
:10C41000104348600098406CB0F5801F0BD1FFE7D7
:10C4200000980068406820F4C000009A1168926C7F
:10C4300010434860FFE7FFE7009890F828000006E7
:10C4400000280BD5FFE700980068406820F4002022
:10C45000009A1168D26C10434860FFE701B0704742
:10C4600080B588B0069006990020C1F89000F8F7D2
:10C4700093FC0590069800680068000700282FD5F7
:10C48000FFE70698059B6A466FF07E4111604FF406
:10C490000011002200F040FF08B3FFE7FFE7FFE7CD
:10C4A0000698006850E8000F20F080000490FFE735
:10C4B00004990698026842E800100028F0D1FFE7CE
:10C4C000FFE706992020C1F88800FFE706990020C1
:10C4D00081F88400FFE703208DF81F005FE0FFE78D
:10C4E0000698006800684007002842D5FFE70698D4
:10C4F000059B6A466FF07E4111604FF48001002277
:10C5000000F00AFFA0B3FFE7FFE7FFE70698006827
:10C5100050E8000F20F490700390FFE7039906980D
:10C52000026842E800100028F0D1FFE7FFE7FFE7CC
:10C53000FFE70698006850E8020F20F00100029023
:10C54000FFE702990698026842E802100028F0D13D
:10C55000FFE7FFE706992020C1F88C00FFE7069966
:10C56000002081F88400FFE703208DF81F0016E00B
:10C57000FFE706992020C1F888000699C1F88C00D1
:10C5800006990020C86606990867FFE7069900200B
:10C5900081F88400FFE700208DF81F00FFE79DF879
:10C5A0001F0008B080BD000080B582B001900198E6
:10C5B000806B009000990020A1F85E000098FCF7C5
:10C5C00053FE02B080BD000080B584B00390039894
:10C5D000806B02900298D0F8880001900298D0F801
:10C5E0008C000090029800688068000600280CD536
:10C5F000FFE70198212808D1FFE702990020A1F860
:10C600005600029800F02CF9FFE702980068806855
:10C61000400600280CD5FFE70098222808D1FFE744
:10C6200002990020A1F85E00029800F0A5F8FFE74B
:10C630000299D1F8900040F01000C1F890000298E3
:10C64000FCF712FE04B080BD80B586B00590059859
:10C65000806B04900598C069B0F5807F5BD0FFE7E0
:10C6600004990020A1F85E00FFE7FFE70498006846
:10C6700050E8000F20F480700390FFE703990498BE
:10C68000026842E800100028F0D1FFE7FFE7FFE76B
:10C69000FFE70498006850E8020F20F001000290C4
:10C6A000FFE702990498026842E802100028F0D1DE
:10C6B000FFE7FFE7FFE7FFE70498006850E8020F95
:10C6C00020F040000190FFE701990498026842E8D9
:10C6D00002100028F0D1FFE7FFE704992020C1F8FD
:10C6E0008C000498C06E012814D1FFE7FFE7FFE734
:10C6F0000498006850E8000F20F010000090FFE759
:10C7000000990498026842E800100028F0D1FFE781
:10C71000FFE7FFE7FFE70499002008670498C06E71
:10C72000012806D1FFE70498B0F85C10FCF768FC1C
:10C7300003E00498FDF774FDFFE706B080BD00003C
:10C7400080B582B001900198806B00900099012023
:10C7500008670098C06E012807D1FFE70098B0F87D
:10C760005C104908FCF74CFC03E00098FDF75CFD09
:10C77000FFE702B080BD000084B00390FFE7FFE751
:10C780000398006850E8000F20F490700290FFE7D3
:10C7900002990398026842E800100028F0D1FFE7F0
:10C7A000FFE7FFE7FFE70398006850E8020F4FF646
:10C7B000FE71CEF6FF7108400190FFE701990398E2
:10C7C000026842E802100028EDD1FFE7FFE7039876
:10C7D000C06E012814D1FFE7FFE7FFE70398006868
:10C7E00050E8000F20F010000090FFE70099039838
:10C7F000026842E800100028F0D1FFE7FFE7FFE7FA
:10C8000003992020C1F88C0003990020C866039981
:10C81000486704B07047000080B582B00190FFE720
:10C82000FFE70198006850E8000F20F040000090FA
:10C83000FFE700990198026842E800100028F0D153
:10C84000FFE7FFE701992020C1F888000199002047
:10C8500088670198FDF788FD02B080BD00000000E8
:10C8600083B00290FFE7FFE70298006850E8000FEE
:10C8700020F0C0000190FFE701990298026842E8A9
:10C8800000100028F0D1FFE7FFE7FFE7FFE702987D
:10C89000006850E8020F20F400000090FFE70099C4
:10C8A0000298026842E802100028F0D1FFE7FFE793
:10C8B00002992020C1F8880003B0704700000000F2
:10C8C00080B59CB01B9000208DF85F001B9800681D
:10C8D00040F60041C5F60001884201D1FFE700E0C3
:10C8E000FFE71B9988680B694A69C96918431043B7
:10C8F00008431A901B980068006846F6F311CCF6BE
:10C90000FF7108401A9908431B99096808601B9831
:10C910000068406820F440501B9A1168D2681043A8
:10C9200048601B9880691A901B98006840F6004187
:10C93000C5F60001884206D0FFE71B98016A1A98E5
:10C9400008431A90FFE71B98006880684FF2FF4188
:10C95000C1F2FF1108401A9908431B9909688860C1
:10C960001B980068C06A20F00F001B9A1168526A79
:10C970001043C862FFE71B98006841F20001C4F24F
:10C980000101884240F04180FFE744F25440C5F67F
:10C990000200006800F0380001460E9128282FD8C8
:10C9A0000E99DFE801F0152D2D2D2D2D2D2D192D92
:10C9B0002D2D2D2D2D2D1D2D2D2D2D2D2D2D212DC3
:10C9C0002D2D2D2D2D2D252D2D2D2D2D2D2D2900D0
:10C9D00001208DF8650017E004208DF8650013E054
:10C9E00008208DF865000FE010208DF865000BE041
:10C9F00020208DF8650007E040208DF8650003E0F9
:10CA000080208DF86500FFE7D6E11B98006844F2AE
:10CA10000041C4F2000188422ED1FFE744F25440A5
:10CA2000C5F60200006800F0070001460D910528D8
:10CA30001DD80D99DFE801F003070B0F1317002035
:10CA40008DF8650017E004208DF8650013E00820DC
:10CA50008DF865000FE010208DF865000BE02020B8
:10CA60008DF8650007E040208DF8650003E0802028
:10CA70008DF86500FFE79EE11B98006844F6000111
:10CA8000C4F2000188422ED1FFE744F25440C5F6BB
:10CA90000200006800F0070001460C9105281DD82F
:10CAA0000C99DFE801F003070B0F131700208DF836
:10CAB000650017E004208DF8650013E008208DF86C
:10CAC00065000FE010208DF865000BE020208DF848
:10CAD000650007E040208DF8650003E080208DF8B8
:10CAE0006500FFE766E11B98006844F60041C4F268
:10CAF000000188422ED1FFE744F25440C5F60200FF
:10CB0000006800F0070001460B9105281DD80B991D
:10CB1000DFE801F003070B0F131700208DF8650005
:10CB200017E004208DF8650013E008208DF86500FB
:10CB30000FE010208DF865000BE020208DF86500D7
:10CB400007E040208DF8650003E080208DF8650047
:10CB5000FFE72EE11B98006845F20001C4F20001D6
:10CB600088422ED1FFE744F25440C5F60200006827
:10CB700000F0070001460A9105281DD80A99DFE850
:10CB800001F003070B0F131700208DF8650017E065
:10CB900004208DF8650013E008208DF865000FE093
:10CBA00010208DF865000BE020208DF8650007E06F
:10CBB00040208DF8650003E080208DF86500FFE7D8
:10CBC000F6E01B98006841F20041C4F2010188427E
:10CBD00040F04180FFE744F25440C5F6020000688F
:10CBE00000F038000146099128282FD80999DFE87C
:10CBF00001F0152D2D2D2D2D2D2D192D2D2D2D2DFA
:10CC00002D2D1D2D2D2D2D2D2D2D212D2D2D2D2D70
:10CC10002D2D252D2D2D2D2D2D2D290001208DF88B
:10CC2000650017E004208DF8650013E008208DF8FA
:10CC300065000FE010208DF865000BE020208DF8D6
:10CC4000650007E040208DF8650003E080208DF846
:10CC50006500FFE7ABE01B98006847F60001C4F2EF
:10CC6000000188422ED1FFE744F25440C5F602008D
:10CC7000006800F007000146089105281DD80899B2
:10CC8000DFE801F003070B0F131700208DF8650094
:10CC900017E004208DF8650013E008208DF865008A
:10CCA0000FE010208DF865000BE020208DF8650066
:10CCB00007E040208DF8650003E080208DF86500D6
:10CCC000FFE773E01B98006847F60041C4F20001DB
:10CCD00088422ED1FFE744F25440C5F602000068B6
:10CCE00000F007000146079105281DD80799DFE8E5
:10CCF00001F003070B0F131700208DF8650017E0F4
:10CD000004208DF8650013E008208DF865000FE021
:10CD100010208DF865000BE020208DF8650007E0FD
:10CD200040208DF8650003E080208DF86500FFE766
:10CD30003BE01B98006840F60041C5F600018842C0
:10CD40002ED1FFE744F25840C5F60200006800F01B
:10CD500007000146069105281DD80699DFE801F075
:10CD600003070B0F131702208DF8650017E004204E
:10CD70008DF8650013E008208DF865000FE01020A5
:10CD80008DF865000BE020208DF8650007E040205D
:10CD90008DF8650003E080208DF86500FFE703E073
:10CDA00080208DF86500FFE7FFE7FFE7FFE7FFE77B
:10CDB000FFE7FFE7FFE7FFE7FFE71B98006840F6A4
:10CDC0000041C5F60001884240F0B480FFE79DF8BD
:10CDD000650001460591022814D0FFE70598042854
:10CDE00014D0FFE70598082816D0FFE7059810280B
:10CDF00018D0FFE70598202835D0FFE70598402890
:10CE000037D03AE0F8F7B8FB0F903CE013A8F8F7FA
:10CE1000C7FB14980F9036E010A8F8F719FD119889
:10CE20000F9030E044F20040C5F60200006800F0C8
:10CE300020010020B0EB511F0ED0FFE744F200406C
:10CE4000C5F602000068C0F3C10149F20000C0F25B
:10CE5000D030C8400F9005E049F20000C0F2D03059
:10CE60000F90FFE70FE040F60010C0F23D000F907A
:10CE700009E04FF400400F9005E000200F900120E2
:10CE80008DF85F00FFE70F98002852D0FFE70F985A
:10CE90001B994A6A4DF66001C0F6000131F8121084
:10CEA000B0FBF1F0169016981B99496801EB41010F
:10CEB000884207D3FFE716981B994968B0EB013FFA
:10CEC00004D9FFE701208DF85F0031E00F981B992E
:10CED0004A6803924A6A4DF66001C0F6000131F8D3
:10CEE0001220002304931946F3F7F6F9039A049BE2
:10CEF000090241EA1061000210EB520041F1000109
:10CF0000F3F7EAF918901898B0F5407F0BD3FFE7D4
:10CF100018990020B0EB115F05D1FFE718981B9915
:10CF20000968C86003E001208DF85F00FFE7FFE7B4
:10CF3000FFE746E11B98C069B0F5004F40F0A880BC
:10CF4000FFE79DF8650001460291402800F26380EA
:10CF50000299DFE801F021256060296060602F60A0
:10CF600060606060606035606060606060606060EC
:10CF700060606060606056606060606060606060BB
:10CF800060606060606060606060606060606060A1
:10CF90006060606060605C00FAF77AF80F9040E0D3
:10CFA000FAF78AF80F903CE013A8F8F7F9FA14980A
:10CFB0000F9036E010A8F8F74BFC11980F9030E076
:10CFC00044F20040C5F60200006800F02001002095
:10CFD000B0EB511F0ED0FFE744F20040C5F602004F
:10CFE0000068C0F3C10149F20000C0F2D030C8406F
:10CFF0000F9005E049F20000C0F2D0300F90FFE73B
:10D000000FE040F60010C0F23D000F9009E04FF431
:10D0100000400F9005E000200F9001208DF85F0088
:10D02000FFE70F9898B3FFE70F981B9A5168536A70
:10D030004DF66002C0F6000232F81320B0FBF2F0A9
:10D04000400000EB5100B0FBF1F018901898102848
:10D0500018D3FFE7BDF86200A0B9FFE7189820F0E9
:10D060000F00ADF86600189800F00E01BDF86600DC
:10D0700040EA5100ADF86600BDF866001B990968EA
:10D08000C86003E001208DF85F00FFE7FFE797E04D
:10D090009DF8650001460191402800F263800199E6
:10D0A000DFE801F021256060296060602F6060602A
:10D0B000606060603560606060606060606060609B
:10D0C000606060605660606060606060606060606A
:10D0D0006060606060606060606060606060606050
:10D0E000606060605C00F9F7D3FF0F9040E0F9F7F3
:10D0F000E3FF0F903CE013A8F8F752FA14980F9052
:10D1000036E010A8F8F7A4FB11980F9030E044F235
:10D110000040C5F60200006800F020010020B0EBDE
:10D12000511F0ED0FFE744F20040C5F60200006830
:10D13000C0F3C10149F20000C0F2D030C8400F90E6
:10D1400005E049F20000C0F2D0300F90FFE70FE099
:10D1500040F60010C0F23D000F9009E04FF400408F
:10D160000F9005E000200F9001208DF85F00FFE791
:10D170000F9820B3FFE70F981B9A5168536A4DF63A
:10D180006002C0F6000232F81320B0FBF2F000EBB0
:10D190005100B0FBF1F01890189810280AD3FFE75F
:10D1A000BDF8620030B9FFE7BDF860001B9909685F
:10D1B000C86003E001208DF85F00FFE7FFE7FFE7AD
:10D1C000FFE71B990120A1F86A001B99A1F86800EC
:10D1D0001B99002048671B9988679DF85F001CB069
:10D1E00080BD00000000000080B588B00690059169
:10D1F000ADF81220059806998865BDF812000699C9
:10D20000A1F85C0006990020C1F890000699222040
:10D21000C1F88C000698D0F88000B0B3FFE70698FC
:10D22000D0F880104CF24960C0F60000C863069840
:10D23000D0F880104CF24170C0F6000008640698E7
:10D24000D0F880104CF2C950C0F60000C8640698AF
:10D25000D0F880100020086506980168826DD0F82B
:10D2600080002431BDF81230F6F75AFD60B1FFE7B7
:10D2700006991020C1F8900006992020C1F88C0072
:10D2800001208DF81F0042E0FFE706980069A0B179
:10D29000FFE7FFE7FFE70698006850E8000F40F45B
:10D2A00080700390FFE703990698026842E8001037
:10D2B0000028F0D1FFE7FFE7FFE7FFE7FFE7069869
:10D2C000006850E8020F40F001000290FFE7029969
:10D2D0000698026842E802100028F0D1FFE7FFE755
:10D2E000FFE7FFE70698006850E8020F40F04000B3
:10D2F0000190FFE701990698026842E802100028B1
:10D30000F0D1FFE7FFE700208DF81F00FFE79DF851
:10D310001F0008B080BD000080B586B0DDF820C0D9
:10D32000049003918DF80B200193FFE704980068A7
:10D33000C06903990840401AB0FA80F040099DF88E
:10D340000B10884266D1FFE708980130002860D0B2
:10D35000FFE7F7F721FD0199401A0899884203D8A1
:10D36000FFE7089820B9FFE703208DF8170055E084
:10D370000498006800684007002849D5FFE7039833
:10D38000802845D0FFE70398402841D0FFE7049864
:10D390000068C06900F008010120B0EBD10F16D180
:10D3A000FFE7049801680820009008620498FFF7DE
:10D3B000E3F900980499C1F89000FFE70499002070
:10D3C00081F88400FFE701208DF8170026E004981B
:10D3D0000068C06900F400610120B0EBD12F16D1C4
:10D3E000FFE7049801684FF4006008620498FFF7B3
:10D3F000C3F904992020C1F89000FFE704990020A8
:10D4000081F88400FFE703208DF8170006E0FFE7AE
:10D41000FFE78BE700208DF81700FFE79DF8170066
:10D4200006B080BD0000000080B582B040F62C1030
:10D43000C2F200400068C06900F010010020B0EBAB
:10D44000111F00F0F180FFE740F62C10C2F20040FF
:10D45000026810211162FBF777FE40F21400C2F25D
:10D46000004000681021C4F20201884200F0B2803E
:10D47000FFE740F21400C2F2004000682821C4F225
:10D480000201884200F0A680FFE740F21400C2F2D9
:10D49000004000684021C4F20201884200F09A80F6
:10D4A000FFE740F21400C2F2004000685821C4F2C5
:10D4B0000201884200F08E80FFE740F21400C2F2C1
:10D4C000004000687021C4F20201884200F08280AE
:10D4D000FFE740F21400C2F2004000688821C4F265
:10D4E0000201884276D0FFE740F21400C2F2004009
:10D4F0000068A021C4F2020188426BD0FFE740F22D
:10D500001400C2F200400068B821C4F2020188424F
:10D5100060D0FFE740F21400C2F20040006840F221
:10D520001041C4F20201884254D0FFE740F21400D7
:10D53000C2F20040006840F22841C4F20201884271
:10D5400048D0FFE740F21400C2F20040006840F209
:10D550004041C4F2020188423CD0FFE740F214008F
:10D56000C2F20040006840F25841C4F20201884211
:10D5700030D0FFE740F21400C2F20040006840F2F1
:10D580007041C4F20201884224D0FFE740F2140047
:10D59000C2F20040006840F28841C4F202018842B1
:10D5A00018D0FFE740F21400C2F20040006840F2D9
:10D5B000A041C4F2020188420CD0FFE740F21400FF
:10D5C000C2F20040006840F2B841C4F20201884251
:10D5D00008D1FFE740F21400C2F200400068406842
:10D5E000019007E040F21400C2F200400068406879
:10D5F0000190FFE70198C0F1FF0040F6CB61C2F255
:10D600000041087040F6CC61C2F200410120087070
:10D6100040F62C10C2F2004040F6CC51C2F200415C
:10D62000FF22FCF7ADFDFFE740F62C10C2F20040F0
:10D63000FBF71EFE02B080BD80B540F61040C2F27E
:10D640000040FBF715FE80BDFFE7FEE7000000008D
:10D6500081B0ADF80200BDF9020000280ED4FFE74A
:10D66000BDF9021001F01F02012090404A094EF25C
:10D670000011CEF2000141F82200FFE701B070472F
:10D680004EF60C50CEF200000068C0F30220704746
:10D6900082B0ADF806000091BDF9060000280AD45A
:10D6A000FFE700980001BDF906104EF20042CEF2ED
:10D6B000000288540BE000980001BDF8061001F04C
:10D6C0000F014EF61452CEF200028854FFE702B06A
:10D6D000704700000000000083B00290029800F044
:10D6E000070000904EF60C51CEF200010868019040
:10D6F00001984FF6FF02104001900198009A40EA0D
:10D7000002200022C0F2FA521043019001980860F2
:10D7100003B070470000000080B582B00020019087
:10D72000FCF72AFEF7F7A4FDFDF7D6FFFCF708FF8C
:10D73000FCF74EFEFCF794FEFCF7CAFEFCF78CFFEC
:10D74000FCF7C6FFFDF700F8FDF73AF8FDF7C0F863
:10D75000FDF7F6F8FDF72CF9FDF762F9FDF798F9FA
:10D76000FDF7CEF9FDF718FBFDF75EFBFDF7A4FB17
:10D77000FDF7EAFBFDF730FCFDF776FCFDF7BCFC9E
:10D78000FDF702FDFDF758F8FDF7F2F9FDF730FA65
:10D79000FDF76EFA40F62C10C2F2004000900268CD
:10D7A000102111620268116841F01001116040F609
:10D7B000CC51C2F20041FF22FCF7E2FC00980C21A0
:10D7C00004224FF0FF33FCF733FDFFE7FEE702E0F2
:10D7D00008C8121F08C1002AFAD1704770470020FC
:10D7E00001E001C1121F002AFBD1704700000000B8
:10D7F0000000000000000000000000000000000029
:10D80000010000000200000003000000040000000E
:10D810000000000005000000000000000000000003
:10D8200000000000060000000000000000000000F2
:10D8300000000000070000000000000000000000E1
:10D840000102030406070809000610160006101658
:10D85000080402040801010101010103070100009D
:10D86000010002000400060008000A000C0010007D
:10D87000200040008000000198D80008000000242B
:10D8800010000000CED70008A8D80008100000241F
:10D89000C8120000DED700080090D0030090D0032B
:08D8A00001000000100000006F
:040000050800029954
:00000001FF
