:020000040800F2
:10000000C866002055020008114B0008F53B0008A7
:10001000014B0008F90500087962000800000000A3
:10002000000000000000000000000000E150000897
:10003000290D000800000000D14C0008895200087A
:100040006F0200086F0200086F0200086F020008CC
:100050006F0200086F0200086F0200086F020008BC
:100060006F0200086F0200086F0200086F020008AC
:100070006F0200086F0200086F0200086F0200089C
:100080006F0200086F0200086F0200086F0200088C
:100090006F0200086F0200086F0200086F0200087C
:1000A0006F0200086F0200086F0200086F0200086C
:1000B0006F0200086F0200086F0200086F0200085C
:1000C0006F0200086F0200086F0200086F0200084C
:1000D0006F0200086F0200086F0200086F0200083C
:1000E0006F0200086F0200086F0200086F0200082C
:1000F0006F0200086F0200086F0200086F0200081C
:100100006F0200086F0200086F0200086F0200080B
:100110006F0200086F0200086F0200086F020008FB
:100120006F0200086F0200086F0200086F020008EB
:100130006F0200086F0200086F0200086F020008DB
:100140006F0200086F0200086F0200086F020008CB
:100150006F0200086F0200086F0200086F020008BB
:100160006F0200086F0200086F0200086F020008AB
:100170006F0200086F0200086F0200080000000014
:100180006F0200086F02000800F002F800F052F859
:1001900014A696E8000CB244B344DA4501D100F04D
:1001A00049F8BAE80F000FA696E83000A5EB040561
:1001B00004EB0607AAEB0704A7F101074FEA1515A0
:1001C0004FEA3414A4F10104AC4201D300F032F838
:1001D00013F0010F18BFFB1A43F0010300F001F800
:1001E000DBE718476C8C00008C8C0000103A24BFB1
:1001F00078C878C1FAD8520724BF30C830C144BF8C
:1002000004680C6070470000704700000023002461
:1002100000250026103A28BF78C1FBD8520728BF16
:1002200030C148BF0B6070471FB508F0B6FD1FBD59
:1002300010B510BD00F0E5F81146FFF7F5FF06F028
:10024000FFF800F003F903B4FFF7F2FF03BC00F07E
:1002500007F900000948804709480047FEE7FEE724
:10026000FEE7FEE7FEE7FEE7FEE7FEE7FEE7FEE766
:1002700004480549054A064B704700005D530008D5
:1002800089010008C84E0020C8660020C85E002012
:10029000C85E002053EA020C00F069802DE9F04BA3
:1002A0004FF00006002B1FBFB3FA83F503FA05F4E5
:1002B00024FA05F65E4012BF1643B2FA82F502FA3E
:1002C00005F4C5F120051EBF22FA05FC44EA0C0422
:1002D000203556EA044C4FEA144418BF641C4FF012
:1002E00000084FF00009904271EB030C39D300294C
:1002F00019BFB1FA81F701FA07F6B0FA80F700FAF0
:1003000007F6C7F120071EBF20FA07FC46EA0C06D5
:100310002037B6FBF4FCA7EB0507103F07F01F0BD7
:10032000CBF120062CFA06F60CFA0BFB44BFB346C1
:100330000026202FA4BF5E464FF0000B5BEA060CA0
:1003400008BF4FF0010B19EB0B0948EB0608ABFB9C
:10035000027C06FB02CC0BFB03CCC01B71EB0C0137
:10036000C1E70B46024641464846BDE8F08B13B54F
:10037000084318BF4FF0FF300146AFF30080BDE8DF
:100380001C4070474FF0000200B513469446964655
:10039000203922BFA0E80C50A0E80C50B1F1200198
:1003A000BFF4F7AF090728BFA0E80C5048BF0CC046
:1003B0005DF804EB890028BF40F8042B08BF7047A4
:1003C00048BF20F8022B11F0804F18BF00F8012B16
:1003D000704770477047704710B500F00DF800681F
:1003E00010BD10B5044600F007F8046010BD000011
:1003F000004870472000002000487047200000207F
:1004000070477546FFF7F4FFAE4605006946534650
:1004100020F00700854618B020B5FFF729FFBDE89A
:1004200020404FF000064FF000074FF000084FF05B
:10043000000BAC46ACE8C009ACE8C009ACE8C009A8
:10044000ACE8C00921F007018D46704710B504469D
:10045000AFF300802046BDE81040FFF7F4BE000077
:1004600001491820ABBEFEE72600020082B00190D1
:1004700042F20030C4F2010000900099486820F474
:1004800040304860019842680099486810434860CD
:1004900001980168486820F48070486001980168FC
:1004A0000269486840EA022048600198016848688B
:1004B00020F04070486001980168826848681043E5
:1004C000486001980168886820F40060886001989D
:1004D0000168C2688868104388600198806A0121B9
:1004E000C0F60071884219D0FFE70198016888685A
:1004F00020F07060886001980168826A8868104303
:10050000886001980168886820F0405088600198F0
:100510000168C26A8868104388600CE0019801682D
:10052000886820F07060886001980168886820F011
:1005300040508860FFE701980168886820F0020059
:1005400088600198027E0168886840EA42008860FD
:10055000019890F82000C8B1FFE701980168486849
:1005600040F40060486001980168486820F46040E9
:10057000486001980168426A4EF20000CFF6FF70B1
:1005800000EB423248681043486006E00198016879
:10059000486820F400604860FFE701980168C86A75
:1005A00020F47000C86201980168C2690020CFF68B
:1005B000F07000EB0252C86A1043C86201980168EB
:1005C000886820F400708860019890F830200168F5
:1005D000886840EA4220886001980168886820F4B1
:1005E00080608860019801684269886840EA8220DA
:1005F000886002B070470000FFE7FEE780B58EB06C
:100600000D900C910B9200200A90FFE70A980328A6
:100610000CDCFFE70C980A9A50F822000D9941F87B
:100620002200FFE70A9801300A90EFE70B980D9936
:10063000C1F884010D980123019380F830300D99A1
:1006400040F62920C0F60000C1F888010D9946F255
:100650007D20C0F60000C1F88C0109930893079330
:100660000D983430099A032104919FED230A8DEDF2
:10067000050ADFED220ACDED020A9FED211A8DED6C
:10068000031A04F0F7FA019BDDED020A9DED031A4F
:1006900004999DED050A0D98A430089A04F0EAFA31
:1006A00004999DED050A0D9800F58A70079A0223BA
:1006B000DFED140A9FED141A04F0DCFA0D983130C6
:1006C00004F020FD00200690FFE70698032810DCC8
:1006D000FFE70D98069900EB8101002008610D9954
:1006E000069A01EB82010862FFE706980130069046
:1006F000EBE70EB080BD00BFCDCC4C3ECDCCCCBE28
:10070000CDCCCC3E9A9919BF9A99193F80B582B049
:100710000190ADF80210019901F12000D1F8842177
:1007200002F1240103F000FBBDF802000199D1F8A9
:10073000842102F124010C3203F05EFA0198D0F812
:1007400084110C3100F0ECF80198D0F884110C31D0
:1007500000F03AF80198D0F8882100F11001904794
:1007600002B080BD80B584B00390029101928DF8F3
:1007700003300398D0F88411029B18685A689B686C
:100780000B62CA6188610398D0F88411019B1868D4
:100790005A689B684B640A64C8639DF80300C007ED
:1007A00030B1FFE70398D0F8840103F0B1FAFFE716
:1007B0000399002081F830000398313004F0BAFC2E
:1007C0000398313004B080BD80B58AB0099008919B
:1007D000099890F83000002840F09C80FFE70998C5
:1007E000313004F097FC002840F09380FFE709982F
:1007F000D0F88401183007900998D0F884013C3073
:100800000690089890ED000A079890ED001A30EED7
:10081000410A10EE100A08F025FA41EC100B51ECD9
:10082000100B9FED3D0B52EC103BD20F62F3DF71CA
:1008300041EC100B8DED040B0698006808F012FADD
:100840009DED041B41EC100B51EC110B53EC102BE4
:1008500008F048FA00285BD1FFE7089890ED010AFC
:10086000079890ED011A30EE410A10EE100A08F0D8
:10087000F9F941EC100B51EC100B9FED270B52ECEA
:10088000103BD20F62F3DF7141EC100B8DED020BC8
:100890000698406808F0E6F99DED021B41EC100B4C
:1008A00051EC110B53EC102B08F01CFA80BBFFE746
:1008B000089890ED020A079890ED021A30EE410A6E
:1008C00010EE100A08F0CEF941EC100B51EC100BB1
:1008D0009FED110B52EC103BD20F62F3DF7141EC34
:1008E000100B8DED000B0698806808F0BBF99DEDAC
:1008F000001B41EC100B51EC110B53EC102B08F0CA
:10090000F1F928B9FFE70998313004F00BFCFFE753
:10091000FFE7FFE70AB080BD000000000000000014
:1009200080B58EB00D900C910D9890F83000014676
:10093000019140B1FFE70198012869D0FFE70198D4
:10094000022866D06EE00D98313004F0E3FB88B1E8
:10095000FFE70D99012081F8300000200B900A90EC
:1009600009900D9800F11001D0F8842109A803F036
:100970009BFA57E00D98D0F88401183008900D9834
:100980003430089991ED000A0C99D1ED000A05F078
:10099000F3FE0D98D0F8840190ED0C1A30EE010AA8
:1009A0008DED070A0D98A430089991ED010A0C9974
:1009B000D1ED010A05F0E0FE0D98D0F8840190ED2C
:1009C0000D1A30EE010A8DED060A0D9800F58A70B9
:1009D000089991ED020A0C99D1ED020A05F0CCFEBE
:1009E0000D98D0F8840190ED0E1A30EE010A8DEDCD
:1009F000050A0798029006980390059804900D98B0
:100A000000F11001D0F8842102A803F04DFA09E0AA
:100A100008E00D99D1F8842102F13000103103F083
:100A200043FAFFE70EB080BD80B584B00390029119
:100A300000200190FFE7019803280DDCFFE70298F2
:100A4000019A50F82200039951F822104862FFE7FA
:100A5000019801300190EEE703980068029991ED4A
:100A6000000A06F0B5FC03984068029991ED010A6E
:100A700006F0AEFC03988068029991ED020A06F038
:100A8000A7FC0398C068029991ED030A06F0A0FC48
:100A900004B080BD80B586B005AA82ED001A42ED93
:100AA000010A02ED020A02908DF807100298D0F8B0
:100AB00084110398049A059B8B634A6308639DF82D
:100AC0000700C00728B1FFE70299022081F8300033
:100AD0000CE00299012081F830000299D1F88421BC
:100AE00002F13000103103F0DFF9FFE706B080BDFE
:100AF00084B002908DED010A9DED010A029890EDFF
:100B0000001AB4EE410AF1EE10FA0BDBFFE79DED9F
:100B1000010A029890ED021AB4EE410AF1EE10FAC1
:100B200003DDFFE70020039028E09DED010A029815
:100B300090ED001A30EE410A8DED000A02989DED0D
:100B4000002A90ED064A90ED073A90ED081A90EDD4
:100B5000090A23EE023A33EE043A21EE021A21EE9C
:100B6000021A31EE031A20EE020A20EE020A20EEEB
:100B7000020A30EE010A8DED030AFFE79DED030A3C
:100B800004B0704780B58EB08DED0C1B8DED0A0B57
:100B90008DED083B8DED062B8DED045B8DED024B4D
:100BA00001909DED0A0B51EC100B07F0C9FC019967
:100BB00008609DED0C0B51EC100B07F0C1FC019986
:100BC00048609DED060B51EC100B07F0B9FC019944
:100BD00088609DED080B51EC100B07F0B1FC0199FA
:100BE000C8609DED020B51EC100B07F0A9FC0199B8
:100BF00008619DED040B51EC100B07F0A1FC01996D
:100C00004861019890ED001A90ED020A30EE410A19
:100C10008DED000A01994868886101990869C861E9
:100C2000019890ED012A90ED030A90ED043A90EDC1
:100C3000051A30EE420AB0EE082A20EE020A9DEDB7
:100C4000002A22EE024A80EE040A31EE011A31EE49
:100C5000031A81EE021A30EE410A80ED080A01986B
:100C600090ED010A90ED032A90ED041A90ED053AFB
:100C700030EE420A30EE000A9DED004A24EE042ACE
:100C800022EE044A80EE040A31EE031A81EE021AC3
:100C900030EE010A80ED090A0EB080BD84B00290EA
:100CA0008DED010A9DED010A029890ED001AB4EE57
:100CB000410AF1EE10FA0BDBFFE79DED010A029805
:100CC00090ED021AB4EE410AF1EE10FA03DDFFE7EF
:100CD0000020039024E09DED010A029890ED001A97
:100CE00030EE410A8DED000A029890ED073A90ED42
:100CF000081A90ED090A31EE011A9DED002A21EE45
:100D0000021A31EE031AB0EE083A20EE030A20EE82
:100D1000020A20EE020A30EE010A8DED030AFFE717
:100D20009DED030A04B070477047000072B6FFE7FC
:100D3000FEE7000085B00390029100200190FFE7DC
:100D4000039890F83C00012804D1FFE702208DF8B9
:100D50001300F7E00399012081F83C00FFE7FFE76B
:100D6000029800680A281CD3FFE70298008800EB6D
:100D70004000A0F11E01072000FA01F2039801686B
:100D8000C8689043C86002998868098801EB4101EE
:100D90001E3900FA01F203980168C8681043C86060
:100DA00018E00298008800EB4001072000FA01F2E9
:100DB0000398016808699043086102998868098866
:100DC00001EB410100FA01F2039801680869104340
:100DD0000861FFE70298406806281BD8FFE70298E1
:100DE000406800EB8000411F1F2000FA01F20398C9
:100DF0000168486B9043486302990888496801EB91
:100E00008101053900FA01F203980168486B10432B
:100E100048633DE0029840680C281CD8FFE7029820
:100E2000406800EB8000A0F123011F2000FA01F2CE
:100E300003980168086B9043086302990888496821
:100E400001EB8101233900FA01F203980168086B74
:100E5000104308631BE00298406800EB8000A0F19B
:100E600041011F2000FA01F203980168C86A90430B
:100E7000C86202990888496801EB8101413900FA8A
:100E800001F203980168C86A1043C862FFE7FFE7F0
:100E900042F20030C4F2010000900398006842F270
:100EA0000001C4F2010188420BD1FFE702980068FB
:100EB000122806D1FFE70099486840F48000486096
:100EC000FFE70398006842F20001C4F20101884282
:100ED0002ED1FFE702980068102805D0FFE702989E
:100EE0000068112824D1FFE70099486840F4000009
:100EF000486002980068102819D1FFE740F200000E
:100F0000C2F2000000684DF68361C4F21B31A0FB01
:100F10000110800C00EB800040000190FFE7019879
:100F200020B1FFE7019801380190F8E7FFE7FFE7FC
:100F3000FFE70399002081F83C00FFE700208DF8CF
:100F40001300FFE79DF8130005B0704780B584B02B
:100F5000029000208DF80700029820B9FFE70120D9
:100F60008DF80F0042E00298806A0121C0F60071FE
:100F7000884201D0FFE7FFE70298006C50B9FFE715
:100F8000029800F037F8029900204864029981F82D
:100F90003C00FFE70298006CC006002817D4FFE76A
:100FA0000298006C40F0020020F488500299086416
:100FB0000298FFF75BFA0299002048640298006CDF
:100FC00040F0010020F002000299086403E00120D3
:100FD0008DF80700FFE7FFE70299002081F83C0049
:100FE000FFE79DF807008DF80F00FFE79DF80F0061
:100FF00004B080BD80B58AB00990002008900790A9
:101000000690059004900998006842F20001C4F22D
:101010000101884230D1FFE7FFE70020039043F64B
:101020004400C4F20200016841F48071016000686C
:1010300000F4807003900398FFE7FFE70020029020
:1010400043F63000C4F20200016841F0040101607F
:10105000006800F0040002900298FFE73F2004902F
:10106000032005900020069040F60000C4F2020024
:1010700004A900F0FDF939E00998006842F2001176
:10108000C4F20101884230D1FFE7FFE70020019060
:1010900043F64400C4F20200016841F400710160AB
:1010A000006800F4007001900198FFE7FFE700205E
:1010B000009043F63000C4F20200016841F00401E0
:1010C0000160006800F0040000900098FFE73F20F6
:1010D0000490032005900020069040F60000C4F222
:1010E000020004A900F0C4F9FFE7FFE70AB080BDE1
:1010F00080B584B00290029820B9FFE701208DF8F6
:101100000F00E0E0029890F8200020B9FFE7029875
:1011100000F0DEF8FFE702980168086840F001007F
:10112000086000F099FB0190FFE7029800684068B2
:10113000C007A8B9FFE700F08FFB0199401A0B2800
:101140000DD3FFE70299486A40F4003048620299E3
:10115000052081F8200001208DF80F00B3E0E4E7BE
:1011600002980168086820F00200086000F074FB33
:101170000190FFE70298006840688007002815D5B5
:10118000FFE700F069FB0199401A0B280DD3FFE738
:101190000299486A40F4003048620299052081F8BB
:1011A000200001208DF80F008DE0E3E70298007E1B
:1011B000012807D1FFE702980168086840F0800025
:1011C000086006E002980168086820F08000086066
:1011D000FFE70298407E012807D1FFE702980168E7
:1011E000086840F04000086006E00298016808685E
:1011F00020F040000860FFE70298807E012807D1B8
:10120000FFE702980168086840F02000086006E0E7
:1012100002980168086820F020000860FFE7029843
:10122000C07E012807D1FFE702980168086820F016
:101230001000086006E002980168086840F010009D
:101240000860FFE70298007F012807D1FFE70298B6
:101250000168086840F00800086006E0029801682C
:10126000086820F008000860FFE70298407F012826
:1012700007D1FFE702980168086840F004000860A1
:1012800006E002980168086820F004000860FFE7A3
:10129000029B19685A689868D3F80CC040EA0C00A1
:1012A000D3F810C040EA0C005B691843013A1043C0
:1012B000C861029900204862029A012182F8201038
:1012C0008DF80F00FFE79DF80F0004B080BD00000F
:1012D00080B58CB00B9000200A9009900890079080
:1012E00006900B98006846F20041C4F20001884263
:1012F0003FD1FFE740F22420C2F200000168013133
:1013000001600068012812D1FFE7FFE70020059087
:1013100043F64000C4F20200016841F00071016030
:10132000006800F0007005900598FFE7FFE7FFE711
:101330000020049043F63000C4F20200016841F03E
:1013400008010160006800F0080004900498FFE7BD
:10135000032006900221079100210891099009209D
:101360000A9040F60040C4F2020006A900F080F89E
:101370005AE00B98006846F60001C4F2000188426A
:1013800051D1FFE7FFE70020039043F64000C4F28D
:101390000200016841F080610160006800F0806037
:1013A00003900398FFE740F22420C2F20000016896
:1013B000013101600068012812D1FFE7FFE700203A
:1013C000029043F64000C4F20200016841F000714F
:1013D0000160006800F0007002900298FFE7FFE7EC
:1013E000FFE70020019043F63000C4F202000168DC
:1013F00041F002010160006800F0020001900198D4
:10140000FFE760200690022007900020089003204C
:10141000099009200A9040F20040C4F2020006A997
:1014200000F026F8FFE7FFE70CB080BD80B584B080
:10143000039000F011FA0290039801900198013096
:1014400048B1FFE740F21400C2F2000001780198B1
:1014500008440190FFE7FFE700F0FEF90299401A07
:101460000199884201D2FFE7F6E704B080BD000091
:101470008EB00D900C9100200A90099008900B906E
:10148000FFE70B980F2800F2CC81FFE70B990120B2
:1014900088400A900C9800680A99084009900998B9
:1014A0000A99884240F0B881FFE70C98406800F044
:1014B0000300012807D0FFE70C98406800F0030004
:1014C00002282FD1FFE70D98806808900B98410003
:1014D000032000FA01F10898884308900C98C0682E
:1014E0000B99490000FA01F1089808430890089800
:1014F0000D9988600D98406808900B99012000FABA
:1015000001F10898884308900C984068C0F30010D7
:101510000B9900FA01F108980843089008980D9972
:101520004860FFE70C98406800F00300032818D0DB
:10153000FFE70D98C06808900B984100032000FA5F
:1015400001F10898884308900C9880680B9949002D
:1015500000FA01F108980843089008980D99C860AE
:10156000FFE70C98406800F00300022826D1FFE74F
:101570000D980B996FF0030202EA51010844006ACA
:1015800008900B9800F0070081000F2000FA01F18D
:101590000898884308900C9800690B9901F007019E
:1015A000890000FA01F108980843089008980D99FD
:1015B0000B9B02EA530211440862FFE70D98006892
:1015C00008900B984100032000FA01F10898884325
:1015D00008900C98406800F003000B99490000FA4D
:1015E00001F108980843089008980D9908600C9834
:1015F00080798007002800F00E81FFE7FFE70020D8
:10160000079043F64400C4F20200016841F48041AF
:101610000160006800F4804007900798FFE70B988E
:1016200020F0030043F60801C4F20101405808907D
:101630000B9800F0030081000F2000FA01F10898D8
:10164000884308900D980021C4F20201884203D11A
:10165000FFE7002006905EE00D9840F20041C4F2E2
:101660000201884203D1FFE70120059050E00D9868
:1016700040F60001C4F20201884203D1FFE70220D4
:10168000049042E00D9840F60041C4F20201884205
:1016900003D1FFE70320039034E00D9841F20001ED
:1016A000C4F20201884203D1FFE70420029026E041
:1016B0000D9841F20041C4F20201884203D1FFE7D4
:1016C0000520019018E00D9841F60001C4F20201D6
:1016D000884203D1FFE7062000900AE00D9941F609
:1016E0000042C4F202020820914208BF0720009085
:1016F000FFE700980190FFE701980290FFE702984A
:101700000390FFE703980490FFE704980590FFE734
:1017100005980690FFE70698C0B20B9901F0030107
:10172000890000FA01F108980843089008980B997D
:1017300021F0030143F60802C4F20102885043F687
:101740000840C4F20100006808900999089888438D
:1017500008900C988079C006002805D5FFE7099904
:10176000089808430890FFE7089843F60841C4F238
:101770000101086043F60C40C4F2010000680890C3
:1017800009990898884308900C9880798006002869
:1017900005D5FFE70999089808430890FFE70898DE
:1017A00043F60C41C4F20101086043F60440C4F260
:1017B00001000068089009990898884308900C98DF
:1017C00080798007002805D5FFE709990898084324
:1017D0000890FFE7089843F60441C4F2010108604D
:1017E00043F60040C4F20100006808900999089887
:1017F000884308900C988079C00728B1FFE70999C1
:10180000089808430890FFE7089843F60041C4F29F
:1018100001010860FFE7FFE7FFE70B9801300B903D
:101820002FE60EB07047000082B00190ADF80210B4
:101830008DF801209DF8010028B1FFE7BDF80200F6
:101840000199886105E0BDF80200000401998861F2
:10185000FFE702B07047000044F6C030C2F200005B
:101860000068704780B58EB00C900C9820B9FFE7E7
:1018700001208DF8370043E10C9890F83D0040B905
:10188000FFE70C99002081F83C000C9800F03CF92F
:10189000FFE70C99242081F83D000C980168086846
:1018A00020F0010008600C980168086840F40040CE
:1018B00008600C980168086820F40040086000F097
:1018C0006FFD0A900C98406848F2A061C0F20101D7
:1018D00088420BD8FFE70A9948F28042C0F21E0204
:1018E0000020914238BF012009900AE00A9940F691
:1018F0000012C0F23D020020914238BF0120099041
:10190000FFE70998012804D1FFE701208DF837008F
:10191000F6E00A984DF68361C4F21B31A0FB01107A
:10192000800C0B900C980068406820F03F000B99E9
:1019300008430C99096848600C980068006A20F018
:101940003F0008900C98406848F2A061C0F2010185
:10195000884204D8FFE70B98013007900EE00B98FF
:101960004FF49671484344F6D351C1F26201A0FB93
:101970000101012000EB91100790FFE708980799FB
:1019800008430C99096808620C980068C0694CF615
:10199000FF71884306900C98406848F2A061C0F23D
:1019A000010188421FD8FFE70A9801380C9949685D
:1019B0004900B0FBF1F001306FF31F30032803D86A
:1019C000FFE7042005900BE00A9801380C9949685C
:1019D0004900B0FBF1F001306FF31F300590FFE7D5
:1019E000059804904CE00C98806868B9FFE70A9865
:1019F00001380C99496801EB4101B0FBF1F001306D
:101A00006FF31F3003900DE00A9801380C99496874
:101A100019225143B0FBF1F00130042161F31F3072
:101A20000390FFE70398000518B9FFE70120029033
:101A300023E00C98806868B9FFE70A9801380C9990
:101A4000496801EB4101B0FBF1F001306FF31F3049
:101A500001900DE00A9801380C9949681922514308
:101A6000B0FBF1F00130042161F31F300190FFE77A
:101A7000019840F400400290FFE702980490FFE7CD
:101A80000698049908430C990968C8610C98006885
:101A9000006820F0C0000C9B1968DA691B6A1A43C1
:101AA000104308600C980068806848F2FF31884352
:101AB0000C9A1168D36812691A43104388600C9815
:101AC0000068C06820F0FF000C9B19685A699B6988
:101AD0001A431043C8600C980168086840F0010080
:101AE00008600C99002008640C9A202182F83D10AF
:101AF0000C9908630C9981F83E008DF83700FFE7D8
:101B00009DF837000EB080BD80B592B011900020D6
:101B100010900F900E900D900C901198006845F267
:101B20000041C4F20001884235D1FFE7FFE7002001
:101B30000B9043F63000C4F20200016841F002014C
:101B40000160006800F002000B900B98FFE74FF473
:101B5000C0700C9012200D9000200E9003200F906A
:101B60000420109040F20040C4F202000CA9FFF7DC
:101B70007FFCFFE700200A9043F64000C4F2020019
:101B8000016841F400110160006800F400100A903F
:101B90000A98FFE7A7E01198006845F60001C4F233
:101BA0000001884235D1FFE7FFE70020099043F6A6
:101BB0003000C4F20200016841F0020101600068D7
:101BC00000F0020009900998FFE74FF440600C9084
:101BD00012200D9000200E9003200F9004201090F2
:101BE00040F20040C4F202000CA9FFF741FCFFE7FD
:101BF0000020089043F64000C4F20200016841F45E
:101C000080010160006800F4800008900898FFE7F8
:101C100068E01198006845F60041C4F2000188426E
:101C20005FD1FFE7FFE70020079043F63000C4F2E2
:101C30000200016841F004010160006800F0040046
:101C400007900798FFE7FFE70020069043F6300073
:101C5000C4F20200016841F001010160006800F077
:101C6000010006900698FFE74FF400700C901220D8
:101C700000900D90002001900E90032002900F9094
:101C800004200390109040F60000C4F202000CA95A
:101C90000491FFF7EDFBDDF800C0019B029A039869
:101CA00004994FF4807ECDF830E0CDF834C00E9327
:101CB0000F9210900020C4F20200FFF7D9FBFFE75B
:101CC0000020059043F64000C4F20200016841F490
:101CD00000010160006800F4000005900598FFE72E
:101CE000FFE7FFE7FFE712B080BD000040F21400FD
:101CF000C2F20000027844F6C031C2F20001086866
:101D0000104408607047000080B543F60041C4F2FB
:101D10000201086840F400700860086840F48060C0
:101D20000860086840F480700860032000F086F8BE
:101D30000F2000F005F800F03BF8002080BD000007
:101D400080B582B0009040F20000C2F2000000684E
:101D500040F21401C2F200010A784FF47A71B1FB2B
:101D6000F2F1B0FBF1F001F05BF820B1FFE70120E8
:101D70008DF8070018E000980F280DD8FFE70099AC
:101D80004FF0FF30002200F03FF8009840F21801B9
:101D9000C2F20001086003E001208DF8070003E0B3
:101DA00000208DF80700FFE79DF8070002B080BD16
:101DB00080B582B0FFE70020019043F64400C4F2F2
:101DC0000200016841F480410160006800F4804035
:101DD00001900198FFE7FFE70020009043F64000E4
:101DE000C4F20200016841F080510160006800F017
:101DF000805000900098FFE76FF001000F21002253
:101E000000F002F802B080BD80B586B08DF81700F2
:101E1000049103920020029004F058FA02909DF978
:101E20001700019002980499039A02F073FE01468C
:101E3000019804F053FA06B080BD000080B582B06E
:101E40000190019804F06CFA02B080BD80B58EB0AC
:101E50000C900C9820B9FFE701208DF8370012E1B3
:101E60000C9800680B900C9890F8950440B9FFE727
:101E70000C99002081F894040C9800F009F9FFE710
:101E80000C99032081F895040B98B0F1A04F04D170
:101E9000FFE70C9900208871FFE70C98006804F0B8
:101EA000DFF80C9B1868197C8DF8241059689A6823
:101EB000DB680893079206910699079A089BDDF85C
:101EC00024C0EE46CEF800C003F0BEFE40B1FFE7EE
:101ED0000C99022081F8950401208DF83700D2E09A
:101EE0000C980068002104F045F940B1FFE70C9917
:101EF000022081F8950401208DF83700C3E000200E
:101F00008DF82B00FFE79DF82B000C99097988428A
:101F100041DAFFE70C989DF82B1001EBC10100EBB3
:101F20008101012048759DF82B000C9900EBC0023F
:101F300001EB820108759DF82B000C9900EBC002A3
:101F400001EB8201C8850C989DF82B1001EBC101B3
:101F500000EB8101002008760C999DF82B2002EB04
:101F6000C20201EB8201C8610C999DF82B2002EBA3
:101F7000C20201EB820108620C999DF82B2002EB52
:101F8000C20201EB82014862FFE79DF82B0001309D
:101F90008DF82B00B7E700208DF82B00FFE79DF8A8
:101FA0002B000C99097988423EDAFFE70C989DF8DE
:101FB0002B1001EBC10100EB8101002081F85502DB
:101FC0009DF82B100C9A01EBC10302EB830282F8FF
:101FD00054120C999DF82B2002EBC20201EB8201F6
:101FE00081F858020C999DF82B2002EBC20201EBFC
:101FF0008201C1F85C020C999DF82B2002EBC20211
:1020000001EB8201C1F860020C999DF82B2002EBD4
:10201000C20201EB8201C1F86402FFE79DF82B00C8
:1020200001308DF82B00BAE70C9B1868197C8DF8ED
:10203000141059689A68DB6804930392029102991C
:10204000039A049BDDF814C0EE46CEF800C003F0FE
:10205000B9FE40B1FFE70C99022081F895040120F8
:102060008DF837000FE00C990020019048740C990E
:10207000012081F895040C98006803F08DFE01980A
:102080008DF83700FFE79DF837000EB080BD0000E7
:1020900080B588B0079000200690059004900390CA
:1020A000029007980068B0F1A04F3ED1FFE7FFE72C
:1020B0000020019043F63000C4F20200016841F0B4
:1020C00001010160006800F0010001900198FFE744
:1020D0004FF4C0500290022003900020049003208F
:1020E00005900A2006900020C4F2020002A9FFF722
:1020F000BFF9FFE743F63401C4F20201086840F07B
:1021000080000860FFE70020009043F64400C4F21E
:102110000200016841F480410160006800F48040E1
:1021200000900098FFE7FFE7FFE708B080BD0000E0
:1021300080B584B002900191029820B9FFE7012098
:102140008DF80F0021E1019843F60041C4F202012D
:10215000096801F00701884212D9FFE7019943F6A7
:102160000040C4F202000170006800F0070001990D
:10217000884204D0FFE701208DF80F0005E1FFE75A
:1021800002980078800700282AD5FFE70298007897
:102190004007002809D5FFE743F60801C4F2020111
:1021A000086840F4E0500860FFE7029800780007F4
:1021B000002809D5FFE743F60801C4F202010868C8
:1021C00040F460400860FFE743F60801C4F20201F2
:1021D000086820F0F000029A926810430860FFE758
:1021E00002980078C00700286ED0FFE70298406888
:1021F000012811D1FFE743F60000C4F20200006895
:1022000000F400310020B0EB514F04D1FFE7012072
:102210008DF80F00B9E02CE002984068022805D044
:10222000FFE702984068032811D1FFE743F600005A
:10223000C4F20200006800F000710020B0EB516FA2
:1022400004D1FFE701208DF80F009EE010E043F677
:102250000000C4F20200006800F002010020B0EBB0
:10226000510F04D1FFE701208DF80F008DE0FFE74B
:10227000FFE743F60801C4F20201086820F00300FA
:10228000029A526810430860FFF7E6FA0090FFE7F1
:1022900043F60800C4F20200006800F00C00029946
:1022A0004968B0EB810F0ED0FFE7FFF7D5FA009930
:1022B000401A41F28931884204D3FFE703208DF8A8
:1022C0000F0062E0E4E7FFE7019843F60041C4F243
:1022D0000201096801F00701884212D2FFE7019963
:1022E00043F60040C4F202000170006800F00700ED
:1022F0000199884204D0FFE701208DF80F0044E0E7
:10230000FFE702980078400700280CD5FFE743F666
:102310000801C4F20201086820F4E050029AD26871
:1023200010430860FFE702980078000700280DD5E9
:10233000FFE743F60801C4F20201086820F4604098
:10234000029A126940EAC2000860FFE700F04CF808
:1023500043F60801C4F202010968C9B20A0948F645
:10236000FC51C0F60001895CC84040F20001C2F295
:102370000001086040F21800C2F200000068FFF798
:10238000DFFC00208DF80F00FFE79DF80F0004B080
:1023900080BD000040F20000C2F2000000687047FB
:1023A00080B5FFF7F7FF43F60801C4F202010968A0
:1023B000C1F3822248F60C61C0F60001895CC84076
:1023C00080BD000080B5FFF7E5FF43F60801C4F2C9
:1023D0000201096889B24A0B48F60C61C0F6000197
:1023E000895CC84080BD000080B586B000200590A3
:1023F00004900390029043F60800C4F202000068C3
:1024000000F00C000146019140B1FFE7019804285B
:102410000AD0FFE7019808280CD04FE042F20040B4
:10242000C0F2F40002904FE043F20060C0F26E1080
:10243000029049E043F60400C4F20200016801F092
:102440003F01059100684002002813D5FFE743F6DD
:102450000400C4F202000068C0F3881043F2006177
:10246000C0F26E11A0FB0101059A0023FDF712FFD7
:10247000049012E043F60400C4F202000068C0F3C6
:10248000881042F20041C0F2F401A0FB0101059A5C
:102490000023FDF7FFFE0490FFE743F60400C4F2BB
:1024A0000200006800F44031022000EBD1300390BC
:1024B00004980399B0FBF1F0029005E042F200406D
:1024C000C0F2F4000290FFE7029806B080BD000061
:1024D00080B586B00490049820B9FFE701208DF8FC
:1024E000170050E304980078C007002800F0A5808A
:1024F000FFE743F60800C4F20200006800F00C0099
:10250000042813D0FFE743F60800C4F20200006875
:1025100000F00C0008281ED1FFE743F60400C4F2C7
:10252000020000684002002815D5FFE743F60000CE
:10253000C4F20200006800F400310020B0EB514FFB
:1025400008D0FFE70498406820B9FFE701208DF824
:10255000170018E370E0FFE704984068B0F5803F8B
:1025600009D1FFE743F60001C4F20201086840F414
:102570008030086020E004984068B0F5A02F0DD1AD
:10258000FFE743F60001C4F20201086840F480202E
:102590000860086840F4803008600CE043F60001F1
:1025A000C4F20201086820F480300860086820F452
:1025B00080200860FFE7FFE7FFE704984068E8B184
:1025C000FFE7FFF749F90390FFE743F60000C4F285
:1025D0000200006800F400310020B0EB514F0CD134
:1025E000FFE7FFF739F90399401A652804D3FFE79D
:1025F00003208DF81700C6E2E7E71CE0FFF72CF98F
:102600000390FFE743F60000C4F20200006800F404
:1026100000310020B0EB514F0CD0FFE7FFF71CF961
:102620000399401A652804D3FFE703208DF81700AB
:10263000A9E2E7E7FFE7FFE7FFE7049800788007F4
:10264000002840F19680FFE743F60800C4F202003C
:10265000006810F00C0F13D0FFE743F60800C4F237
:102660000200006800F00C0008282CD1FFE743F6B8
:102670000400C4F2020000684002002823D4FFE7EF
:1026800043F60000C4F20200006800F002010020DE
:10269000B0EB510F09D0FFE70498C068012804D0BF
:1026A000FFE701208DF817006DE243F60001C4F248
:1026B0000201086820F0F800049A126940EAC2009A
:1026C0000860FFE754E00498C06870B3FFE700219A
:1026D000C4F2472101200860FFF7BEF80390FFE72E
:1026E00043F60000C4F20200006800F0020100207E
:1026F000B0EB510F0CD1FFE7FFF7AEF80399401A8A
:10270000032804D3FFE703208DF817003BE2E7E737
:1027100043F60001C4F20201086820F0F800049AB0
:10272000126940EAC200086021E00021C4F247219A
:1027300000200860FFF790F80390FFE743F60000E1
:10274000C4F20200006800F002010020B0EB510F5B
:102750000CD0FFE7FFF780F80399401A032804D351
:10276000FFE703208DF817000DE2E7E7FFE7FFE73B
:10277000FFE704980078000700284BD5FFE704988E
:10278000406918B3FFE740F68061C4F24721012099
:102790000860FFF761F80390FFE743F67400C4F2A6
:1027A0000200006800F002010020B0EB510F0CD1D4
:1027B000FFE7FFF751F80399401A032804D3FFE716
:1027C00003208DF81700DEE1E7E722E040F68061A4
:1027D000C4F2472100200860FFF73EF80390FFE7AE
:1027E00043F67400C4F20200006800F00201002009
:1027F000B0EB510F0CD0FFE7FFF72EF80399401A0A
:10280000032804D3FFE703208DF81700BBE1E7E7B7
:10281000FFE7FFE7049800784007002840F1CE80EA
:10282000FFE700208DF8070043F64000C4F20200E5
:102830000068C000002815D4FFE7FFE700200090E3
:1028400043F64000C4F20200016841F0805101608B
:10285000006800F0805000900098FFE701208DF89C
:102860000700FFE747F20000C4F200000068C0055F
:10287000002822D4FFE747F20001C4F200010868F3
:1028800040F480700860FEF7E7FF0390FFE747F22F
:102890000000C4F200000068C00500280CD4FFE767
:1028A000FEF7DAFF0399401A032804D3FFE7032059
:1028B0008DF8170067E1EAE7FFE7FFE70498806813
:1028C000012809D1FFE743F67001C4F2020108684C
:1028D00040F0010008601FE00498806805280DD1D1
:1028E000FFE743F67001C4F20201086840F00400FB
:1028F0000860086840F0010008600CE043F67001D1
:10290000C4F20201086820F001000860086820F0A5
:1029100004000860FFE7FFE7FFE704988068F8B16C
:10292000FFE7FEF799FF0390FFE743F67000C4F25C
:102930000200006800F002010020B0EB510F0ED140
:10294000FFE7FEF789FF0399401A41F28931884277
:1029500004D3FFE703208DF8170014E1E5E71EE03C
:10296000FEF77AFF0390FFE743F67000C4F202001F
:10297000006800F002010020B0EB510F0ED0FFE71D
:10298000FEF76AFF0399401A41F28931884204D365
:10299000FFE703208DF81700F5E0E5E7FFE79DF876
:1029A0000700012809D1FFE743F64001C4F2020104
:1029B000086820F080500860FFE7FFE7049880690E
:1029C000002800F0DC80FFE743F60800C4F20200B4
:1029D000006800F00C00082800F08580FFE70498EC
:1029E000806902285CD1FFE76021C4F24721002002
:1029F0000860FEF731FF0390FFE743F60000C4F2E2
:102A00000200006800F000710020B0EB516F0CD0A4
:102A1000FFE7FEF721FF0399401A032804D3FFE7DD
:102A200003208DF81700AEE0E7E70499C869D1F8F4
:102A300020C04B6A8A6A40EA0C0040EA8310D20345
:102A40004FF6FF739A43A2F580321043C96A40EAF9
:102A5000016043F60401C4F2020108606021C4F27F
:102A6000472101200860FEF7F7FE0390FFE743F6D9
:102A70000000C4F20200006800F000710020B0EB1A
:102A8000516F0CD1FFE7FEF7E7FE0399401A0328C8
:102A900004D3FFE703208DF8170074E0E7E721E097
:102AA0006021C4F2472100200860FEF7D5FE0390A4
:102AB000FFE743F60000C4F20200006800F0007176
:102AC0000020B0EB516F0CD0FFE7FEF7C5FE039975
:102AD000401A032804D3FFE703208DF8170052E0C3
:102AE000E7E7FFE74AE004988069012804D1FFE79F
:102AF00001208DF8170046E043F60400C4F20200FE
:102B00000068029004988069012831D0FFE702989C
:102B100000F480000499C969884229D1FFE702982E
:102B200000F03F000499096A884221D1FFE702982A
:102B300047F6C07108400499496AB0EB811F17D16C
:102B4000FFE7029800F440300499896AC9034FF600
:102B5000FF729143A1F58031884209D1FFE70298C5
:102B600000F070600499C96AB0EB016F04D0FFE710
:102B700001208DF8170006E0FFE7FFE7FFE70020E0
:102B80008DF81700FFE79DF8170006B080BD000024
:102B900080B584B00290029820B9FFE701208DF83B
:102BA0000F0072E00298406A60B9FFE7029840683F
:102BB000B0F5827F01D1FFE703E002990020C861F0
:102BC000FFE705E002990020086102994861FFE7EC
:102BD000029900208862029890F8510040B9FFE7FE
:102BE0000299002081F85000029800F053F8FFE7A6
:102BF0000299022081F8510002980168086820F0CB
:102C000040000860029A019211685068D2F808C02A
:102C1000D36800F482700CF4044C604403F4006345
:102C20001844136903F002031844536903F00103C5
:102C30001844936903F400731844D36903F038030C
:102C40001844136A03F080031843926A02F4005296
:102C500010430860029801688369426A042000EA10
:102C6000134002F010021044486002980168C869DD
:102C700020F40060C861029900204865029A012191
:102C800082F851108DF80F00FFE79DF80F0004B097
:102C900080BD000080B58CB00B9000200A90099098
:102CA0000890079006900B98006843F20001C4F268
:102CB0000101884233D1FFE7FFE70020059043F68A
:102CC0004400C4F20200016841F4805101600068D0
:102CD00000F4805005900598FFE7FFE7002004907E
:102CE00043F63000C4F20200016841F001010160C6
:102CF000006800F0010004900498FFE7E0200690CF
:102D000002200790002008900320099005200A90D7
:102D10000020C4F2020006A9FEF7AAFB7DE00B9892
:102D2000006843F60001C4F20001884235D1FFE794
:102D3000FFE70020039043F64000C4F20200016860
:102D400041F480410160006800F4804003900398E2
:102D5000FFE7FFE70020029043F63000C4F20200D4
:102D6000016841F002010160006800F00200029079
:102D70000298FFE74FF420400690022007900020C1
:102D800008900320099005200A9040F20040C4F208
:102D9000020006A9FEF76CFB3EE00B98006843F6C4
:102DA0000041C4F20001884235D1FFE7FFE700206F
:102DB000019043F64000C4F20200016841F4004172
:102DC0000160006800F4004001900198FFE7FFE710
:102DD0000020009043F63000C4F20200016841F088
:102DE00004010160006800F0040000900098FFE713
:102DF0004FF4E05006900220079000200890032036
:102E0000099006200A9040F60000C4F2020006A9CC
:102E1000FEF72EFBFFE7FFE7FFE70CB080BD0000E9
:102E200080B582B00190019802F004FA02B080BD32
:102E300085B003900291FFE7039890F83C000128C9
:102E400004D1FFE702208DF813007EE003990120F2
:102E500081F83C00FFE7FFE70399022081F83D007D
:102E600003980068406801900398006880680090AB
:102E7000019820F0700001900298016801980843C1
:102E8000019001980399096848600398006800213F
:102E9000C4F2010188423CD0FFE703980068B0F11A
:102EA000804F36D0FFE70398006840F20041C4F23B
:102EB000000188422DD0FFE70398006840F600012A
:102EC000C4F20001884224D0FFE70398006840F66E
:102ED0000041C4F2000188421BD0FFE7039800685C
:102EE00040F20041C4F20101884212D0FFE703988A
:102EF000006844F20001C4F20101884209D0FFE7F2
:102F00000398006841F60001C4F2000188420ED126
:102F1000FFE7009820F08000009002984168009838
:102F2000084300900098039909688860FFE70399B7
:102F3000012081F83D00FFE70399002081F83C0063
:102F4000FFE700208DF81300FFE79DF8130005B0A0
:102F50007047000080B582B00090009820B9FFE76C
:102F600001208DF807003FE0009890F83D0040B93F
:102F7000FFE70099002081F83C00009800F038F845
:102F8000FFE70099022081F83D00009951F8040BF9
:102F900002F0EEF90099012081F84600FFE7009960
:102FA000012081F83E00009981F83F00009981F8E6
:102FB0004000009981F84100FFE7FFE700990120F8
:102FC00081F84200009981F84300009981F844009B
:102FD000009981F84500FFE70099012081F83D0044
:102FE00000208DF80700FFE79DF8070002B080BDC4
:102FF00084B003900398006840F20041C4F20001DD
:10300000884212D1FFE7FFE70020029043F640001C
:10301000C4F20200016841F002010160006800F0A2
:10302000020002900298FFE737E00398006840F63C
:103030000041C4F20001884212D1FFE7FFE70020FF
:10304000019043F64000C4F20200016841F008011B
:103050000160006800F0080001900198FFE71BE0A4
:103060000398006844F20001C4F20101884212D1C1
:10307000FFE7FFE70020009043F64400C4F202009F
:10308000016841F480310160006800F480300090F4
:103090000098FFE7FFE7FFE7FFE704B07047000095
:1030A00080B586B00490039100208DF80B00FFE7F7
:1030B000049890F83C00012804D1FFE702208DF825
:1030C0001700ABE00499012081F83C00FFE7FFE71F
:1030D0000499022081F83D000498006880680190FE
:1030E000019820F077000190019820F47F40019032
:1030F0000198049909688860039800680090002886
:1031000072D0FFE7009810286ED0FFE700982028C3
:103110006AD0FFE70098302866D0FFE70098402883
:1031200055D0FFE70098502837D0FFE70098602877
:1031300040D0FFE7009870280BD0FFE70098B0F56B
:10314000805F05D0FFE70098B0F5005F16D052E031
:1031500055E004980068039B5A689968DB6802F0A0
:10316000DFF90498006880680190019840F07700CA
:103170000190019804990968886040E0049800680B
:10318000039B5A689968DB6802F0CAF904980168E1
:10319000886840F48040886031E004980068039AB1
:1031A0005168D26802F0A8FB04980068502102F030
:1031B000D1F924E004980068039A5168D26802F0BB
:1031C000C3FB04980068602102F0C4F917E004987A
:1031D0000068039A5168D26802F08EFB0498006878
:1031E000402102F0B7F90AE00498006803990968E1
:1031F00002F0B0F903E001208DF80B00FFE704991D
:10320000012081F83D00FFE70499002081F83C008F
:10321000FFE79DF80B008DF81700FFE79DF81700FA
:1032200006B080BD80B586B004900391049820B9A3
:10323000FFE701208DF8170088E0049890F83D0022
:1032400040B9FFE70499002081F83C00049800F0A1
:1032500081F8FFE70499022081F83D000498016895
:10326000886844F2070290438860049951F8040B7F
:1032700002F07EF804980068806802900498006864
:103280008069019004980068006A009003980168C2
:10329000029808430290019840F20331884301905C
:1032A00003998868896940EA0121019808430190DF
:1032B000019840F60C418843019001984FF2F001CB
:1032C000884301900399C868C96940EA01210198BF
:1032D0000843019003990869096A000140EA013135
:1032E000019808430190009820F022000090009877
:1032F00020F08800009003994868496940EA01116C
:103300000098084300900298049909688860019821
:103310000499096888610098049909680862049909
:10332000012081F84600049981F83E00049981F853
:103330003F00049981F84200049981F84300049900
:1033400081F83D0000208DF81700FFE79DF8170079
:1033500006B080BD80B590B00F9000200E900D900B
:103360000C900B900A900F980068B0F1804F5AD1E2
:10337000FFE7FFE70020099043F64000C4F2020097
:10338000016841F001010160006800F0010009904E
:103390000998FFE7FFE70020089043F63000C4F2E9
:1033A0000200016841F001010160006800F00100C5
:1033B00008900898FFE7FFE70020079043F63000E9
:1033C000C4F20200016841F002010160006800F0EF
:1033D000020007900798FFE74FF400400A90022090
:1033E00001900B90002002900C900D900120039012
:1033F0000E900020C4F202000AA90491FEF738F8EA
:10340000019B029A039804994FF0080CCDF828C04C
:103410000B930C920D920E9040F20040C4F2020009
:10342000FEF726F83CE00F98006840F60001C4F271
:103430000001884233D1FFE7FFE70020069043F602
:103440004000C4F20200016841F00401016000681C
:1034500000F0040006900698FFE7FFE700200590C3
:1034600043F63000C4F20200016841F00801016037
:10347000006800F0080005900598FFE74FF4405001
:103480000A9002200B9000210C910D910E9040F6B5
:103490000040C4F202000AA9FDF7EAFFFFE7FFE7D8
:1034A00010B080BD80B58AB00990002008900790C8
:1034B0000690059004900998006840F20041C4F21B
:1034C0000001884221D1FFE7FFE70020039043F687
:1034D0003000C4F20200016841F00201016000689E
:1034E00000F0020003900398FFE7132004900220ED
:1034F0000590002106910791089040F20040C4F227
:10350000020004A9FDF7B4FF55E00998006840F6F1
:103510000041C4F20001884220D1FFE7FFE700200C
:10352000029043F63000C4F20200016841F001014C
:103530000160006800F0010002900298FFE70C2093
:103540000490022005900021069107910890002028
:10355000C4F2020004A9FDF78BFF2BE00998006874
:1035600044F20001C4F20101884222D1FFE7FFE7E3
:103570000020019043F63000C4F20200016841F0DF
:1035800010010160006800F0100001900198FFE751
:1035900060200490022005900020069007900320F0
:1035A000089041F20000C4F2020004A9FDF760FF98
:1035B000FFE7FFE7FFE70AB080BD000080B586B0F7
:1035C00004900391029200208DF80700FFE7049811
:1035D00090F83C00012804D1FFE702208DF8170085
:1035E00089E00499012081F83C00FFE7FFE7029899
:1035F00000900C2800F270800099DFE801F0076D60
:103600006D6D206D6D6D3A6D6D6D530004980068A1
:10361000039901F0B5FF04980168886940F008003B
:10362000886104980168886920F004008861039823
:1036300002690498016888691043886150E0049821
:103640000068039902F012F804980168886940F450
:103650000060886104980168886920F4806088614E
:103660000398026904980168886940EA0220886129
:1036700036E004980068039902F072F80498016833
:10368000C86940F00800C86104980168C86920F062
:103690000400C8610398026904980168C86910436E
:1036A000C8611DE004980068039902F0D3F80498FB
:1036B0000168C86940F40060C86104980168C8697D
:1036C00020F48060C8610398026904980168C869A1
:1036D00040EA0220C86103E001208DF80700FFE7FF
:1036E000FFE70499002081F83C00FFE79DF8070000
:1036F0008DF81700FFE79DF8170006B080BD0000A9
:1037000080B582B00090009820B9FFE701208DF8C5
:1037100007003FE0009890F83D0040B9FFE70099AE
:10372000002081F83C00009800F038F8FFE700998D
:10373000022081F83D00009951F8040B01F018FEB9
:103740000099012081F84600FFE70099012081F8E7
:103750003E00009981F83F00009981F840000099EF
:1037600081F84100FFE7FFE70099012081F842005E
:10377000009981F84300009981F84400009981F88C
:103780004500FFE70099012081F83D0000208DF8F9
:103790000700FFE79DF8070002B080BD81B00090F0
:1037A00001B0704780B582B00090009820B9FFE763
:1037B00001208DF8070040E00098806908B1FFE71C
:1037C00000E0FFE7009890F8410040B9FFE700995A
:1037D000002081F84000009800F034F8FFE70099DD
:1037E000242081F8410000980168C86820F4005046
:1037F000C860009802F01CF900980168086920F47C
:103800009040086100980168486920F02A004861EA
:1038100000980168C86840F40050C8600099002012
:103820004864009A202182F84110009A82F84210E0
:10383000009948638DF80700FFE79DF8070002B084
:1038400080BD000080B590B00F9000200E900D90CC
:103850000C900B900A900F98006844F60041C4F257
:103860000001884232D1FFE7FFE70020099043F6CC
:103870004000C4F20200016841F4002101600068C8
:1038800000F4002009900998FFE7FFE70020089066
:1038900043F63000C4F20200016841F0010101600A
:1038A000006800F0010008900898FFE703200A90E4
:1038B00002210B9100210C910D9008200E90002008
:1038C000C4F202000AA9FDF7D3FDF8E00F980068E2
:1038D00041F20001C4F20101884234D1FFE7FFE761
:1038E0000020079043F64400C4F20200016841F052
:1038F00010010160006800F0100007900798FFE7D2
:10390000FFE70020069043F63000C4F20200016891
:1039100041F001010160006800F001000690069886
:10392000FFE74FF4C0600A9002200B9000200C903B
:1039300003200D9007200E900020C4F202000AA977
:10394000FDF796FDBAE00F98006844F20041C4F21A
:103950000001884234D1FFE7FFE70020059043F6DD
:103960004000C4F20200016841F4003101600068C7
:1039700000F4003005900598FFE7FFE70020049071
:1039800043F63000C4F20200016841F00801016012
:10399000006800F0080004900498FFE760200A9097
:1039A00002200B9000200C9003200D9007200E9019
:1039B00040F60040C4F202000AA9FDF759FD7CE080
:1039C0000F98006844F60001C4F20001884235D126
:1039D000FFE7FFE70020039043F64000C4F2020037
:1039E000016841F480210160006800F480200390A8
:1039F0000398FFE7FFE70020029043F63000C4F28F
:103A00000200016841F008010160006800F0080050
:103A100002900298FFE74FF440700A9002200B904A
:103A200000200C9003200D9007200E9040F60040DF
:103A3000C4F202000AA9FDF71BFD3DE00F980068E3
:103A400041F20041C4F20101884234D1FFE7FFE7AF
:103A50000020019043F64400C4F20200016841F0E6
:103A600020010160006800F0200001900198FFE74C
:103A7000FFE70020009043F63000C4F20200016826
:103A800041F004010160006800F00400009000981B
:103A9000FFE7C0200A9002200B9000200C9003202A
:103AA0000D9008200E9040F60000C4F202000AA912
:103AB000FDF7DEFCFFE7FFE7FFE7FFE7FFE710B0FA
:103AC00080BD000080B58AB008900791ADF81A203B
:103AD000059300200290089890F84100202840F0BB
:103AE0008180FFE7079820B1FFE7BDF81A0020B9F1
:103AF000FFE701208DF8270078E00899002048644E
:103B00000899212081F84100FDF7A6FE0290BDF83A
:103B10001A0008998884BDF81A000899C884089882
:103B20008068B0F5805F09D1FFE70898006928B97F
:103B3000FFE7002004900798039004E007980490A2
:103B400000200390FFE7FFE70898C08C78B3FFE7F9
:103B50000898029B05996A4611608021002202F0B4
:103B600005F840B1FFE70899202081F841000320C3
:103B70008DF827003AE0049858B9FFE703980088C9
:103B80006FF35F200899096848600398023003903A
:103B900008E00498007808990968486004980130A2
:103BA0000490FFE70899C88C0138C884CCE70898CE
:103BB000029B05996A4611604021002201F0D6FF60
:103BC00040B1FFE70899202081F8410003208DF8DB
:103BD00027000BE00899202081F8410000208DF893
:103BE000270003E002208DF82700FFE79DF827005B
:103BF0000AB080BDFFE7FEE780B58EB0ADF83600B5
:103C00000C910B92BDF8360000EE100AB8EE400A97
:103C10009FED3E1A80EE010A8DED0A0A0C9890ED98
:103C2000020A9DED0A1A20EE010A8DED090A0C9890
:103C300090ED000A9DED0A1A20EE010A8DED080AAA
:103C40000C9890ED010A9DED0A1A20EE010A8DED07
:103C5000070A9DED091A0B9890ED020A30EE010A51
:103C600080ED020A9DED080A8DED030A0B9890ED98
:103C7000020A04F0DFFA8DED020A9DED070A8DEDD0
:103C8000010A0B9890ED020A04F02CFA9DED011A3E
:103C90009DED022AB0EE403A9DED030A21EE031A93
:103CA00020EE020A30EE011A0B9890ED010A30EE78
:103CB000010A80ED010A9DED080A8DED060A0B98B8
:103CC00090ED020A04F00EFA8DED050A9DED070A4B
:103CD0008DED040A0B9890ED020A04F0ABFA9DED0D
:103CE000041A9DED052AB0EE403A9DED060A21EE3C
:103CF000031A20EE020A30EE411A0B9890ED000AEA
:103D000030EE010A80ED000A0EB080BD00007A445A
:103D100081B0009000990020C86000990861009966
:103D2000486101B07047000080B58EB00D900C91D5
:103D30000B920B9800680A900B98406809900D98B8
:103D4000006808900D98406807900D98806806906C
:103D50000D98C06805909DED080A9DED071A30EE9C
:103D6000010A9DED061A30EE010A9DED051A30EEAE
:103D7000010A10EE100A04F075FF41EC100B51EC33
:103D8000100B9FED370B53EC102B0193009204F0B6
:103D900015FC41EC100B51EC100B04F0D1FB0C990D
:103DA00008609DED081A9DED070A30EE411A9DED61
:103DB000060A30EE010A9DED051A30EE410A10EEBA
:103DC000100A04F04FFF009A019B41EC100B51ECDC
:103DD000100B04F0F3FB41EC100B51EC100B04F052
:103DE000AFFB0C9948609DED081A9DED070A30EE77
:103DF000410A9DED061A30EE410A9DED051A30EE9E
:103E0000010A10EE100A04F02DFF41EC100B8DEDAD
:103E1000020B9DED0A0A9DED091A30EE010A10EE23
:103E2000100A04F01FFF009A019B41EC100B51ECAB
:103E3000100B04F019FE9DED021B41EC100B51EC30
:103E4000110B53EC102B04F0B9FB41EC100B51ECAF
:103E5000100B04F075FB0C9988600EB080BD00BF9C
:103E6000000000000000104085B002AA0092024647
:103E70000098049280ED010AC0ED000A8DF8071049
:103E80000398049908600298049948609DF8070017
:103E90000499087204990020C86004990861049983
:103EA000486105B07047000086B005900491039208
:103EB0000398006802900398406801900398007A84
:103EC0000146009120B1FFE70098012859D0B1E0E8
:103ED000059890ED002A90ED011A90ED020A31EE5E
:103EE000421A9DED022A9DED013A32EE032A20EEA0
:103EF000020A30EE010A049880ED000A059890ED60
:103F0000002A90ED010A90ED021A30EE020A9DEDB2
:103F1000022A9DED013A32EE032A21EE021A30EE1A
:103F2000410A049880ED010A059890ED002A90ED71
:103F3000010A90ED021A30EE420A9DED022A9DED33
:103F4000013A32EE032A21EE021A30EE410A0498B9
:103F500080ED020A059890ED002A90ED011A90ED8F
:103F6000020A31EE021A9DED022A9DED013A32EE6F
:103F7000032A20EE020A30EE010A049880ED030ABB
:103F800059E0059890ED000A90ED012A90ED021A93
:103F900030EE420A9DED022A9DED013A32EE032AEF
:103FA00021EE021A30EE410A049880ED000A0598CD
:103FB00090ED001A90ED012A90ED020A31EE021AFE
:103FC0009DED022A9DED013A32EE032A20EE020A0F
:103FD00030EE010A049880ED010A059890ED000A80
:103FE00090ED012A90ED021A30EE020A9DED022AB0
:103FF0009DED013A32EE032A21EE021A30EE410A1B
:10400000049880ED020A059890ED001A90ED012ABF
:1040100090ED020A31EE421A9DED022A9DED013A21
:1040200032EE032A20EE020A30EE010A049880EDF7
:10403000030A00E0FFE706B07047000080B586B0D5
:1040400000220092059204920392029240F23020E4
:10405000C2F20000019042F20001C4F201010160CD
:104060004FF48031416082600261027680F8202046
:10407000C2620121C0F600718162C2600121C1618A
:1040800080F830204161FCF761FF18B1FFE7FCF7D1
:104090004DFEFFE70A2002900120039000200490CB
:1040A00040F23020C2F2000002A9FCF743FE18B132
:1040B000FFE7FCF73BFEFFE706B080BD80B586B0AA
:1040C00000220092059204920392029240F278201C
:1040D000C2F20000019042F20011C4F2010101603D
:1040E0004FF48031416082600261027680F82020C6
:1040F000C2620121C0F600718162C2600121C1610A
:1041000080F830204161FCF721FF18B1FFE7FCF790
:104110000DFEFFE70A20029001200390002004908A
:1041200040F27820C2F2000002A9FCF703FE18B1A9
:10413000FFE7FCF7FBFDFFE706B080BD80B582B06E
:1041400040F2C020C2F20000009046F20041C4F2EA
:104150000001016003214160002101918160C16083
:104160004FF4102202614FF4001242610176417651
:104170008176C17601774177FCF7BAFF18B1FFE786
:10418000FCF7D4FDFFE702B080BD000080B582B02F
:1041900040F2E820C2F20000009046F60001C4F2AE
:1041A0000001016003214160002101918160C16033
:1041B0004FF4102202614FF4001242610176417601
:1041C0008176C17601774177FCF792FF18B1FFE75E
:1041D000FCF7ACFDFFE702B080BD000010B588B071
:1041E00048F6E050C0F60000016842688368D0F8E5
:1041F0000CC0D0F810E044690694CDF814E0CDF876
:1042000010C00393029201918069079001A80021D8
:1042100002F05CFA40F22C21C2F20001086008B002
:1042200010BD000080B596B000201590149013903A
:1042300012901190FFE70020109043F63000C4F276
:104240000200016841F010010160006800F01000F8
:1042500010901098FFE7FFE700200F9043F6300022
:10426000C4F20200016841F080010160006800F0C2
:1042700080000F900F98FFE7FFE700200E9043F6B5
:104280003000C4F20200016841F0040101600068DE
:1042900000F004000E900E98FFE7FFE700200D905D
:1042A00043F63000C4F20200016841F001010160F0
:1042B000006800F001000D900D98FFE7FFE7002077
:1042C0000C9043F63000C4F20200016841F0020194
:1042D0000160006800F002000C900C98FFE7FFE717
:1042E00000200B9043F63000C4F20200016841F058
:1042F00008010160006800F008000B900B98FFE7D0
:104300000020C4F2020002901021019100220892C4
:10431000FDF78AFA089A41F20000C4F20200049004
:104320004FF480610391FDF77FFA089A40F2004054
:10433000C4F2020006904FF4A0410591FDF774FA13
:10434000089A40F60040C4F2020009904CF29041F5
:10435000FDF76AFA019A02980899119201220792D0
:1043600012921391149111A90A91FDF781F8DDF8C9
:104370000CC00498079B089A0A99CDF844C0129380
:1043800013921492FDF774F8DDF814C00698079B99
:10439000089A0A99CDF844C0129313921492FDF72B
:1043A00067F8079B089A09980A994FF4444CCDF88E
:1043B00044C0129313921492FDF75AF8089A099880
:1043C0000A990C2311934FF4881312931392FDF75B
:1043D0004FF8079B089A09980A994FF0900CCDF86E
:1043E00044C01293139202221492FDF741F816B0C2
:1043F00080BD000080B582B040F21030C2F20000F3
:10440000019045F20041C4F20001016048F2A06150
:10441000C0F20101416000218160C1604FF480421F
:10442000026141618161C1610162FDF71BFA18B14E
:10443000FFE7FCF77BFCFFE702B080BD80B582B0F0
:1044400040F26430C2F20000019045F60001C4F26F
:104450000001016048F2A061C0F201014160002149
:104460008160C1604FF48042026141618161C1613C
:104470000162FDF7F7F918B1FFE7FCF757FCFFE71A
:1044800002B080BD80B582B040F2B830C2F2000008
:10449000019045F60041C4F20001016048F2A061BC
:1044A000C0F20101416000218160C1604FF480428F
:1044B000026141618161C1610162FDF7D3F918B107
:1044C000FFE7FCF733FCFFE702B080BD80B582B0A8
:1044D00040F6F000C2F20000009043F20001C4F286
:1044E000010101604FF482714160002101918160FE
:1044F000C160016141614FF400728261C16101627A
:10450000416281620A21C162FEF742FB18B1FFE7F6
:10451000FCF70CFCFFE702B080BD000080B582B064
:1045200040F64810C2F20000019043F60001C4F2C8
:10453000000101604FF4827141604FF400418160DD
:104540000021C160016141614FF400728261C1616B
:104550000162416281620A21C162FEF719FB18B152
:10456000FFE7FCF7E3FBFFE702B080BD80B582B058
:1045700040F6A010C2F20000009043F60041C4F2E1
:10458000000101604FF4827141600021019181605E
:10459000C160016141614FF400728261C1610162D9
:1045A000416281620A21C162FEF7F2FA18B1FFE7A7
:1045B000FCF7BCFBFFE702B080BD000080B58EB009
:1045C00005A801902421FBF7DDFE0199002202924B
:1045D0000492039240F6F810C2F200004FF08043BC
:1045E0000360426082604FF0FF33C360026182610A
:1045F0000123059306920793089209920A920B935E
:104600000C920D92FEF70EFE18B1FFE7FCF78EFB41
:10461000FFE700200390049040F6F810C2F200007B
:1046200003A9FEF705FC18B1FFE7FCF77FFBFFE7E6
:104630000EB080BD80B58EB0002100910D910C911F
:104640000B910A91099108910791069105910491A6
:1046500003910291019140F64020C2F2000040F225
:104660000042C4F200020260416081604FF6FF72B6
:10467000C26001618161FEF76DFC18B1FFE7FCF7D4
:1046800055FBFFE74FF480500A9040F64020C2F2FD
:1046900000000AA9FEF704FD18B1FFE7FCF746FB8E
:1046A000FFE740F64020C2F20000FFF729F818B1FA
:1046B000FFE7FCF73BFBFFE700200890099040F67E
:1046C0004020C2F2000008A9FEF7B2FB18B1FFE7D4
:1046D000FCF72CFBFFE7602001900022029203927E
:1046E000059240F64020C2F2000001A9FEF766FFE5
:1046F00018B1FFE7FCF71AFBFFE740F64020C2F2D3
:10470000000001A90822FEF759FF18B1FFE7FCF7E6
:104710000DFBFFE740F64020C2F2000001A90C2289
:10472000FEF74CFF18B1FFE7FCF700FBFFE740F690
:104730004020C2F20000FEF7B5FE0EB080BD0000C2
:1047400080B58EB005A801902421FBF71BFE0199CE
:10475000002202920492039240F68820C2F20000E6
:1047600040F60003C4F200030360426082604FF62B
:10477000FF73C36002618261012305930692079370
:10478000089209920A920B930C920D92FEF74AFD41
:1047900018B1FFE7FCF7CAFAFFE700200390049086
:1047A00040F68820C2F2000003A9FEF741FB18B1D1
:1047B000FFE7FCF7BBFAFFE70EB080BD80B58EB017
:1047C000002100910D910C910B910A910991089192
:1047D000079106910591049103910291019140F690
:1047E000D020C2F2000040F60042C4F20002026093
:1047F000416081604FF0FF32C26001618161FEF76C
:10480000A9FB18B1FFE7FCF791FAFFE74FF48050DE
:104810000A9040F6D020C2F200000AA9FEF740FC40
:1048200018B1FFE7FCF782FAFFE740F6D020C2F2AA
:104830000000FEF765FF18B1FFE7FCF777FAFFE726
:1048400000200890099040F6D020C2F2000008A98C
:10485000FEF7EEFA18B1FFE7FCF768FAFFE7602011
:104860000190002002900390059040F6D020C2F203
:10487000000001A90822FEF7A1FE18B1FFE7FCF72E
:1048800055FAFFE740F6D020C2F2000001A90C2241
:10489000FEF794FE18B1FFE7FCF748FAFFE740F691
:1048A000D020C2F20000FEF7FDFD0EB080BD00007A
:1048B00080B58CB0002100910B910A91099108916B
:1048C000079106910591049103910291019140F69F
:1048D0001830C2F2000044F20002C4F20102026089
:1048E000416081604FF6FF72C26001618161FEF735
:1048F00031FB18B1FFE7FCF719FAFFE74FF48050DE
:10490000089040F61830C2F2000008A9FEF7C8FB74
:1049100018B1FFE7FCF70AFAFFE740F61830C2F2D9
:104920000000FEF7EDFE18B1FFE7FCF7FFF9FFE727
:1049300060200190002202920392059240F6183006
:10494000C2F2000001A9FEF739FE18B1FFE7FCF73B
:10495000EDF9FFE740F61830C2F2000001A9042289
:10496000FEF72CFE18B1FFE7FCF7E0F9FFE740F691
:104970001830C2F20000FEF795FD0CB080BD0000BB
:1049800080B582B040F63840C2F20000019044F693
:104990000041C4F2000101604FF4E13141600021A7
:1049A0008160C16001610C2242618161C161FEF7D9
:1049B000F9FE18B1FFE7FCF7B9F9FFE702B080BDD7
:1049C00080B582B040F66030C2F20000019041F242
:1049D0000001C4F2010101604FF4E13141600021A6
:1049E0008160C16001610C2242618161C161FEF799
:1049F000D9FE18B1FFE7FCF799F9FFE702B080BDD7
:104A000080B582B040F6A830C2F20000019044F2B6
:104A10000041C4F2000101604FF4E1314160002126
:104A20008160C16001610C2242618161C161FEF758
:104A3000B9FE18B1FFE7FCF779F9FFE702B080BDD6
:104A400080B582B040F6F030C2F20000019044F62A
:104A50000001C4F2000101604FF4E1314160002126
:104A60008160C16001610C2242618161C161FEF718
:104A700099FE18B1FFE7FCF759F9FFE702B080BDD6
:104A800080B582B040F68040C2F20000019041F251
:104A90000041C4F2010101604FF4E13141600021A5
:104AA0008160C16001610C2242618161C161FEF7D8
:104AB00079FE18B1FFE7FCF739F9FFE702B080BDD6
:104AC00080B582B040F20C40C2F2000001904FF07D
:104AD000A0410160042101710222C2710021817193
:104AE00042728172C17201738173C173FDF7AEF9B5
:104AF00018B1FFE7FCF71AF9FFE702B080BD00002C
:104B0000FFE7FEE782B00190009102B0704700001D
:104B1000FFE7FEE788B0079006910592079800F03E
:104B2000070004900498C0F10700052803D3FFE7AD
:104B30000420019004E00498C0F107000190FFE711
:104B40000198039004980430062803D8FFE700205A
:104B5000009003E0049803380090FFE7009802906B
:104B600006980399012202FA01F101390840029BDB
:104B7000984005999A40013A1140084308B070479F
:104B800080B584B0039003F0F7F8ADF80A00FFE7B2
:104B900003F0F2F8BDF80A10411AB1F1FF3018BF66
:104BA0000846ADF8080003F0E7F8ADF80A0040F257
:104BB0001420C2F2000001900068BDF80810FBF755
:104BC000A5FD01980068D0F88C21BDF80810904729
:104BD0000A2002F02BFEDBE780B582B0019003F0E3
:104BE000CBF8ADF80200FFE703F0C6F8BDF80210FD
:104BF000411AB1F1FF3018BF0846ADF8000003F0CC
:104C0000BBF8ADF8020040F6B850C2F200000068F0
:104C1000BDF8001000F008F9322002F007FEE3E7CB
:104C200080B584B00390FFE740F21420C2F2000088
:104C3000006840F21821C2F200010968009140F2B8
:104C40001C21C2F200010968019140F22021C2F248
:104C50000001096802919DED000ADDED010A9DED5C
:104C6000021A0121FBF716FF4FF4FA7002F0DEFD85
:104C7000DAE7000080B588B00790069105920493AA
:104C80008DED030ACDED020A8DED011A079946F666
:104C90004120C0F600008866079946F68120C0F6DC
:104CA0000000C8660798D0F868C00699059A049B6A
:104CB0009DED030ADDED020A9DED011AE04708B003
:104CC00080BD0000000000000000000000000000A7
:104CD000EFF30980BFF36F8F154B1A681EF0100FAA
:104CE00008BF20ED108A20E9F04F10602DE909007F
:104CF0004FF0500080F31188BFF34F8FBFF36F8FD9
:104D000002F03CFE4FF0000080F31188BDE809007E
:104D100019680868B0E8F04F1EF0100F08BFB0EC3B
:104D2000108A80F30988BFF36F8F704700BF00BF00
:104D3000BC0D002080B5ACB02B902A912B9800219F
:104D4000019101602B9881802B9A279128912991BC
:104D50002798289BDDF8A4C0C2F81CC0936150615D
:104D60002B98203023912291259124911F911E91FF
:104D7000219120911B911A911D911C919DED220B67
:104D80009DED241B9DED1E2B9DED203B9DED1A4BB3
:104D90009DED1C5BFBF7F6FE01992B9848301791AF
:104DA00016911991189113911291159114910F91D7
:104DB0000E91119110919DED160B9DED181B9DED1F
:104DC000122B9DED143B9DED0E4B9DED105BFBF703
:104DD000D9FE01992B9870300B910A910D910C918D
:104DE000079106910991089103910291059104910F
:104DF0009DED0A0B9DED0C1B9DED062B9DED083BDB
:104E00009DED024B9DED045BFBF7BCFE2A982B99B0
:104E1000C1F898002B989C3000F074F901982B99F8
:104E200081F89D002CB080BD80B594B01390ADF892
:104E30004A10BDF84A201399888810448880139836
:104E4000808800EE100AB8EE400A10EE100A03F057
:104E500009FF41EC100B9FED9E1B53EC112B51EC05
:104E6000100B03F0ABFB41EC100B51EC100B03F0FB
:104E700067FB119013989C3000F04CF9002840F02B
:104E80002581FFE7139890F89D000146089120B115
:104E9000FFE70898012835D016E1139820309DEDE2
:104EA000110AFBF7FBFE8DED0E0A139848309DEDBD
:104EB000110AFBF7F3FE8DED0F0A139870309DED8C
:104EC000110AFBF7EBFE8DED100A1398D0F898004D
:104ED0009DED0E0ADDED0F0A9DED101A0121FBF785
:104EE000D9FD9DED110A139890ED001AB4EE410A18
:104EF000F1EE10FA05DBFFE713989C3000F012F991
:104F0000FFE7E2E09DED110A139890ED001AB4EE70
:104F1000410AF1EE10FA06DDFFE7139890ED000A62
:104F20008DED070A04E09DED110A8DED070AFFE7FC
:104F30009DED070A8DED110A139820309DED110AA1
:104F4000FBF7D6FD139890ED021A30EE010A8DEDB5
:104F50000B0A139848309DED110AFBF7C9FD139811
:104F600090ED031A30EE010A8DED0C0A13987030A3
:104F70009DED110AFBF7BCFD139890ED041A30EE7D
:104F8000010A8DED0D0A1398D0F89800D0F884111D
:104F900001F13C020BA90023FBF7E4FB1398D0F8C6
:104FA0009800D0F884013C300A901398D0F898000B
:104FB000D0F884010C300990139890ED050A0998F7
:104FC00090ED001A30EE410A10EE100A03F04AFE8E
:104FD00041EC100B51EC100B9FED3F0B52EC103BD2
:104FE000D20F62F3DF7141EC100B8DED040B0A98C8
:104FF000006803F037FE9DED041B41EC100B51ECF3
:10500000110B53EC102B03F06DFE00285BD1FFE772
:10501000139890ED060A099890ED011A30EE410AB6
:1050200010EE100A03F01EFE41EC100B51EC100BB9
:105030009FED290B52EC103BD20F62F3DF7141EC74
:10504000100B8DED020B0A98406803F00BFE9DEDEE
:10505000021B41EC100B51EC110B53EC102B03F025
:1050600041FE80BBFFE7139890ED070A099890ED89
:10507000021A30EE410A10EE100A03F0F3FD41EC83
:10508000100B51EC100B9FED140B52EC103BD20F98
:1050900062F3DF7141EC100B8DED000B0A98806814
:1050A00003F0E0FD9DED001B41EC100B51EC110BEA
:1050B00053EC102B03F016FE28B9FFE713989C3031
:1050C00000F030F8FFE700E0FFE7FFE714B080BD35
:1050D0000000000000408F400000000000000000C1
:1050E000074B19680868B0E8F04F80F30988BFF3F0
:1050F0006F8F4FF0000080F31188704700BF00BF32
:10510000BC0D002081B0009000990020087001B013
:105110007047000081B000900098007800F0010016
:1051200001B0704781B0009000990120087001B073
:105130007047000081B0009000990020087001B015
:105140007047000080B582B00190FFE7012001F0B8
:10515000A3FAFBE782B001908DF803109DF80300DD
:10516000019908700199FF204870019966208870A4
:1051700001996B20C870042002B0704710B583B04D
:105180008C46864606980599CDF808E08DF807C04C
:105190008DF80620ADF804308DF803108DF802006C
:1051A0009DF80700029908700299F62048709DF852
:1051B0000600029988709DF805000299C8709DF854
:1051C0000400029908719DF80300029948719DF846
:1051D000020000F001000299887102996B20C871E9
:1051E000082003B010BD000080B586B08446089842
:1051F000CDF814C0049103928DF80B308DED010AA7
:105200008DF8030004980599086003980599486390
:105210009DF80B00059981F8380001980599C8633D
:105220009DF80300059900F0010081F8400006B0E8
:1052300080BD000080B582B0009000980138B0F1C8
:10524000807F03D3FFE70120019019E00098013827
:105250004EF21401CEF2000108604FF0FF300F2132
:1052600001F03CF84EF21801CEF200010020086077
:105270004EF21002CEF20002072111600190FFE70A
:10528000019802B080BD000080B5FCF72FFD02F050
:1052900057FD012803D0FFE702F07CFCFFE780BD4B
:1052A00080B594B008A83021FBF76CF80020079077
:1052B0000690059004900390FFE70020029043F6CB
:1052C0004000C4F20200016841F0805101600068B2
:1052D00000F0805002900298FFE7FFE70020019065
:1052E00047F20000C4F20000016841F4804101600F
:1052F000006800F4804001900198FFE701200890C9
:105300004FF48030099002200E904FF480010F91ED
:105310000C211091A821119112900720139008A838
:10532000FDF7D6F818B1FFE7FBF700FDFFE70F2008
:10533000039002200490002005904FF4A0500690A6
:105340004FF48050079003A80521FCF7F1FE18B137
:10535000FFE7FBF7EBFCFFE714B080BD4EF688518A
:10536000CEF20001086840F4700008607047000049
:1053700083B0029001910298006800900298002189
:10538000C4F20101884225D0FFE70298B0F1804FB6
:1053900020D0FFE7029840F20041C4F200018842A9
:1053A00018D0FFE7029840F60001C4F200018842DD
:1053B00010D0FFE7029840F60041C4F20001884295
:1053C00008D0FFE7029840F20041C4F20101884290
:1053D0000AD1FFE7009820F0700000900198416822
:1053E000009808430090FFE702980021C4F20101F1
:1053F000884255D0FFE70298B0F1804F50D0FFE7C8
:10540000029840F20041C4F20001884248D0FFE710
:10541000029840F60001C4F20001884240D0FFE744
:10542000029840F60041C4F20001884238D0FFE7FC
:10543000029840F20041C4F20101884230D0FFE7F7
:10544000029844F20001C4F20101884228D0FFE72B
:10545000029844F20041C4F20101884220D0FFE7E3
:10546000029844F60001C4F20101884218D0FFE717
:10547000029841F60001C4F20001884210D0FFE713
:10548000029841F60041C4F20001884208D0FFE7CB
:10549000029842F20001C4F2000188420AD1FFE7FB
:1054A000009820F4407000900198C168009808436B
:1054B0000090FFE7009820F08000019949690843B7
:1054C0000090009802990860019880680299C8626B
:1054D000019800680299886202980021C4F20101D3
:1054E000884208D0FFE7029840F20041C4F201016F
:1054F000884205D1FFE70198006902990863FFE738
:1055000002990120486102980069C00730B1FFE7A5
:105510000299086920F001000861FFE703B07047B5
:1055200085B00490039102920193049880680090E2
:10553000009820F47F40009003980299019A41EA74
:105540000221014300980843009000980499886064
:1055500005B0704783B00290019102988068009076
:10556000009820F07000009001980099084340F0E6
:105570000700009000980299886003B0704700000F
:1055800085B0049003910498006A01900499086A18
:1055900020F0010008620498406800900498806937
:1055A0000290029820F070000290029820F0030010
:1055B000029003980168029808430290019820F035
:1055C00002000190039881680198084301900498B3
:1055D0000021C4F20101884208D0FFE7049840F29C
:1055E0000041C4F2010188420ED1FFE7019820F08A
:1055F000080001900398C168019808430190019840
:1056000020F004000190FFE704980021C4F201019A
:10561000884208D0FFE7049840F20041C4F201013B
:10562000884213D1FFE7009820F480700090009822
:1056300020F400700090039841690098084300909E
:1056400003988169009808430090FFE70098049947
:1056500048600298049988610398406804994863F7
:1056600001980499086205B07047000085B0049065
:1056700003910498006A01900499086A20F01000D0
:10568000086204984068009004988069029002982B
:1056900020F4E0400290029820F4407002900398B9
:1056A0000168029840EA01200290019820F0200051
:1056B000019003988168019840EA011001900498D4
:1056C0000021C4F20101884208D0FFE7049840F2AB
:1056D0000041C4F2010188420FD1FFE7019820F098
:1056E000800001900398C168019840EA0110019080
:1056F000019820F040000190FFE704980021C4F2D7
:105700000101884208D0FFE7049840F20041C4F24A
:105710000101884215D1FFE7009820F480600090D5
:10572000009820F40060009003984169009840EAD6
:105730008100009003988169009840EA8100009000
:10574000FFE70098049948600298049988610398DB
:1057500040680499886301980499086205B070470D
:1057600085B0049003910498006A01900499086A36
:1057700020F4807008620498406800900498C06922
:105780000290029820F070000290029820F003002E
:10579000029003980168029808430290019820F44F
:1057A0000070019003988168019840EA01200190FF
:1057B00004980021C4F20101884208D0FFE7049850
:1057C00040F20041C4F2010188420FD1FFE7019885
:1057D00020F4006001900398C168019840EA01201C
:1057E0000190019820F480600190FFE70498002167
:1057F000C4F20101884208D0FFE7049840F200415A
:10580000C4F20101884215D1FFE7009820F48050CE
:105810000090009820F4005000900398416900988F
:1058200040EA0110009003988169009840EA011055
:105830000090FFE700980499486002980499C861B5
:10584000039840680499C86301980499086205B0F8
:105850007047000085B0049003910498006A01909D
:105860000499086A20F48050086204984068009007
:105870000498C0690290029820F4E04002900298D7
:1058800020F44070029003980168029840EA0120D9
:105890000290019820F400500190039881680198CB
:1058A00040EA0130019004980021C4F201018842CD
:1058B00008D0FFE7049840F20041C4F20101884299
:1058C0000BD1FFE7009820F48040009003984169D5
:1058D000009840EA81100090FFE700980499486022
:1058E00002980499C8610398406804990864019873
:1058F0000499086205B0704785B004900391029244
:105900000498006A00900499086A20F00100086277
:10591000049880690190019820F0F00001900299AC
:10592000019840EA01100190009820F00A000090D0
:1059300003990098084300900198049988610098A1
:105940000499086205B0704785B0049003910292F3
:105950000498006A00900499086A20F01000086218
:10596000049880690190019820F470400190029998
:10597000019840EA01300190009820F0A0000090CA
:105980000399009840EA01100090019804998861F9
:1059900000980499086205B07047000084B0039035
:1059A000FFE7FFE70398006850E8030F20F49070CA
:1059B0000290FFE702990398026842E8031000286A
:1059C000F0D1FFE7FFE7FFE7FFE70398006850E843
:1059D000050F20F001000190FFE70199039802688C
:1059E00042E805100028F0D1FFE7FFE70398006BBD
:1059F000012814D1FFE7FFE7FFE70398006850E8AC
:105A0000030F20F010000090FFE700990398026850
:105A100042E803100028F0D1FFE7FFE7FFE7039912
:105A2000202081F8420003990020086304B07047E9
:105A300080B586B0059005980068006920F4405054
:105A4000059A1168D26810430861059988680B6946
:105A50004A69C969184310430843049005980068CF
:105A6000C06849F20C6188430499084305990968A4
:105A7000C86005980068406920F44070059A116874
:105A80009269104348610598006841F20001C4F230
:105A90000101884209D0FFE70598006841F2004102
:105AA000C4F20101884204D1FFE7FCF78BFC0390AC
:105AB00003E0FCF775FC0390FFE70598C069B0F5BB
:105AC000004F29D1FFE703981921A0FB0101059A96
:105AD0001368029353685A00DB0FFAF7DBFB029955
:105AE000864648F21F53C5F2EB13AEFB0320420972
:105AF00010014FF0640C02FB1CEC322202EBCC02D2
:105B0000A2FB0332F82303EA521300EB4300C2F373
:105B100042121044886026E003981921A0FB01017D
:105B2000059A1368019353689A009B0FFAF7B2FB2A
:105B30000199844648F21F52C5F2EB12ACFB0230C9
:105B40004309642003FB10CC322000EB0C10A0FBB7
:105B50000202F02000EA521000EB0310C2F34312DD
:105B600010448860FFE706B080BD000080B586B0B5
:105B7000DDF820C0049003918DF80B200193FFE71E
:105B800004980068006803990840401AB0FA80F051
:105B900040099DF80B1088424DD1FFE7089801306D
:105BA000002847D0FFE7FBF757FE0199401A0899F4
:105BB000884203D8FFE7089820B9FFE703208DF853
:105BC00017003CE004980068C0684007002830D502
:105BD000FFE7039880282CD0FFE70398402828D0BF
:105BE000FFE704980068006800F008010120B0EBAE
:105BF000D10F1DD1FFE7FFE7002000900498006857
:105C00000068009004980068406800900098FFE7E2
:105C10000498FFF7C3FE049908204864FFE704993D
:105C2000002081F84000FFE701208DF8170006E012
:105C3000FFE7FFE7A4E700208DF81700FFE79DF8D6
:105C4000170006B080BD000080B58AB0DDF830C016
:105C5000CDF814C00493039202919DF814108DF8AE
:105C600024100299039A049B0893079206910190CD
:105C70009DF81D00012823D1FFE70199886B20F4CE
:105C8000803088630199C8684FF6BF72CFF6BD7245
:105C90001040C8600199C86820F44010C8609DF8A1
:105CA0002400012806D1FFE70199C86840F480105C
:105CB000C860FFE7019800F033F88DF803001AE0A0
:105CC0000199C86840F04000C860019800F028F8C9
:105CD0008DF803009DF8210030B9FFE70199886B2A
:105CE00040F48030886305E00199886B20F48030AF
:105CF0008863FFE7FFE79DF81A0001280BD1FFE753
:105D00000199886840F0060088600199886840F031
:105D100020008860FFE79DF803000AB080BD000006
:105D200083B0019000200090FFE7009801300090C0
:105D30000098B0F1706F04D9FFE703208DF80B00D5
:105D400026E0FFE701980069C00F0028EDD0FFE7CB
:105D5000002000900199086940F001000861FFE708
:105D60000098013000900098B0F1706F04D9FFE7FF
:105D700003208DF80B000BE0FFE70198006900F0AD
:105D800001000128ECD0FFE700208DF80B00FFE7B1
:105D90009DF80B0003B0704782B00190019800900D
:105DA0000099D1F8000E20F00300C1F8000E009910
:105DB000D1F8040840F00200C1F80408002002B045
:105DC0007047000080B58CB0DDF838C0CDF81CC03D
:105DD0000693059204919DF81C108DF82C100499DF
:105DE000059A069B0A9309920891039000208DF86A
:105DF0000B00039901910090FFE700980E280CD842
:105E0000FFE70398009900EB81010020C1F804012D
:105E1000FFE7009801300090EFE79DF82A00B8B93D
:105E2000FFE70199D1F8040840F00200C1F8040826
:105E30000399886B40F4001088630399886B20F401
:105E4000002088630399886B20F4802088630AE02F
:105E50000399886B20F4001088630399886B40F4E1
:105E600000208863FFE701990020C1F8000E9DF82B
:105E7000250001280FD1FFE79DF8230028B9FFE78F
:105E80000398002100F0E6F904E00398012100F0F6
:105E9000E1F9FFE704E00398032100F0DBF9FFE7F5
:105EA0000398102100F020F920B1FFE701208DF8C0
:105EB0000B00FFE7039800F0DDF820B1FFE70120B9
:105EC0008DF80B00FFE701990020C1F81008019937
:105ED000C1F814080199C1F81C080090FFE7009868
:105EE0009DF8201088423BD2FFE70198009900EB13
:105EF0004110D0F80009C00FB0B1FFE7009848B9D1
:105F0000FFE70198009900EB41114FF00060C1F8E4
:105F1000000908E00198009900EB41114FF0904012
:105F2000C1F80009FFE707E00198009900EB411173
:105F30000020C1F80009FFE70198009900EB41112A
:105F40000020C1F810090198009900EB41114FF6AB
:105F50007F30C1F80809FFE7009801300090BEE7E4
:105F600000200090FFE700989DF8201088423BD267
:105F7000FFE70198009900EB4110D0F8000BC00F2B
:105F8000B0B1FFE7009848B9FFE70198009900EB2E
:105F900041114FF00060C1F8000B08E00198009932
:105FA00000EB41114FF09040C1F8000BFFE707E014
:105FB0000198009900EB41110020C1F8000BFFE7A8
:105FC0000198009900EB41110020C1F8100B0198D5
:105FD000009900EB41114FF67F30C1F8080BFFE745
:105FE000009801300090BEE70199D1F8100820F424
:105FF0008070C1F8100803990020886103996FF040
:10600000804048619DF8220030B9FFE70399886914
:1060100040F010008861FFE70399886943F60002A9
:10602000C8F23C02104388619DF8260030B1FFE7BA
:106030000399886940F008008861FFE79DF82A000D
:10604000012808D1FFE7039988690422C4F20002FD
:1060500010438861FFE79DF80B000CB080BD000085
:1060600081B000900099886820F0010088600020CD
:1060700001B0704783B0019000200090FFE70098C6
:10608000013000900098B0F1706F04D9FFE7032051
:106090008DF80B0024E0FFE701980069C00F00288D
:1060A000EDD0FFE700200090019910200861FFE784
:1060B0000098013000900098B0F1706F04D9FFE7AC
:1060C00003208DF80B000BE0FFE70198006900F05A
:1060D00010001028ECD0FFE700208DF80B00FFE740
:1060E0009DF80B0003B0704784B00290019100202E
:1060F0000090FFE70098013000900098B0F1706FB9
:1061000004D9FFE703208DF80F0026E0FFE702988F
:106110000069C00F0028EDD0FFE700200090019833
:106120008001203002990861FFE70098013000905B
:106130000098B0F1706F04D9FFE703208DF80F00CD
:106140000BE0FFE70298006900F020002028ECD067
:10615000FFE700208DF80F00FFE79DF80F0004B067
:106160007047000081B000900098406900F0010085
:1061700001B0704780B586B004908DF80F100020F4
:1061800002900499C86820F0C040C8609DF80F00D4
:10619000012823D1FFE70499C86840F00050C86087
:1061A000FFE70A20FBF742F902980A300290FFE766
:1061B0000498FFF7D7FF014600200129019007D07E
:1061C000FFE702990020C82938BF01200190FFE7AE
:1061D0000198C0070028E4D1FFE72AE09DF80F00EE
:1061E00010BBFFE70499C86840F08040C860FFE733
:1061F0000A20FBF71BF902980A300290FFE7049887
:10620000FFF7B0FF01460020009039B1FFE7029987
:106210000020C82938BF01200090FFE70098C00780
:106220000028E5D1FFE703E001208DF817000CE01E
:10623000FFE70298C82804D1FFE701208DF8170076
:1062400003E000208DF81700FFE79DF8170006B067
:1062500080BD000083B002908DF807100298009076
:106260009DF807200099D1F800081043C1F80008F4
:10627000002003B070470000FFE7FEE780B584B060
:106280000390ADF80A1000200190FFE70198032861
:1062900019DCFFE70398019950F821000DF10A017C
:1062A000FEF730FC0398019950F8210000F080F8C7
:1062B0000398019900EB810080ED080AFFE701983F
:1062C00001300190E2E704B080BD00004EF60C50B2
:1062D000CEF200000068C0F30220704782B08DF853
:1062E000070000919DF9070000280AD4FFE70098F5
:1062F00000019DF907104EF20042CEF200028854D0
:106300000BE0009800019DF8071001F00F014EF618
:106310001452CEF200028854FFE702B0704700002A
:1063200083B00290029800F0070000904EF60C51E6
:10633000CEF200010868019001984FF6FF0210406C
:1063400001900198009A40EA02200022C0F2FA521D
:10635000104301900198086003B0704782B001902B
:106360008DED000A019890ED000A9DED001AB4EE43
:10637000410AF1EE10FA04DDFFE700980199086088
:10638000FFE7019890ED000A9DED001AB1EE411A69
:10639000B4EE410AF1EE10FA08DAFFE79DED000ACB
:1063A000B1EE400A019880ED000AFFE702B07047A5
:1063B00080B586B0059005980090B0F93A0002F0DB
:1063C000C4FA41EC100B9FED1A1B53EC112B51EC4E
:1063D000100B02F049FB0246009801920A4601990F
:1063E00042EC101B8DED020BC06B02F03BFC9DEDEF
:1063F000021B41EC100B51EC110B53EC102B02F073
:1064000033FB41EC100B51EC100B9FED0B0B53ECDD
:10641000102B02F0D3F841EC100B51EC100B02F0F2
:106420008FF800EE100A06B080BD00BF00BF00BFAD
:106430001F85EB51B81E09400000000000004E40CF
:1064400080B584B0002002900390FBF75DFCFEF75E
:1064500027FFFDF7E7FEFDF771FEFEF737F8FEF7C1
:106460005DF8FDF7EBFDFDF729FEFDF78FFEFDF76B
:10647000C1FFFDF7E3FFFEF705F8FEF777F8FEF73B
:106480009DF8FEF7D7F8FEF75BF9FEF797F9FEF7F0
:106490000FFAFEF775FAFEF793FAFEF7B1FAFEF778
:1064A000CFFAFEF7EDFAFEF70BFB029A40F600403A
:1064B000C4F2020001904FF48041FBF7B5F9019856
:1064C000029A4FF40041FBF7AFF900F007F8FDF72F
:1064D00085FE00F0F5F8FFE7FEE7000080B590B01C
:1064E00040F20400C2F200000690006869460023F2
:1064F0000B930B6040F6F032C2F2000202920221CE
:106500009FED590A8DED030AFEF76EFE029A9DED8E
:10651000030A06980B9940686B461960012304939F
:106520001946FEF761FE029A9DED030A06980B9B41
:10653000806869460B6003210991FEF755FE029AB7
:106540009DED030A049B0698C06869460B60042110
:106550000C91FEF749FE049940F21422C2F20002A7
:10656000089240F28400C2F20000106040F6105021
:10657000C2F20000059040F6C842C2F2000202607A
:1065800040F6B853C2F20003079340F61852C2F225
:1065900000021A6000689FED350AF0EE000AFDF770
:1065A00063FC059A0699089800681268FAF726F8BD
:1065B0000798089900680968FEF7BCFB09980B9BCF
:1065C00040F28002C2F2000269464A60086044F666
:1065D0008130C0F6000048F62361C0F600014FF498
:1065E00016720A9201F0F4FA0A9A0B9B01460C9873
:1065F0000F9140F6145CC2F2000C6946C1F804C069
:10660000086044F62140C0F6000048F63361C0F649
:10661000000101F0DDFA0B9B01460C980E9140F24F
:106620002822C2F2000269464A60086044F6D93066
:10663000C0F6000048F61461C0F600014FF47A720B
:1066400001F0C6FA0D900F98012808D1FFE70E98C7
:10665000012804D1FFE70D98012802D0FFE7FFE7EA
:10666000FEE710B080BD00BF8FC2753D9A99193FFB
:1066700082B0ADF8060000200090BDF90600842825
:1066800007D0FFE7BDF906000099084403300090E9
:10669000FFE7009802B0704780B584B0039003987C
:1066A0000290029818B1FFE70298019002E00120E1
:1066B0000190FFE7019801F0B9F8002004B080BD17
:1066C00080B501F0EBF8002080BD0000B0B590B0BF
:1066D0000E900D910E98406938B3FFE70E988069CF
:1066E00018B3FFE70E980168089141680B910169A2
:1066F00009910D990A91B0F90800FFF7B9FF0899BF
:10670000099A0A9B84460B98DDF838E0DEF81440BD
:10671000DEF81850EE46CEF80850CEF80440CEF819
:1067200000C001F0A5FA0C9020E00E9801680491D9
:1067300041680791018A05910D990691B0F9080009
:10674000FFF796FF0499059A069B84460798EE4644
:106750000CACCEF80440CEF800C001F039FA0128A4
:1067600003D0FFE700200F9003E0FFE70C980F90A5
:10677000FFE70F9810B0B0BD80B588B006908DEDE2
:10678000050ACDED040A0598069908620498069951
:1067900048619DED040A9DED051A30EE410A069808
:1067A00080ED0B0A069890ED150AB5EE400AF1EE61
:1067B00010FA25D0FFE7069890ED0B0AB5EE400AD7
:1067C000F1EE10FA06DDFFE7069890ED0B0A8DED6D
:1067D000030A07E0069890ED0B0AB1EE400A8DED32
:1067E000030AFFE79DED030A069890ED151AB4EE33
:1067F000410AF1EE10FA03DDFFE7002007901AE1ED
:10680000069890ED160AB5EE400AF1EE10FA25D082
:10681000FFE7069890ED0B0AB5EE400AF1EE10FA8C
:1068200006DDFFE7069890ED0B0A8DED020A07E002
:10683000069890ED0B0AB1EE400A8DED020AFFE7D3
:106840009DED020A069890ED161AB4EE410AF1EE9B
:1068500010FA03DAFFE700200790ECE00698C06D1D
:10686000032846D1FFE7069890ED000A90ED0B1A39
:1068700020EE010A80ED0C0A069890ED010A90EDD9
:106880000B2A90ED0D1A20EE020A30EE010A80ED7F
:106890000D0A069890ED020A90ED0A2A90ED0B1A67
:1068A00031EE421A20EE010A80ED0E0A069901F13E
:1068B000340091ED190AB8EE400AFFF74FFD069833
:1068C00090ED0C0A90ED0D2A90ED0E1A30EE020AB2
:1068D00030EE010A80ED0F0A069901F13C0091EDBE
:1068E000180AB8EE400AFFF739FD0699C86B08642C
:1068F00063E00698C06D04285ED1FFE7069890ED2E
:10690000000A90ED0A2A90ED0B1A31EE421A20EEA1
:10691000010A80ED0C0A069890ED010A90ED0B1A21
:1069200020EE010A80ED0D0A069890ED020A90ED26
:10693000092A90ED0A3A90ED0B1A33EE033A31EE44
:10694000431A31EE021A20EE010A80ED0E0A069972
:1069500001F1340091ED190AB8EE400AFFF7FEFC90
:10696000069890ED0C0A90ED0D2A90ED0E1A30EE7F
:10697000020A30EE010A80ED110A069901F1440085
:1069800091ED190AB8EE400AFFF7E8FC069890ED81
:10699000111A90ED130A30EE010A80ED120A0699E1
:1069A00001F1480091ED180AB8EE400AFFF7D6FC55
:1069B0000699886CC864FFE7FFE70699886A486211
:1069C0000699C86A88620699C86988610699086A42
:1069D000C86106990869C8600699486908610698FF
:1069E000C06D032806D1FFE7069890ED0F0A8DEDE4
:1069F000010A05E0069890ED120A8DED010AFFE705
:106A00009DED010A069880ED140A0698C06D0328D2
:106A100006D1FFE7069890ED0F0A8DED000A05E01C
:106A2000069890ED120A8DED000AFFE79DED000A31
:106A30008DED070AFFE79DED070A08B080BD000055
:106A400087B006900591049203938DED020ACDED77
:106A5000010A8DED001A0398069948660498069974
:106A6000086605980699C865029806990860019815
:106A70000699486000980699886007B07047000042
:106A800084B003908DED020ACDED010A8DED001A60
:106A90000298039908600198039948600098039947
:106AA000886004B07047000080B584B00390029104
:106AB00044F6C060C2F200000068009040F6BC508E
:106AC000C2F200000068043000F01CFD88B9FFE746
:106AD00040F6BC50C2F200000068C16A012000FA12
:106AE00001F244F6D431C2F2000108689043086014
:106AF00000E0FFE70398013080B9FFE7029868B132
:106B0000FFE740F6BC50C2F200000068011D44F6E9
:106B10009860C2F2000000F085FD3DE00098039906
:106B200008440190019840F6BC51C2F20001096886
:106B300048600198009988420ED2FFE740F6C8509D
:106B4000C2F20000006840F6BC51C2F200010968C0
:106B5000043100F031FD1EE040F6C050C2F20000EA
:106B6000006840F6BC51C2F200010968043100F02F
:106B700023FD019844F66461C2F20001096888426D
:106B800007D2FFE7019844F66461C2F20001086091
:106B900000E0FFE7FFE7FFE704B080BD80B582B00B
:106BA000019000F067FD44F6C431C2F200010868AC
:106BB0000130086040F6BC50C2F20000006898B98D
:106BC000FFE7019840F6BC51C2F20001086044F6AC
:106BD000C430C2F200000068012803D1FFE700F0D2
:106BE000C7F900E0FFE71CE044F68C60C2F2000049
:106BF0000068A0B9FFE740F6BC50C2F20000006890
:106C0000C06A0199C96A884207D8FFE7019840F62F
:106C1000BC51C2F20001086000E0FFE700E0FFE7BE
:106C2000FFE744F6D031C2F2000108680130086085
:106C30000198C16A012000FA01F244F6D431C2F28F
:106C400000010868104308600199C86A00EB8002DF
:106C500040F6CC50C2F2000000EB8200043100F09C
:106C6000E1FC00F033FD44F68C60C2F200000068E5
:106C7000C8B1FFE740F6BC50C2F200000068C06A2D
:106C80000199C96A88420CD2FFE74EF60451CEF250
:106C900000014FF080500860BFF34F8FBFF36F8F3C
:106CA00000E0FFE700E0FFE702B080BD80B582B002
:106CB000FFE744F6C830C2F20000006808B3FFE7FF
:106CC00000F0D8FC44F6AC60C2F20000C068C068B6
:106CD00001900198043000F015FC44F6C431C2F272
:106CE000000108680138086044F6C831C2F20001AA
:106CF00008680138086000F0E9FC019800F004F829
:106D0000D7E702B080BD000080B582B00090009847
:106D100090F8510040B9FFE70098006B00F0FCFCD0
:106D2000009800F0F9FC1CE0009890F85100012850
:106D300004D1FFE7009800F0EFFC11E0009890F814
:106D4000510002280BD0FFE74FF0500080F311886C
:106D5000BFF36F8FBFF34F8F0190FFE7FEE7FFE7B1
:106D6000FFE702B080BD000084B04FF47050009087
:106D700040F6B870C2F2000001909DF80400400790
:106D800088B1FFE7019807300190019820F00700D3
:106D90000190019A40F6B871C2F200010098891A78
:106DA00008440090FFE701980290029944F6906031
:106DB000C2F200000160002141600298009A104474
:106DC0000190019808380190019820F00700019087
:106DD000019A40F6C450C2F200000260026851609D
:106DE00002681160029903910199039A891A51600E
:106DF0000068039908600398406844F66061C2F235
:106E0000000108600398406844F60441C2F20001A2
:106E1000086044F6D831C2F200014FF0004008602B
:106E200004B0704780B582B00190FFE7FFF73EFFE6
:106E300040F6CC50C2F20000006802280CD3FFE7F5
:106E40004EF60451CEF200014FF080500860BFF3BF
:106E50004F8FBFF36F8F00E0FFE7E7E780B588B0A3
:106E6000DDF834C0DDF830C0DDF82CC0DDF828C016
:106E700006900591049203930C98006B049900EB23
:106E8000810004380290029820F0070002909DF8DB
:106E90000800400758B1FFE74FF0500080F3118819
:106EA000BFF36F8FBFF34F8F0790FFE7FEE70598A3
:106EB000F8B1FFE700200190FFE701980F2813D8F1
:106EC000FFE70598019A805C0C99114481F8340021
:106ED00005980199405C08B9FFE705E0FFE7FFE787
:106EE000019801300190E8E70C99002081F84300F7
:106EF00004E00C99002081F83400FFE70A98072885
:106F000003D3FFE706200A9000E0FFE70A980C99F8
:106F1000C8620A980C9948640C9900200090886413
:106F20000C98043000F040FB0C98183000F03CFB4B
:106F300000980C9909610A99C1F107010C9A9161B5
:106F40000C9949620C99C8640C9981F85000029818
:106F50000699039A00F00CFA0C9908600B9820B17E
:106F6000FFE70C980B99086000E0FFE708B080BDD0
:106F700080B584B000200390FFE70398062810D85E
:106F8000FFE7039800EB800140F6CC50C2F200000E
:106F900000EB810000F0F0FAFFE703980130039066
:106FA000EBE744F6DC30C2F20000019000F0E4FAB6
:106FB00044F6F030C2F20000029000F0DDFA44F630
:106FC0007860C2F2000000F0D7FA44F6AC60C2F27A
:106FD000000000F0D1FA44F69860C2F2000000F020
:106FE000CBFA0199029840F6C052C2F20002116039
:106FF00040F6C851C2F20001086004B080BD000034
:1070000083B0029044F69060C2F200000190FFE766
:10701000019800680299884205D2FFE7FFE70198CE
:1070200000680190F4E70198009000980199496880
:1070300008440299884209D1FFE702984268019901
:107040004868104448600198029000E0FFE7029809
:10705000009000980299496808440199096888429B
:1070600020D1FFE70198006840F6C451C2F2000148
:10707000096888420DD0FFE70198006842680299CC
:1070800048681044486001980068006802990860E8
:1070900007E040F6C450C2F20000006802990860A0
:1070A000FFE704E00198006802990860FFE7019893
:1070B0000299884204D0FFE702980199086000E035
:1070C000FFE703B07047000008480068006880F3DD
:1070D00008884FF0000080F3148862B661B6BFF3F1
:1070E0004F8FBFF36F8F00DF00BF000008ED00E09F
:1070F00081B040F6C050C2F200000068006840B99C
:10710000FFE744F66461C2F200014FF0FF3008600F
:107110000FE040F6C050C2F200000068C068C068CE
:1071200000900098406844F66461C2F20001086073
:10713000FFE701B07047000083B00020009040F2EC
:107140001C00C2F200000068013058B1FFE74FF0A8
:10715000500080F31188BFF36F8FBFF34F8F029001
:10716000FFE7FEE74FF0500080F31188BFF36F8F09
:10717000BFF34F8F0190FFE7009808B9FFE7FBE7E7
:1071800003B0704780B58AB006900020029000F0EE
:10719000EDFB40F6C450C2F20000006818B9FFE7EA
:1071A000FFF7E2FD00E0FFE7069844F6D831C2F2AF
:1071B00000010968084240F0C580FFE7069800B367
:1071C000FFE70698083006909DF818004007B0B118
:1071D000FFE7069820F00700083006909DF8180099
:1071E000400758B1FFE74FF0500080F31188BFF31C
:1071F0006F8FBFF34F8F0990FFE7FEE700E0FFE7D7
:1072000000E0FFE70698002800F09A80FFE7069864
:1072100044F60441C2F200010968884200F29080FD
:10722000FFE744F69060C2F2000004900068059009
:10723000FFE705984168069A00209142019007D225
:10724000FFE705980068002818BF01200190FFE7BC
:107250000198C00730B1FFE70598049005980068D1
:107260000590E6E7059840F6C451C2F200010968AE
:10727000884263D0FFE704980068083002900598C0
:10728000006804990860059840680699401A11281A
:1072900021D3FFE705980699084403909DF80C0058
:1072A000400758B1FFE74FF0500080F31188BFF35B
:1072B0006F8FBFF34F8F0890FFE7FEE70598406898
:1072C0000699401A03994860069805994860039802
:1072D000FFF796FE00E0FFE70598426844F6044099
:1072E000C2F200000168891A0160006844F660611A
:1072F000C2F20001096888420BD2FFE744F604405D
:10730000C2F20000006844F66061C2F20001086049
:1073100000E0FFE744F6D830C2F2000002680599A9
:1073200048681043486005990020086044F66C6185
:10733000C2F2000108680130086000E0FFE700E0E9
:10734000FFE700E0FFE700F0FDFD9DF808004007C3
:1073500058B1FFE74FF0500080F31188BFF36F8FF3
:10736000BFF34F8F0790FFE7FEE702980AB080BD9A
:1073700083B0029001910092029804380290029921
:107380004FF080700860029804380290019820F055
:10739000010002990860029804380290029947F2AD
:1073A0003910C0F600000860029814380290009866
:1073B0000299086002980438029002996FF0020066
:1073C0000860029820380290029803B070470000CD
:1073D00080B58AB009908DED080A0898099948622D
:1073E0009DED080A9FED461A20EE010A10EE100AE4
:1073F00001F038FC41EC100B8DED020B0998059063
:10740000C06B01F02FFC41EC100B9FED3B1B53ECCC
:10741000112B51EC100B01F027FB9DED021B41ECF1
:10742000100B51EC110B53EC102B01F0C7F841EC91
:10743000100B51EC100B01F059FA05994887099887
:10744000B0F93A00012813DBFFE7099B03F1410083
:10745000197893F838205B8FEE464FF0000CCEF889
:1074600004C0CEF800C0FDF789FE8DF81F001BE0B8
:10747000099890F93800B0FA80F040090690099B0D
:1074800003F1410019789DF818205B8F5B42EE46AE
:107490004FF0000CCEF804C0CEF800C09BB2FDF750
:1074A0006DFE8DF81F00FFE70999486B41319DF88B
:1074B0001F204FF47A73FCF705FB0120F9F7B6FFA4
:1074C000099890F84000C007A0B1FFE70998413043
:1074D0000021FDF73FFE8DF81F000999486B4131EF
:1074E0009DF81F204FF47A73FCF7ECFA0120F9F7AE
:1074F0009DFFFFE70AB080BD1F85EB51B81E094014
:107500000000704282B001900198006900900198DB
:107510004168806888600199486889684860009877
:1075200040680199884205D1FFE701988068009979
:10753000486000E0FFE701990020086100990868B1
:10754000013808600098006802B0704783B002906C
:1075500001910092029944F60C60C2F200000860AA
:10756000019944F60840C2F20000086000998020AA
:10757000086003B07047000081B00090009901F1ED
:107580000800486000994FF0FF308860009901F1D1
:107590000800C860009901F1080008610099002006
:1075A000086001B07047000081B000900099002091
:1075B000086101B07047000084B003900291029806
:1075C000006800900098013020B9FFE70398006937
:1075D000019010E0039808300190FFE7019840689F
:1075E00000680099884205D8FFE7FFE701984068E6
:1075F0000190F3E7FFE7019840680299486002981C
:1076000041688860019802998860029801994860F1
:10761000039802990861039908680130086004B072
:107620007047000083B0029001910298406800907A
:1076300000980199486000988068019988600198D5
:1076400000998968486001980099886002980199BA
:107650000861029908680130086003B070470000B3
:10766000DFF80C00016841F4700101607047000010
:1076700088ED00E082B04FF0500080F31188BFF336
:107680006F8FBFF34F8F019040F21C00C2F20000D9
:107690000168013101600068012814D1FFE74EF64E
:1076A0000450CEF200000068000658B1FFE74FF02A
:1076B000500080F31188BFF36F8FBFF34F8F00909E
:1076C000FFE7FEE7FFE702B07047000082B040F23C
:1076D0001C00C2F20000006858B9FFE74FF05000EC
:1076E00080F31188BFF36F8FBFF34F8F0090FFE7D8
:1076F000FEE740F21C00C2F200000168013901609F
:10770000006830B9FFE700200190019880F31188EC
:10771000FFE702B07047000080B586B00390039881
:107720000290039800285CD0FFE702980838029086
:10773000029801900198406844F6D831C2F20001E5
:10774000096808420BD1FFE74FF0500080F3118821
:10775000BFF36F8FBFF34F8F0590FFE7FEE70198F0
:10776000006858B1FFE74FF0500080F31188BFF375
:107770006F8FBFF34F8F0490FFE7FEE701984068DB
:1077800044F6D831C2F200010968084227D0FFE769
:107790000198006808BBFFE744F6D830C2F2000049
:1077A0000268019948689043486000F0DFF801984A
:1077B000426844F60441C2F20001086810440860BF
:1077C0000198FFF71DFC44F67061C2F200010868E1
:1077D0000130086000F0B6FB00E0FFE700E0FFE7E3
:1077E000FFE706B080BD00004EF21001CEF20001AE
:1077F000002008604EF21802CEF20002106040F243
:107800000000C2F20000006844F6D352C1F26202E6
:10781000A0FB02024FF0FF3000EB92104EF2140278
:10782000CEF20002106007200860704780B584B077
:107830000290002001900298E0B1FFE744F6CC30BE
:10784000C2F20000006858B1FFE74FF0500080F32B
:107850001188BFF36F8FBFF34F8F0390FFE7FEE7F1
:1078600000F084F802980021FFF71EF900F06AFB8F
:10787000019000E0FFE7019860B9FFE74EF6045180
:10788000CEF200014FF080500860BFF34F8FBFF37E
:107890006F8F00E0FFE704B080BD000080B58AB0C4
:1078A000002003900690059006A805A904AAFFF7FA
:1078B0004DFE039B049A0599DDF818C06846C0F890
:1078C00008C04160036046F62560C0F6000048F637
:1078D0004861C0F6000100F0CBF9014644F60860AB
:1078E000C2F200000160006818B1FFE701200790B4
:1078F00002E000200790FFE70798012823D1FFE767
:107900004FF0500080F31188BFF36F8FBFF34F8F9C
:10791000099044F66461C2F200014FF0FF30086044
:1079200044F68C61C2F200010120086044F6C06197
:10793000C2F200010020086000F080F808B1FFE703
:1079400000E0FFE70FE00798013058B9FFE74FF07C
:10795000500080F31188BFF36F8FBFF34F8F0890F3
:10796000FFE7FEE7FFE70AB080BD000044F6CC3138
:10797000C2F20001086801300860704785B044F623
:10798000CC30C2F20000006838B1FFE744F6C461B1
:10799000C2F20001012008604DE044F6C461C2F269
:1079A00000010020086044F6D430C2F200000068F4
:1079B00004900498B0FA80F08DF80F009DF80F0045
:1079C000C0F11F000190019800EB800140F6CC50FF
:1079D000C2F2000050F8210058B9FFE74FF0500004
:1079E00080F31188BFF36F8FBFF34F8F0290FFE7D3
:1079F000FEE7019800EB800140F6CC50C2F2000097
:107A000000EB810000900099486840684860009948
:107A100048680831884205D1FFE700994868406806
:107A20004860FFE700984068C06840F6BC51C2F269
:107A300000010860FFE705B07047000080B588B01E
:107A40004EF60050CEF2000000684CF27121C4F2F4
:107A50000F1188420BD1FFE74FF0500080F31188DF
:107A6000BFF36F8FBFF34F8F0790FFE7FEE74EF630
:107A70000050CEF2000000684CF27021C4F20F11E9
:107A800088420BD1FFE74FF0500080F31188BFF31D
:107A90006F8FBFF34F8F0690FFE7FEE74EF2004077
:107AA000CEF20000039001780491FF21017000786C
:107AB0008DF80B009DF80B0000F0500044F6B83133
:107AC000C2F20001087044F6BC31C2F20001072086
:107AD0000860FFE79DF80B00000600280DD5FFE7C2
:107AE00044F6BC31C2F200010868013808609DF814
:107AF0000B0040008DF80B00ECE744F6BC30C2F2FE
:107B00000000006803280BD0FFE74FF0500080F31F
:107B10001188BFF36F8FBFF34F8F0590FFE7FEE72C
:107B200044F6BC31C2F2000108680002086008682F
:107B300000F4E060086004984EF20041CEF20001CB
:107B400008704EF62051CEF20001086840F4700033
:107B50000860086840F070400860FFF745FE40F29A
:107B60001C01C2F20001002001900860FFF778FDBF
:107B70004EF63471CEF20001086840F040400860D3
:107B8000FFF7A2FAFFF7FAFEFFF7D6FA019808B05E
:107B900080BD000080B582B04FF0500080F31188A6
:107BA000BFF36F8FBFF34F8F009000F0EFF840B13D
:107BB000FFE74EF60451CEF200014FF0805008600E
:107BC000FFE700200190019880F3118802B080BD8A
:107BD00070B58CB0DDF844C0DDF840C00B900A9160
:107BE000ADF826200893BDF826008000FFF7CAFAFA
:107BF0000590059880B1FFE75420FFF7C3FA07907E
:107C0000079820B1FFE705980799086303E00598F6
:107C1000FFF782FDFFE702E000200790FFE70798EB
:107C2000F0B1FFE70798002680F851600B980A9999
:107C3000BDF82620089BDDF840C0119C079DEE464C
:107C4000CEF80C60CEF80850CEF80440CEF800C054
:107C5000FFF704F90798FEF7A1FF0120069003E063
:107C60004FF0FF300690FFE706980CB070BD0000A3
:107C7000B0B58EB0DDF850C0DDF84CC0DDF848C0BE
:107C80000A90099108920793139858B9FFE74FF0AB
:107C9000500080F31188BFF36F8FBFF34F8F0D90AB
:107CA000FFE7FEE7149858B9FFE74FF0500080F364
:107CB0001188BFF36F8FBFF34F8F0C90FFE7FEE784
:107CC00054200490049854280BD0FFE74FF0500044
:107CD00080F31188BFF36F8FBFF34F8F0B90FFE7D7
:107CE000FEE70498149820B3FFE7139808B3FFE762
:107CF000149806901398069908630699022081F853
:107D000051000A980999089A079BDDF848C0069C1B
:107D1000EE460025CEF80C50CEF8084005ACCEF863
:107D20000440CEF800C0FFF799F80698FEF736FF3A
:107D300002E000200590FFE705980EB0B0BD0000FE
:107D400081B044F68C60C2F20000006818B9FFE709
:107D5000012000900DE044F6CC30C2F20000006833
:107D600018B9FFE70220009002E000200090FFE732
:107D7000FFE7009801B0704781B044F6C060C2F2DE
:107D8000000000680090009801B0704780B586B090
:107D90000020029044F6CC30C2F2000000680028B7
:107DA00040F0C580FFE744F6C061C2F200010868F8
:107DB0000130019001980860019858BBFFE740F638
:107DC000C050C2F200000068006858B1FFE74FF0F1
:107DD000500080F31188BFF36F8FBFF34F8F059072
:107DE000FFE7FEE740F6C052C2F2000210680090C2
:107DF00040F6C851C2F2000108681060009808609F
:107E000044F66861C2F20001086801300860FFF7BB
:107E10006FF900E0FFE7019844F66461C2F20001E7
:107E20000968884262D3FFE7FFE740F6C050C2F21C
:107E300000000068006840B9FFE744F66461C2F2E0
:107E400000014FF0FF3008604FE040F6C050C2F232
:107E500000000068C068C0680490049840680390FF
:107E600001980399884207D2FFE7039844F66461BA
:107E7000C2F20001086038E0FFE704980430FFF721
:107E800041FB0498806A28B1FFE704981830FFF797
:107E900039FB00E0FFE70498C16A012000FA01F213
:107EA00044F6D431C2F20001086810430860049916
:107EB000C86A00EB800240F6CC50C2F2000000EB32
:107EC00082000431FFF7AEFB0498C06A40F6BC5153
:107ED000C2F200010968C96A884203D3FFE70120A2
:107EE000029000E0FFE7FFE79FE7FFE740F6BC50A6
:107EF000C2F200000068C06A00EB800140F6CC507E
:107F0000C2F2000050F82100022803D3FFE701204D
:107F1000029000E0FFE744F6C460C2F2000000688F
:107F200018B1FFE70120029000E0FFE707E044F608
:107F30007461C2F20001086801300860FFE702982E
:107F400006B080BD80B584B000200290019044F658
:107F5000CC30C2F20000006858B9FFE74FF0500083
:107F600080F31188BFF36F8FBFF34F8F0390FFE74C
:107F7000FEE7FFF77FFB44F6CC30C2F20000016859
:107F8000013901600068002840F09280FFE744F664
:107F9000C430C2F200000068002800F08880FFE7CB
:107FA000FFE744F67860C2F200000068E0B3FFE744
:107FB00044F67860C2F20000C068C068029002987F
:107FC0001830FFF79FFA02980430FFF79BFA0298E7
:107FD000C16A012000FA01F244F6D431C2F2000174
:107FE0000868104308600299C86A00EB800240F6F6
:107FF000CC50C2F2000000EB82000431FFF712FB0C
:108000000298C06A40F6BC51C2F200010968C96A10
:10801000884207D3FFE744F6C461C2F200010120A1
:10802000086000E0FFE7BCE7029818B1FFE7FFF740
:108030005FF8FFE744F67460C2F200000068009049
:108040000098E0B1FFE7FFE7FFF7A0FE38B1FFE7D8
:1080500044F6C461C2F200010120086000E0FFE7BD
:10806000009801380090FFE700980028ECD1FFE766
:1080700044F67461C2F200010020086000E0FFE7EE
:1080800044F6C460C2F20000006870B1FFE701204E
:1080900001904EF60451CEF200014FF0805008607E
:1080A000BFF34F8FBFF36F8F00E0FFE7FFE700E004
:1080B000FFE7FFF70BFB019804B080BD4100080209
:1080C00018BF04200A0E18BF40F001004FF07F4295
:1080D00032EA010108BF40F00200012808BF052074
:1080E0007047000010EE101A08B5444A6846B2EB1B
:1080F000410F28D94FF0E640B0EB410F94BF00206C
:108100004FF0FF3000900098002861DB60EE000A1D
:1081100010F0010F45D010F0020FDFED391A9FED7E
:10812000391A00EEA11ADFED381A40EE811A21EE5D
:10813000A01AF0EE400A40EE010A08BFF1EE600A14
:10814000B0EE600A08BD314B21F0004293423CD9A9
:1081500011F0004FDFED2E0A20EE201ADFED2D0A80
:1081600019BF31EE601A71EE200A31EE201A71EE5D
:10817000600ABDEEE01A11EE100A9FED271A00F01A
:10818000030000EEC10A9FED251A009000EEC10A1F
:108190009FED231A00EEC10A9FED221A00EEC10ADC
:1081A000B1E79FED211A9FED210A10F0020F00EEBA
:1081B000810A9FED1F1A00EE801AB7EE000A00EE4A
:1081C000810A18BFB1EE400A08BD00F00FF99AE726
:1081D00010EE100A4000B0F17F4F3CBFB7EE000A2E
:1081E00008BD07D14FF00100F8F7FBF8BDE80840E3
:1081F00000F0ECB8BDE8084000F0E4B8B61F927E8D
:10820000336D4CB9DA82083CA0AA2ABE490E494611
:1082100083F9223F0000004B0000C93F00A0FD3958
:108220000020A2331A61342CB93AB2BACA9F2A3D4F
:10823000DDFFFFBE00B510EE101A2DED028B81B0F0
:10824000524A6846B2EB410F2ED94FF0E640B0EBF0
:10825000410F94BF00204FF0FF3000900098B0EE27
:10826000408A00286ADB10F0010F4BD068EE080A44
:108270009FED471A9FED470A00EE810A9FED461ACF
:1082800010F0020F00EE801AB7EE000A00EE810A2D
:1082900002BF01B0BDEC028B00BD00BF01B0B1EE6A
:1082A000400ABDEC028B00BD3C4B21F000429342E2
:1082B00041D911F0004FDFED3A0A20EE201ADFED30
:1082C000390A19BF31EE601A71EE200A31EE201A18
:1082D00071EE600ABDEEE01A11EE100A9FED321A3F
:1082E00000F0030000EEC10A9FED301A009000EE8E
:1082F000C10A9FED2F1A00EEC10A9FED2E1A00EE63
:10830000C10AABE728EE080A9FED2B1ADFED2B0A16
:1083100010F0020F40EE010A9FED291A00EE201A1C
:1083200061EE000AB0EE480A08EE200AB6D101B0AC
:10833000BDEC028B00BD00F059F88FE718EE100A73
:108340004000B0F17F4F0DD218EE100AFFF7B6FED5
:10835000042808BF00F042F8B0EE480A01B0BDECB6
:10836000028B00BD09D10120F8F73BF801B0BDEC4C
:10837000028B5DF804EB00F029B801B0B0EE480ABA
:10838000BDEC028B5DF804EB00F01CB8B61F927ECA
:10839000B93AB2BACA9F2A3DDDFFFFBE490E49462F
:1083A00083F9223F0000004B0000C93F00A0FD39C7
:1083B0000020A2331A61342C336D4CB9DA82083CA8
:1083C000A0AA2ABE30EE000A70470000DFED020AC4
:1083D00080EEA00A70470000000000009FED020A36
:1083E00020EE000A70470000000000102DE9F001A7
:1083F0004FF07F42B2EB410F9FBF4FF0FF31016062
:10840000BDE8F00170474FF0004242EA0123C1F39A
:10841000C752783A551112F01F0C434CCCF120068C
:108420007C44C1F3C752A2F178024FEA621204EB16
:10843000820254F8254008BFD2E9015612D055688F
:1084400004FA0CF425FA06F73C43976805FA0CF594
:1084500027FA06F8D26807FA0CFCF24045EA08054C
:108460004CEA0206A4FB034CA5FB0352A6FB0363E4
:108470001D449D4234BF012600261319334416B112
:10848000934202D903E0934201D2012200E000228C
:10849000624402F1200C9206DC0C42EA443200EE07
:1084A000102A5B03DFED210AF8EEC01A00EE103A45
:1084B0004FEA9C1C11F0004FB8EE400AC0F800C013
:1084C00020EE201A00EE105ADFED190AB8EE400A2D
:1084D00020EE200A71EE810A70EE800A10EE902ADA
:1084E00002F500626FF30B0200EE902A70EEE11AC3
:1084F00031EEC11ADFED101A30EE411A9FED0D0A70
:1085000020EE800A01EE210A9FED0C1A00EE810A8E
:1085100004BFBDE8F0017047CCF180510160BDE8B7
:10852000F001B1EE400A70479C09000000000036DF
:108530000000802C22AAFD29DB0FC92F0000C92FC3
:1085400021F0004201F00043A2F16052B2F5801F19
:1085500028BFD2F17F6C0BD95FEA001C43EAC2024C
:1085600042EB507018BF704728BF20F001007047E1
:10857000B2F5801FBCBF184670474FEA410C1CF58E
:10858000001F02D2084600F015BC70B500F016FBC3
:1085900000000089FFF7F6BF4FF00040A0F5800013
:1085A0007047491058BFC1F140415B1058BFC3F13B
:1085B00040438B42EFF30080704700002DE9C0413B
:1085C00030B4DFF8A8C23CEA111418BF3CEA131417
:1085D00000F0F0801CEA111481EA030544EAD57426
:1085E00018BF1CEA131500F0CB80A4EB050404F1BE
:1085F0007F7404F500344FF0004545EAC12145EA97
:10860000C32341EA505143EA52534FEAC0204FEA94
:10861000C222994208BF904200F0A0804FEA136541
:108620000FF24816765D4FEA134506FB05F7C7F1D2
:10863000807706FB07F74FEAD737A7FB0368764238
:10864000A7FB06CEC8F5803838BFA8F1010807FBA4
:1086500008E6A6FB028C4FF0000EE6FB03CED8F135
:1086600000086FEA0C0C5CF1000C6FEA0E0E4EF184
:10867000004EA6FB0C584FF00007E6FB0E87A1FB4F
:1086800008C6A0FB07CE16EB0E064FF0000545F11D
:108690000005E1FB076515F1E04E7EBFA4F58034CF
:1086A0005FEA46066D4116F1800745F100054FEA85
:1086B000172747EA05674FEA15254FEA0666A6F130
:1086C000DE46B6F1805F20D9384605EBC47124F050
:1086D000010C01EB0C11BCF1FE6F02D8F0BCBDE83F
:1086E000008124425CBF01F5801E9EEAC47F02D453
:1086F000F0BCBDE80081244200F13980A1F1C04105
:10870000F0BCBDE8004100F0A7BA4FEAD02040EA33
:1087100041504FEAD1214FEAD22242EA43524FEA76
:10872000D323A7FB028607FB036605FB02661EEA4E
:108730000E0F58BFA6EB0056B6EB00564FEA520E8E
:108740004EEAC37E18EB0E0E56EB530EBCD518EB5B
:1087500002085E417F1C55F10005B5E74FF4801516
:108760004FF000074FF000064FF00008ACE701F1B2
:10877000C04101F000414FF00000F0BCBDE80081B5
:108780000CEA131511EA0C1F00D00CE013EA0C1FC1
:1087900000F025804FF0000081EA030101F0004164
:1087A000F0BCBDE80081F0BCBDE8004181EA0301F6
:1087B00000F052BAF0BCBDE8004170B500F0FEF91F
:1087C000097EFC3E00F007B84FF0000081EA03018B
:1087D00001F00041704781EA030100F03DBAF0BCAE
:1087E000BDE8004122494FF000007047FFFDFBF952
:1087F000F7F5F4F2F0EEEDEBE9E8E6E4E3E1E0DED4
:10880000DDDBDAD8D7D5D4D3D1D0CFCDCCCBCAC845
:10881000C7C6C5C4C2C1C0BFBEBDBCBBBAB9B8B76C
:10882000B6B5B4B3B2B1B0AFAEADACABAAA9A8A85F
:10883000A7A6A5A4A3A3A2A1A09F9F9E9D9C9C9B2D
:108840009A999998979796959594939392919190D8
:108850008F8F8E8E8D8C8C8B8B8A89898888878769
:108860008685858484838382828181800000FF07DE
:108870000000F87F51EA030C17D41CF5801F58BF85
:10888000BCF5801F00F10680994218BF704708BFF1
:108890009042704707D711F5801F58BF13F5801F0E
:1088A00019D499427047894270471CF5801F08D53A
:1088B000BCF5801FF7D58B4218BF704708BF8242B6
:1088C00070474FF4001C1CEB410F38BF1CEB430FEB
:1088D00001D28B42704770B500F070F992244900C4
:1088E0004FF000514FF08053FFF75BBE4FEA41035A
:1088F0004FEA5353A3F58063D3F11E03C8BFD3F1EE
:10890000210C0CDD4FF0004242EAC12242EA5052F3
:1089100032FA03FC8CEAE17CACEBE1707047102B7F
:10892000C4BF0020704703F5787CBCF1FF3F04D042
:108930006FF0004282EA2100704770B500F03EF906
:108940004992248000207047F2E710F0004248BFAF
:108950004042B0FA80F310FA03F10AD0C3F11D03CC
:1089600003F5806302EB03524FEA415002EBD12141
:1089700070474FF00000704751EA030C17D41CF504
:10898000801F58BFBCF5801F00F10680994218BFB8
:10899000704708BF9042704707D711F5801F58BF36
:1089A00013F5801F19D499427047894270471CF50E
:1089B000801F08D5BCF5801FF7D58B4218BF7047C4
:1089C00008BF824270474FF4001C1CEB410F38BFB8
:1089D0001CEB430F01D28B42704770B500F0EEF8EC
:1089E000922449004FF080514FF00053FFF7D9BD5A
:1089F00051EA030C17D41CF5801F58BFBCF5801F2B
:108A000000F10680994218BF704708BF9042704736
:108A100007D711F5801F58BF13F5801F19D499424D
:108A20007047894270471CF5801F08D5BCF5801F30
:108A3000F7D58B4218BF704708BF824270474FF48A
:108A4000001C1CEB410F38BF1CEB430F01D28B42C3
:108A5000704770B500F0B2F8922449004FF0005111
:108A60004FF08053FFF79DBD70B5DFF848C11CEA99
:108A7000111E1EBF1CEA13159EEA0C0F95EA0C0F7F
:108A800000F06F8081EA03044EEAD47EAE4421EA0E
:108A90004C1123EA4C1341F4801143F48013AEF1DE
:108AA0007F7EA1FB024CA0FB0365361955EB0C053C
:108AB000A1FB034C4CF10003A0FB021C16EB0C06BF
:108AC000654153F10003094218BF46F0010613F453
:108AD000007F0BD14FEA03314FEA053041EA1551CF
:108AE00040EA165034036FF003020AE04FEAC32154
:108AF0004FEAC52041EA555140EA5650F4026FF062
:108B0000020202EB2E4201EB025585EACE710AD039
:108B10005FEA440C18BF24F0004450F1000041F11A
:108B2000000120EAD47040F2FE7C624500D270BDA4
:108B3000A84214BF4FF080444FF04044002E08BFBD
:108B40000024BEF1806FA8BFA1F1C041BDE8704014
:108B500080F2828001F1C04101F000414FF000003D
:108B600070470CEA13159EEA0C0F18BF95EA0C0F1C
:108B700006D081EA030E4FF000000EF0004170BDF8
:108B800000F01CF88900013E00F007B800F009B8B9
:108B90004FEA430C5FEA5C5C08D081EA030100F015
:108BA0005BB84FEA410C5FEA5C5CF6D102494FF0DA
:108BB000000070470000FF070000F87F0EF1020E72
:108BC0002EF0030E5EF8046B364205D4012A43EB07
:108BD000030515F5001F12D8012841EB010C1CF507
:108BE000001F0CD80ED14FEAD17C0CEB4C0C0CF1D1
:108BF000020C15F5001F08BF4CEBD37C04E04FF0CE
:108C0000080C01E04FEAD37C0CEB4C0526FA05F684
:108C100006F00706B6F1040C06D20EEB860CBDE892
:108C200070404CF0010C6047DFE80CF0090B0202C9
:108C30004FF00041A1F500214FF0000070BD194632
:108C40001046012851EB010418BFD4F5001484BF6D
:108C5000002001F0004170BD0808A0F500114FEAA6
:108C60003101704743004FEAD30C4FEA3C0C4340BC
:108C70001FBF40070CF1605113F0FE4F70471CF00E
:108C8000006F03D10CF00041002070470CF000434E
:108C900043EA507040EACC0010B500F038F800BF4D
:108CA000000000924FEA0001FFF7D6BF4FF00041ED
:108CB000A1F500214FF00000704710B5FFF7DAFD75
:108CC0000CBF0120002010BD10B5FFF7D3FD14BF6D
:108CD0000120002010BD10B5FFF74EFE8CBF012013
:108CE000002010BD10B5FFF747FE2CBF012000206B
:108CF00010BD10B5FFF77CFE94BF0120002010BD11
:108D000010B5FFF775FE34BF0120002010BD0EF135
:108D1000020E2EF0030E5EF8044B244204D44FEAF8
:108D20004102B2F17F4F11D84FEA4003B3F17F4FB8
:108D30000CD80ED14FEAD07C0CEB4C0C0CF1020C91
:108D4000B2F17F4F08BF4CEBD17C04E04FF0080C30
:108D500001E04FEAD17C0CEB4C0324FA03F404F05D
:108D60000704B4F1040C06D20EEB840CBDE81040ED
:108D70004CF0010C6047DFE80CF0070802024FF0EE
:108D80000040A0F5800010BD0846420018BFD2F197
:108D9000807288BF00F0004010BDF1EE100A4FF65F
:108DA000FF71C0F2C03120EA010040F04070E1EEF6
:108DB000100A7047FF2141EAD050C00570470000FB
:108DC000000000006E83F9A22915444ED15727FCFC
:108DD000C0DD34F5999562DB4190433CAB6351FEB5
:108DE0003C8E000845510008000000000000000013
:108DF00080000000000000000000000000000000F3
:108E0000000000000102030406070809000000003A
:108E100001020304506C616E6E65725F757064616F
:108E2000746500436861737369635F636F6E747226
:108E30006F6C006D61696E5F637070006465666180
:108E4000756C745461736B0049444C45000000001C
:108E5000708E00080000002020000000EC010008D7
:108E6000908E000820000020A86600000C02000878
:108E70000024F400580E0020B00E0020080F00203F
:108E8000600F00200100000010000000AAAAAAAA9A
:040000050800018965
:00000001FF
